event_id,campaign,flight,time,channel,x,y,source
HALO-AC3_RF13_090320,HALO-AC3,RF13,2022-04-04T09:03:31.000000,3,366,260,manual
HALO-AC3_RF13_090320,HALO-AC3,RF13,2022-04-04T09:03:31.000000,3,330,262,manual
HALO-AC3_RF13_090320,HALO-AC3,RF13,2022-04-04T09:03:31.000000,3,349,197,manual
HALO-AC3_RF13_090320,HALO-AC3,RF13,2022-04-04T09:03:31.000000,3,356,183,manual
HALO-AC3_RF13_090320,HALO-AC3,RF13,2022-04-04T09:03:31.000000,3,341,104,manual
HALO-AC3_RF13_090320,HALO-AC3,RF13,2022-04-04T09:03:31.000000,3,337,150,manual
HALO-AC3_RF13_090320,HALO-AC3,RF13,2022-04-04T09:03:31.000000,3,340,51,manual
HALO-AC3_RF13_090320,HALO-AC3,RF13,2022-04-04T09:03:31.000000,3,330,12,manual
HALO-AC3_RF13_090320,HALO-AC3,RF13,2022-04-04T09:03:31.000000,3,334,311,manual
HALO-AC3_RF13_090320,HALO-AC3,RF13,2022-04-04T09:03:31.000000,3,333,345,manual
HALO-AC3_RF13_090320,HALO-AC3,RF13,2022-04-04T09:03:31.000000,3,343,384,manual
HALO-AC3_RF13_090320,HALO-AC3,RF13,2022-04-04T09:03:31.000000,3,362,412,manual
HALO-AC3_RF13_090320,HALO-AC3,RF13,2022-04-04T09:03:31.000000,3,374,440,manual
HALO-AC3_RF13_090320,HALO-AC3,RF13,2022-04-04T09:03:31.000000,3,385,457,manual
HALO-AC3_RF13_090320,HALO-AC3,RF13,2022-04-04T09:03:31.000000,3,388,470,manual
HALO-AC3_RF13_090320,HALO-AC3,RF13,2022-04-04T09:03:31.000000,3,349,234,manual
HALO-AC3_RF13_090320,HALO-AC3,RF13,2022-04-04T09:03:31.000000,3,337,177,manual
HALO-AC3_RF13_090320,HALO-AC3,RF13,2022-04-04T09:03:31.000000,3,334,79,manual
HALO-AC3_RF13_090320,HALO-AC3,RF13,2022-04-04T09:03:31.000000,3,340,29,manual
HALO-AC3_RF13_090320,HALO-AC3,RF13,2022-04-04T09:03:31.000000,3,346,215,manual
HALO-AC3_RF13_090320,HALO-AC3,RF13,2022-04-04T09:03:31.000000,3,344,264,manual
HALO-AC3_RF13_090320,HALO-AC3,RF13,2022-04-04T09:03:31.000000,3,321,286,manual
HALO-AC3_RF13_090320,HALO-AC3,RF13,2022-04-04T09:03:31.000000,3,325,299,manual
HALO-AC3_RF13_090320,HALO-AC3,RF13,2022-04-04T09:03:31.000000,3,339,362,manual
HALO-AC3_RF13_090320,HALO-AC3,RF13,2022-04-04T09:03:31.000000,3,347,404,manual
HALO-AC3_RF03_082512,HALO-AC3,RF03,2022-03-13T08:25:12.000000,3,227,58,manual
HALO-AC3_RF03_082512,HALO-AC3,RF03,2022-03-13T08:25:12.000000,3,182,85,manual
HALO-AC3_RF03_082512,HALO-AC3,RF03,2022-03-13T08:25:12.000000,3,143,111,manual
HALO-AC3_RF03_082512,HALO-AC3,RF03,2022-03-13T08:25:12.000000,3,92,144,manual
HALO-AC3_RF03_082512,HALO-AC3,RF03,2022-03-13T08:25:12.000000,3,450,79,manual
HALO-AC3_RF03_082512,HALO-AC3,RF03,2022-03-13T08:25:12.000000,3,486,94,manual
HALO-AC3_RF03_082512,HALO-AC3,RF03,2022-03-13T08:25:12.000000,3,514,53,manual
HALO-AC3_RF03_082512,HALO-AC3,RF03,2022-03-13T08:25:12.000000,3,540,20,manual
HALO-AC3_RF03_082512,HALO-AC3,RF03,2022-03-13T08:25:12.000000,3,617,398,manual
HALO-AC3_RF03_082512,HALO-AC3,RF03,2022-03-13T08:25:12.000000,3,578,420,manual
HALO-AC3_RF03_082512,HALO-AC3,RF03,2022-03-13T08:25:12.000000,3,545,442,manual
HALO-AC3_RF03_082512,HALO-AC3,RF03,2022-03-13T08:25:12.000000,3,501,474,manual
HALO-AC3_RF03_082512,HALO-AC3,RF03,2022-03-13T08:25:12.000000,3,462,464,manual
HALO-AC3_RF03_082512,HALO-AC3,RF03,2022-03-13T08:25:12.000000,3,430,436,manual
HALO-AC3_RF03_082512,HALO-AC3,RF03,2022-03-13T08:25:12.000000,3,311,435,manual
HALO-AC3_RF03_082512,HALO-AC3,RF03,2022-03-13T08:25:12.000000,3,86,366,manual
HALO-AC3_RF03_082512,HALO-AC3,RF03,2022-03-13T08:25:12.000000,3,41,331,manual
HALO-AC3_RF03_082512,HALO-AC3,RF03,2022-03-13T08:25:12.000000,3,51,174,manual
HALO-AC3_RF03_082703,HALO-AC3,RF03,2022-03-13T08:27:03.000000,3,230,329,manual
HALO-AC3_RF03_082703,HALO-AC3,RF03,2022-03-13T08:27:03.000000,3,203,417,manual
HALO-AC3_RF03_082703,HALO-AC3,RF03,2022-03-13T08:27:03.000000,3,187,458,manual
HALO-AC3_RF03_082703,HALO-AC3,RF03,2022-03-13T08:27:03.000000,3,162,486,manual
HALO-AC3_RF03_082703,HALO-AC3,RF03,2022-03-13T08:27:03.000000,3,408,187,manual
HALO-AC3_RF03_082703,HALO-AC3,RF03,2022-03-13T08:27:03.000000,3,387,155,manual
HALO-AC3_RF03_082703,HALO-AC3,RF03,2022-03-13T08:27:03.000000,3,352,108,manual
HALO-AC3_RF03_082703,HALO-AC3,RF03,2022-03-13T08:27:03.000000,3,333,80,manual
HALO-AC3_RF03_082703,HALO-AC3,RF03,2022-03-13T08:27:03.000000,3,280,61,manual
HALO-AC3_RF03_082703,HALO-AC3,RF03,2022-03-13T08:27:03.000000,3,258,93,manual
HALO-AC3_RF03_163042,HALO-AC3,RF03,2022-03-13T16:30:42.000000,3,139,203,manual
HALO-AC3_RF03_163042,HALO-AC3,RF03,2022-03-13T16:30:42.000000,3,123,224,manual
HALO-AC3_RF03_163042,HALO-AC3,RF03,2022-03-13T16:30:42.000000,3,159,241,manual
HALO-AC3_RF03_163042,HALO-AC3,RF03,2022-03-13T16:30:42.000000,3,176,262,manual
HALO-AC3_RF03_163042,HALO-AC3,RF03,2022-03-13T16:30:42.000000,3,131,258,manual
HALO-AC3_RF03_163042,HALO-AC3,RF03,2022-03-13T16:30:42.000000,3,141,268,manual
HALO-AC3_RF03_163042,HALO-AC3,RF03,2022-03-13T16:30:42.000000,3,156,218,manual
HALO-AC3_RF03_163046,HALO-AC3,RF03,2022-03-13T16:30:46.000000,3,163,175,manual
HALO-AC3_RF03_163046,HALO-AC3,RF03,2022-03-13T16:30:46.000000,3,124,148,manual
HALO-AC3_RF03_163046,HALO-AC3,RF03,2022-03-13T16:30:46.000000,3,132,133,manual
HALO-AC3_RF03_163046,HALO-AC3,RF03,2022-03-13T16:30:46.000000,3,148,153,manual
HALO-AC3_RF03_163046,HALO-AC3,RF03,2022-03-13T16:30:46.000000,3,161,193,manual
HALO-AC3_RF03_163046,HALO-AC3,RF03,2022-03-13T16:30:46.000000,3,245,138,manual
HALO-AC3_RF03_163046,HALO-AC3,RF03,2022-03-13T16:30:46.000000,3,251,156,manual
HALO-AC3_RF03_163046,HALO-AC3,RF03,2022-03-13T16:30:46.000000,3,258,179,manual
HALO-AC3_RF03_163046,HALO-AC3,RF03,2022-03-13T16:30:46.000000,3,263,203,manual
HALO-AC3_RF03_163046,HALO-AC3,RF03,2022-03-13T16:30:46.000000,3,270,230,manual
HALO-AC3_RF03_163046,HALO-AC3,RF03,2022-03-13T16:30:46.000000,3,265,242,manual
HALO-AC3_RF03_163046,HALO-AC3,RF03,2022-03-13T16:30:46.000000,3,230,76,manual
HALO-AC3_RF03_163046,HALO-AC3,RF03,2022-03-13T16:30:46.000000,3,49,234,manual
HALO-AC3_RF03_163046,HALO-AC3,RF03,2022-03-13T16:30:46.000000,3,38,238,manual
HALO-AC3_RF03_163046,HALO-AC3,RF03,2022-03-13T16:30:46.000000,3,73,243,manual
HALO-AC3_RF03_163046,HALO-AC3,RF03,2022-03-13T16:30:46.000000,3,329,302,manual
HALO-AC3_RF03_163046,HALO-AC3,RF03,2022-03-13T16:30:46.000000,3,360,317,manual
HALO-AC3_RF03_163046,HALO-AC3,RF03,2022-03-13T16:30:46.000000,3,404,323,manual
HALO-AC3_RF03_163046,HALO-AC3,RF03,2022-03-13T16:30:46.000000,3,455,315,manual
HALO-AC3_RF03_163046,HALO-AC3,RF03,2022-03-13T16:30:46.000000,3,478,329,manual
HALO-AC3_RF03_163046,HALO-AC3,RF03,2022-03-13T16:30:46.000000,3,461,364,manual
HALO-AC3_RF03_163046,HALO-AC3,RF03,2022-03-13T16:30:46.000000,3,437,377,manual
HALO-AC3_RF03_163046,HALO-AC3,RF03,2022-03-13T16:30:46.000000,3,406,384,manual
HALO-AC3_RF03_163046,HALO-AC3,RF03,2022-03-13T16:30:46.000000,3,352,386,manual
HALO-AC3_RF03_163046,HALO-AC3,RF03,2022-03-13T16:30:46.000000,3,333,411,manual
HALO-AC3_RF03_163046,HALO-AC3,RF03,2022-03-13T16:30:46.000000,3,314,423,manual
HALO-AC3_RF03_163046,HALO-AC3,RF03,2022-03-13T16:30:46.000000,3,305,445,manual
HALO-AC3_RF03_163046,HALO-AC3,RF03,2022-03-13T16:30:46.000000,3,263,379,manual
HALO-AC3_RF03_163046,HALO-AC3,RF03,2022-03-13T16:30:46.000000,3,266,409,manual
HALO-AC3_RF03_163046,HALO-AC3,RF03,2022-03-13T16:30:46.000000,3,231,356,manual
HALO-AC3_RF03_163046,HALO-AC3,RF03,2022-03-13T16:30:46.000000,3,208,326,manual
HALO-AC3_RF03_163046,HALO-AC3,RF03,2022-03-13T16:30:46.000000,3,153,270,manual
HALO-AC3_RF03_163046,HALO-AC3,RF03,2022-03-13T16:30:46.000000,3,282,466,manual
HALO-AC3_RF03_163046,HALO-AC3,RF03,2022-03-13T16:30:46.000000,3,388,14,manual
HALO-AC3_RF03_163046,HALO-AC3,RF03,2022-03-13T16:30:46.000000,3,409,35,manual
HALO-AC3_RF03_163046,HALO-AC3,RF03,2022-03-13T16:30:46.000000,3,430,60,manual
HALO-AC3_RF03_163046,HALO-AC3,RF03,2022-03-13T16:30:46.000000,3,449,85,manual
HALO-AC3_RF03_163046,HALO-AC3,RF03,2022-03-13T16:30:46.000000,3,469,108,manual
HALO-AC3_RF03_163046,HALO-AC3,RF03,2022-03-13T16:30:46.000000,3,468,130,manual
HALO-AC3_RF03_163046,HALO-AC3,RF03,2022-03-13T16:30:46.000000,3,400,89,manual
HALO-AC3_RF03_163046,HALO-AC3,RF03,2022-03-13T16:30:46.000000,3,373,61,manual
HALO-AC3_RF03_163046,HALO-AC3,RF03,2022-03-13T16:30:46.000000,3,418,105,manual
HALO-AC3_RF03_163046,HALO-AC3,RF03,2022-03-13T16:30:46.000000,3,439,129,manual
HALO-AC3_RF03_163233,HALO-AC3,RF03,2022-03-13T16:32:33.000000,3,308,211,manual
HALO-AC3_RF03_163233,HALO-AC3,RF03,2022-03-13T16:32:33.000000,3,226,239,manual
HALO-AC3_RF03_163233,HALO-AC3,RF03,2022-03-13T16:32:33.000000,3,170,263,manual
HALO-AC3_RF03_163233,HALO-AC3,RF03,2022-03-13T16:32:33.000000,3,109,239,manual
HALO-AC3_RF03_163233,HALO-AC3,RF03,2022-03-13T16:32:33.000000,3,34,293,manual
HALO-AC3_RF03_163233,HALO-AC3,RF03,2022-03-13T16:32:33.000000,3,14,338,manual
HALO-AC3_RF03_163233,HALO-AC3,RF03,2022-03-13T16:32:33.000000,3,343,297,manual
HALO-AC3_RF03_163233,HALO-AC3,RF03,2022-03-13T16:32:33.000000,3,329,324,manual
HALO-AC3_RF03_163233,HALO-AC3,RF03,2022-03-13T16:32:33.000000,3,352,357,manual
HALO-AC3_RF03_163233,HALO-AC3,RF03,2022-03-13T16:32:33.000000,3,381,369,manual
HALO-AC3_RF03_163233,HALO-AC3,RF03,2022-03-13T16:32:33.000000,3,401,373,manual
HALO-AC3_RF03_163233,HALO-AC3,RF03,2022-03-13T16:32:33.000000,3,425,395,manual
HALO-AC3_RF03_163233,HALO-AC3,RF03,2022-03-13T16:32:33.000000,3,457,379,manual
HALO-AC3_RF03_163233,HALO-AC3,RF03,2022-03-13T16:32:33.000000,3,476,355,manual
HALO-AC3_RF03_163233,HALO-AC3,RF03,2022-03-13T16:32:33.000000,3,506,338,manual
HALO-AC3_RF03_163233,HALO-AC3,RF03,2022-03-13T16:32:33.000000,3,480,300,manual
HALO-AC3_RF03_163233,HALO-AC3,RF03,2022-03-13T16:32:33.000000,3,438,299,manual
HALO-AC3_RF03_163233,HALO-AC3,RF03,2022-03-13T16:32:33.000000,3,413,303,manual
HALO-AC3_RF03_163233,HALO-AC3,RF03,2022-03-13T16:32:33.000000,3,390,290,manual
HALO-AC3_RF03_163233,HALO-AC3,RF03,2022-03-13T16:32:33.000000,3,480,58,manual
HALO-AC3_RF03_163233,HALO-AC3,RF03,2022-03-13T16:32:33.000000,3,493,45,manual
HALO-AC3_RF03_163233,HALO-AC3,RF03,2022-03-13T16:32:33.000000,3,541,34,manual
HALO-AC3_RF03_163233,HALO-AC3,RF03,2022-03-13T16:32:33.000000,3,579,26,manual
HALO-AC3_RF03_163452,HALO-AC3,RF03,2022-03-13T16:34:52.000000,3,277,447,manual
HALO-AC3_RF03_163452,HALO-AC3,RF03,2022-03-13T16:34:52.000000,3,232,250,manual
HALO-AC3_RF03_163452,HALO-AC3,RF03,2022-03-13T16:34:52.000000,3,232,200,manual
HALO-AC3_RF03_163452,HALO-AC3,RF03,2022-03-13T16:34:52.000000,3,208,177,manual
HALO-AC3_RF03_163452,HALO-AC3,RF03,2022-03-13T16:34:52.000000,3,220,341,manual
HALO-AC3_RF03_163452,HALO-AC3,RF03,2022-03-13T16:34:52.000000,3,225,348,manual
HALO-AC3_RF03_163452,HALO-AC3,RF03,2022-03-13T16:34:52.000000,3,140,355,manual
HALO-AC3_RF03_163452,HALO-AC3,RF03,2022-03-13T16:34:52.000000,3,158,337,manual
HALO-AC3_RF03_163452,HALO-AC3,RF03,2022-03-13T16:34:52.000000,3,149,282,manual
HALO-AC3_RF03_163452,HALO-AC3,RF03,2022-03-13T16:34:52.000000,3,112,277,manual
HALO-AC3_RF03_163452,HALO-AC3,RF03,2022-03-13T16:34:52.000000,3,153,242,manual
HALO-AC3_RF03_163452,HALO-AC3,RF03,2022-03-13T16:34:52.000000,3,124,209,manual
HALO-AC3_RF03_163452,HALO-AC3,RF03,2022-03-13T16:34:52.000000,3,75,190,manual
HALO-AC3_RF03_163452,HALO-AC3,RF03,2022-03-13T16:34:52.000000,3,60,220,manual
HALO-AC3_RF03_163452,HALO-AC3,RF03,2022-03-13T16:34:52.000000,3,39,195,manual
HALO-AC3_RF03_163452,HALO-AC3,RF03,2022-03-13T16:34:52.000000,3,245,303,manual
HALO-AC3_RF03_082512,HALO-AC3,RF03,2022-03-13T08:25:12.000000,1,478,110,manual
HALO-AC3_RF03_082512,HALO-AC3,RF03,2022-03-13T08:25:12.000000,1,457,84,manual
HALO-AC3_RF03_082512,HALO-AC3,RF03,2022-03-13T08:25:12.000000,1,414,75,manual
HALO-AC3_RF03_082512,HALO-AC3,RF03,2022-03-13T08:25:12.000000,1,385,74,manual
HALO-AC3_RF03_082512,HALO-AC3,RF03,2022-03-13T08:25:12.000000,1,352,76,manual
HALO-AC3_RF03_082512,HALO-AC3,RF03,2022-03-13T08:25:12.000000,1,335,77,manual
HALO-AC3_RF03_082512,HALO-AC3,RF03,2022-03-13T08:25:12.000000,1,316,66,manual
HALO-AC3_RF03_082512,HALO-AC3,RF03,2022-03-13T08:25:12.000000,1,296,62,manual
HALO-AC3_RF03_082512,HALO-AC3,RF03,2022-03-13T08:25:12.000000,1,237,56,manual
HALO-AC3_RF03_082512,HALO-AC3,RF03,2022-03-13T08:25:12.000000,1,205,73,manual
HALO-AC3_RF03_082512,HALO-AC3,RF03,2022-03-13T08:25:12.000000,1,178,87,manual
HALO-AC3_RF03_082512,HALO-AC3,RF03,2022-03-13T08:25:12.000000,1,151,104,manual
HALO-AC3_RF03_082512,HALO-AC3,RF03,2022-03-13T08:25:12.000000,1,122,126,manual
HALO-AC3_RF03_082512,HALO-AC3,RF03,2022-03-13T08:25:12.000000,1,101,145,manual
HALO-AC3_RF03_082512,HALO-AC3,RF03,2022-03-13T08:25:12.000000,1,77,161,manual
HALO-AC3_RF03_082512,HALO-AC3,RF03,2022-03-13T08:25:12.000000,1,193,298,manual
HALO-AC3_RF03_082512,HALO-AC3,RF03,2022-03-13T08:25:12.000000,1,216,291,manual
HALO-AC3_RF03_082512,HALO-AC3,RF03,2022-03-13T08:25:12.000000,1,258,300,manual
HALO-AC3_RF03_082512,HALO-AC3,RF03,2022-03-13T08:25:12.000000,1,285,312,manual
HALO-AC3_RF03_082512,HALO-AC3,RF03,2022-03-13T08:25:12.000000,1,284,331,manual
HALO-AC3_RF03_082512,HALO-AC3,RF03,2022-03-13T08:25:12.000000,1,395,439,manual
HALO-AC3_RF03_082512,HALO-AC3,RF03,2022-03-13T08:25:12.000000,1,319,413,manual
HALO-AC3_RF03_082512,HALO-AC3,RF03,2022-03-13T08:25:12.000000,1,260,407,manual
HALO-AC3_RF03_082512,HALO-AC3,RF03,2022-03-13T08:25:12.000000,1,140,359,manual
HALO-AC3_RF03_082512,HALO-AC3,RF03,2022-03-13T08:25:12.000000,1,179,369,manual
HALO-AC3_RF03_082512,HALO-AC3,RF03,2022-03-13T08:25:20.000000,1,260,160,manual
HALO-AC3_RF03_082512,HALO-AC3,RF03,2022-03-13T08:25:20.000000,1,298,163,manual
HALO-AC3_RF03_082512,HALO-AC3,RF03,2022-03-13T08:25:20.000000,1,302,140,manual
HALO-AC3_RF03_082512,HALO-AC3,RF03,2022-03-13T08:25:20.000000,1,260,124,manual
HALO-AC3_RF03_082512,HALO-AC3,RF03,2022-03-13T08:25:20.000000,1,227,119,manual
HALO-AC3_RF03_082512,HALO-AC3,RF03,2022-03-13T08:25:20.000000,1,211,136,manual
HALO-AC3_RF03_082512,HALO-AC3,RF03,2022-03-13T08:25:20.000000,1,415,270,manual
HALO-AC3_RF03_082512,HALO-AC3,RF03,2022-03-13T08:25:20.000000,1,465,279,manual
HALO-AC3_RF03_082512,HALO-AC3,RF03,2022-03-13T08:25:20.000000,1,515,314,manual
HALO-AC3_RF03_082512,HALO-AC3,RF03,2022-03-13T08:25:20.000000,1,268,239,manual
HALO-AC3_RF03_082512,HALO-AC3,RF03,2022-03-13T08:25:20.000000,1,319,243,manual
HALO-AC3_RF03_082512,HALO-AC3,RF03,2022-03-13T08:25:20.000000,1,330,266,manual
HALO-AC3_RF03_082512,HALO-AC3,RF03,2022-03-13T08:25:20.000000,1,160,189,manual
HALO-AC3_RF03_082512,HALO-AC3,RF03,2022-03-13T08:25:20.000000,1,195,200,manual
HALO-AC3_RF03_082512,HALO-AC3,RF03,2022-03-13T08:25:20.000000,1,220,221,manual
HALO-AC3_RF03_082512,HALO-AC3,RF03,2022-03-13T08:25:20.000000,1,90,185,manual
HALO-AC3_RF03_082512,HALO-AC3,RF03,2022-03-13T08:25:20.000000,1,544,290,manual
HALO-AC3_RF03_082512,HALO-AC3,RF03,2022-03-13T08:25:20.000000,1,575,267,manual
HALO-AC3_RF03_082512,HALO-AC3,RF03,2022-03-13T08:25:20.000000,1,605,242,manual
HALO-AC3_RF03_082703,HALO-AC3,RF03,2022-03-13T08:27:03.000000,1,250,109,manual
HALO-AC3_RF03_082703,HALO-AC3,RF03,2022-03-13T08:27:03.000000,1,260,85,manual
HALO-AC3_RF03_082703,HALO-AC3,RF03,2022-03-13T08:27:03.000000,1,252,407,manual
HALO-AC3_RF03_082703,HALO-AC3,RF03,2022-03-13T08:27:03.000000,1,250,439,manual
HALO-AC3_RF03_082703,HALO-AC3,RF03,2022-03-13T08:27:03.000000,1,235,405,manual
HALO-AC3_RF03_082703,HALO-AC3,RF03,2022-03-13T08:27:03.000000,1,540,184,manual
HALO-AC3_RF03_082703,HALO-AC3,RF03,2022-03-13T08:27:03.000000,1,530,205,manual
HALO-AC3_RF03_082703,HALO-AC3,RF03,2022-03-13T08:27:03.000000,1,528,218,manual
HALO-AC3_RF03_082703,HALO-AC3,RF03,2022-03-13T08:27:03.000000,1,513,232,manual
HALO-AC3_RF03_082703,HALO-AC3,RF03,2022-03-13T08:27:03.000000,1,497,256,manual
HALO-AC3_RF03_082703,HALO-AC3,RF03,2022-03-13T08:27:03.000000,1,476,268,manual
HALO-AC3_RF03_082703,HALO-AC3,RF03,2022-03-13T08:27:03.000000,1,543,151,manual
HALO-AC3_RF03_082703,HALO-AC3,RF03,2022-03-13T08:27:03.000000,1,531,132,manual
HALO-AC3_RF03_163042,HALO-AC3,RF03,2022-03-13T16:30:42.000000,1,157,240,manual
HALO-AC3_RF03_163042,HALO-AC3,RF03,2022-03-13T16:30:42.000000,1,167,253,manual
HALO-AC3_RF03_163042,HALO-AC3,RF03,2022-03-13T16:30:42.000000,1,174,265,manual
HALO-AC3_RF03_163042,HALO-AC3,RF03,2022-03-13T16:30:42.000000,1,162,272,manual
HALO-AC3_RF03_163042,HALO-AC3,RF03,2022-03-13T16:30:42.000000,1,140,277,manual
HALO-AC3_RF03_163042,HALO-AC3,RF03,2022-03-13T16:30:42.000000,1,130,263,manual
HALO-AC3_RF03_163042,HALO-AC3,RF03,2022-03-13T16:30:42.000000,1,115,242,manual
HALO-AC3_RF03_163042,HALO-AC3,RF03,2022-03-13T16:30:42.000000,1,104,225,manual
HALO-AC3_RF03_163042,HALO-AC3,RF03,2022-03-13T16:30:42.000000,1,115,224,manual
HALO-AC3_RF03_163042,HALO-AC3,RF03,2022-03-13T16:30:42.000000,1,129,214,manual
HALO-AC3_RF03_163042,HALO-AC3,RF03,2022-03-13T16:30:42.000000,1,149,206,manual
HALO-AC3_RF03_163042,HALO-AC3,RF03,2022-03-13T16:30:42.000000,1,153,217,manual
HALO-AC3_RF03_163042,HALO-AC3,RF03,2022-03-13T16:30:42.000000,1,257,253,manual
HALO-AC3_RF03_163042,HALO-AC3,RF03,2022-03-13T16:30:42.000000,1,251,228,manual
HALO-AC3_RF03_163042,HALO-AC3,RF03,2022-03-13T16:30:42.000000,1,241,207,manual
HALO-AC3_RF03_163042,HALO-AC3,RF03,2022-03-13T16:30:42.000000,1,239,187,manual
HALO-AC3_RF03_163042,HALO-AC3,RF03,2022-03-13T16:30:42.000000,1,274,13,manual
HALO-AC3_RF03_163042,HALO-AC3,RF03,2022-03-13T16:30:42.000000,1,303,16,manual
HALO-AC3_RF03_163042,HALO-AC3,RF03,2022-03-13T16:30:42.000000,1,333,28,manual
HALO-AC3_RF03_163042,HALO-AC3,RF03,2022-03-13T16:30:42.000000,1,307,88,manual
HALO-AC3_RF03_163042,HALO-AC3,RF03,2022-03-13T16:30:42.000000,1,266,89,manual
HALO-AC3_RF03_163042,HALO-AC3,RF03,2022-03-13T16:30:42.000000,1,255,103,manual
HALO-AC3_RF03_163042,HALO-AC3,RF03,2022-03-13T16:30:42.000000,1,168,51,manual
HALO-AC3_RF03_163042,HALO-AC3,RF03,2022-03-13T16:30:42.000000,1,151,49,manual
HALO-AC3_RF03_163042,HALO-AC3,RF03,2022-03-13T16:30:42.000000,1,135,34,manual
HALO-AC3_RF03_163042,HALO-AC3,RF03,2022-03-13T16:30:42.000000,1,121,16,manual
HALO-AC3_RF03_163042,HALO-AC3,RF03,2022-03-13T16:30:42.000000,1,111,4,manual
HALO-AC3_RF03_163042,HALO-AC3,RF03,2022-03-13T16:30:42.000000,1,67,315,manual
HALO-AC3_RF03_163042,HALO-AC3,RF03,2022-03-13T16:30:42.000000,1,88,327,manual
HALO-AC3_RF03_163042,HALO-AC3,RF03,2022-03-13T16:30:42.000000,1,110,338,manual
HALO-AC3_RF03_163042,HALO-AC3,RF03,2022-03-13T16:30:42.000000,1,141,347,manual
HALO-AC3_RF03_163042,HALO-AC3,RF03,2022-03-13T16:30:42.000000,1,163,347,manual
HALO-AC3_RF03_163042,HALO-AC3,RF03,2022-03-13T16:30:42.000000,1,46,313,manual
HALO-AC3_RF03_163042,HALO-AC3,RF03,2022-03-13T16:30:42.000000,1,32,316,manual
HALO-AC3_RF03_163042,HALO-AC3,RF03,2022-03-13T16:30:42.000000,1,19,317,manual
HALO-AC3_RF03_163452,HALO-AC3,RF03,2022-03-13T16:34:52.000000,1,160,331,manual
HALO-AC3_RF03_163452,HALO-AC3,RF03,2022-03-13T16:34:52.000000,1,153,354,manual
HALO-AC3_RF03_163452,HALO-AC3,RF03,2022-03-13T16:34:52.000000,1,159,245,manual
HALO-AC3_RF03_163452,HALO-AC3,RF03,2022-03-13T16:34:52.000000,1,155,253,manual
HALO-AC3_RF03_163452,HALO-AC3,RF03,2022-03-13T16:34:52.000000,1,160,268,manual
HALO-AC3_RF03_163452,HALO-AC3,RF03,2022-03-13T16:34:52.000000,1,165,280,manual
HALO-AC3_RF03_163452,HALO-AC3,RF03,2022-03-13T16:34:52.000000,1,162,289,manual
HALO-AC3_RF03_163452,HALO-AC3,RF03,2022-03-13T16:34:52.000000,1,160,301,manual
HALO-AC3_RF03_163452,HALO-AC3,RF03,2022-03-13T16:34:52.000000,1,225,197,manual
HALO-AC3_RF03_163452,HALO-AC3,RF03,2022-03-13T16:34:52.000000,1,212,182,manual
HALO-AC3_RF03_163452,HALO-AC3,RF03,2022-03-13T16:34:52.000000,1,203,165,manual
HALO-AC3_RF03_163452,HALO-AC3,RF03,2022-03-13T16:34:52.000000,1,241,221,manual
HALO-AC3_RF03_163452,HALO-AC3,RF03,2022-03-13T16:34:52.000000,1,242,243,manual
HALO-AC3_RF04_091033,HALO-AC3,RF04,2022-03-14T09:10:33.000000,1,372,247,manual
HALO-AC3_RF04_091033,HALO-AC3,RF04,2022-03-14T09:10:33.000000,1,325,252,manual
HALO-AC3_RF04_091033,HALO-AC3,RF04,2022-03-14T09:10:33.000000,1,274,292,manual
HALO-AC3_RF04_091033,HALO-AC3,RF04,2022-03-14T09:10:33.000000,1,241,321,manual
HALO-AC3_RF04_091033,HALO-AC3,RF04,2022-03-14T09:10:33.000000,1,384,208,manual
HALO-AC3_RF04_091033,HALO-AC3,RF04,2022-03-14T09:10:33.000000,1,379,182,manual
HALO-AC3_RF04_091033,HALO-AC3,RF04,2022-03-14T09:10:33.000000,1,378,157,manual
HALO-AC3_RF04_091033,HALO-AC3,RF04,2022-03-14T09:10:33.000000,1,386,149,manual
HALO-AC3_RF04_091033,HALO-AC3,RF04,2022-03-14T09:10:33.000000,1,466,127,manual
HALO-AC3_RF04_091033,HALO-AC3,RF04,2022-03-14T09:10:33.000000,1,479,153,manual
HALO-AC3_RF04_091033,HALO-AC3,RF04,2022-03-14T09:10:33.000000,1,508,175,manual
HALO-AC3_RF04_091033,HALO-AC3,RF04,2022-03-14T09:10:33.000000,1,532,178,manual
HALO-AC3_RF04_091033,HALO-AC3,RF04,2022-03-14T09:10:33.000000,1,545,199,manual
HALO-AC3_RF04_091033,HALO-AC3,RF04,2022-03-14T09:10:33.000000,1,511,211,manual
HALO-AC3_RF04_091033,HALO-AC3,RF04,2022-03-14T09:10:33.000000,1,520,230,manual
HALO-AC3_RF04_091033,HALO-AC3,RF04,2022-03-14T09:10:33.000000,1,552,252,manual
HALO-AC3_RF04_091654,HALO-AC3,RF04,2022-03-14T09:16:54.000000,1,449,262,manual
HALO-AC3_RF04_091654,HALO-AC3,RF04,2022-03-14T09:16:54.000000,1,444,279,manual
HALO-AC3_RF04_091654,HALO-AC3,RF04,2022-03-14T09:16:54.000000,1,432,296,manual
HALO-AC3_RF04_091654,HALO-AC3,RF04,2022-03-14T09:16:54.000000,1,401,317,manual
HALO-AC3_RF04_091654,HALO-AC3,RF04,2022-03-14T09:16:54.000000,1,451,237,manual
HALO-AC3_RF04_091654,HALO-AC3,RF04,2022-03-14T09:16:54.000000,1,442,214,manual
HALO-AC3_RF04_091654,HALO-AC3,RF04,2022-03-14T09:16:54.000000,1,446,199,manual
HALO-AC3_RF04_091654,HALO-AC3,RF04,2022-03-14T09:16:54.000000,1,492,405,manual
HALO-AC3_RF04_091654,HALO-AC3,RF04,2022-03-14T09:16:54.000000,1,510,418,manual
HALO-AC3_RF04_091654,HALO-AC3,RF04,2022-03-14T09:16:54.000000,1,462,131,manual
HALO-AC3_RF04_091654,HALO-AC3,RF04,2022-03-14T09:16:54.000000,1,473,108,manual
HALO-AC3_RF04_091654,HALO-AC3,RF04,2022-03-14T09:16:58.000000,1,528,329,manual
HALO-AC3_RF04_091654,HALO-AC3,RF04,2022-03-14T09:16:58.000000,1,459,309,manual
HALO-AC3_RF04_091654,HALO-AC3,RF04,2022-03-14T09:16:58.000000,1,570,408,manual
HALO-AC3_RF04_091654,HALO-AC3,RF04,2022-03-14T09:16:58.000000,1,607,418,manual
HALO-AC3_RF05_171624,HALO-AC3,RF05,2022-03-15T17:16:24.000000,1,495,333,manual
HALO-AC3_RF05_171624,HALO-AC3,RF05,2022-03-15T17:16:24.000000,1,534,341,manual
HALO-AC3_RF05_171624,HALO-AC3,RF05,2022-03-15T17:16:24.000000,1,373,440,manual
HALO-AC3_RF05_171624,HALO-AC3,RF05,2022-03-15T17:16:24.000000,1,214,458,manual
HALO-AC3_RF05_171624,HALO-AC3,RF05,2022-03-15T17:16:24.000000,1,184,422,manual
HALO-AC3_RF05_171624,HALO-AC3,RF05,2022-03-15T17:16:24.000000,1,174,391,manual
HALO-AC3_RF05_171624,HALO-AC3,RF05,2022-03-15T17:16:24.000000,1,388,92,manual
HALO-AC3_RF05_171624,HALO-AC3,RF05,2022-03-15T17:16:24.000000,1,493,179,manual
HALO-AC3_RF05_171624,HALO-AC3,RF05,2022-03-15T17:16:24.000000,1,174,99,manual
HALO-AC3_RF05_171624,HALO-AC3,RF05,2022-03-15T17:16:24.000000,1,174,126,manual
HALO-AC3_RF05_171637,HALO-AC3,RF05,2022-03-15T17:16:33.000000,1,383,267,manual
HALO-AC3_RF05_171637,HALO-AC3,RF05,2022-03-15T17:16:33.000000,1,384,328,manual
HALO-AC3_RF05_171637,HALO-AC3,RF05,2022-03-15T17:16:33.000000,1,529,377,manual
HALO-AC3_RF05_171637,HALO-AC3,RF05,2022-03-15T17:16:33.000000,1,486,160,manual
HALO-AC3_RF05_171637,HALO-AC3,RF05,2022-03-15T17:16:33.000000,1,530,170,manual
HALO-AC3_RF05_171637,HALO-AC3,RF05,2022-03-15T17:16:33.000000,1,534,208,manual
HALO-AC3_RF05_171637,HALO-AC3,RF05,2022-03-15T17:16:33.000000,1,532,261,manual
HALO-AC3_RF05_171637,HALO-AC3,RF05,2022-03-15T17:16:33.000000,1,368,375,manual
HALO-AC3_RF05_171637,HALO-AC3,RF05,2022-03-15T17:16:33.000000,1,312,388,manual
HALO-AC3_RF05_171637,HALO-AC3,RF05,2022-03-15T17:16:33.000000,1,301,426,manual
HALO-AC3_RF05_171637,HALO-AC3,RF05,2022-03-15T17:16:33.000000,1,397,437,manual
HALO-AC3_RF05_171637,HALO-AC3,RF05,2022-03-15T17:16:33.000000,1,393,462,manual
HALO-AC3_RF05_172026,HALO-AC3,RF05,2022-03-15T17:20:26.000000,1,347,251,manual
HALO-AC3_RF05_172026,HALO-AC3,RF05,2022-03-15T17:20:26.000000,1,328,280,manual
HALO-AC3_RF05_172026,HALO-AC3,RF05,2022-03-15T17:20:26.000000,1,303,297,manual
HALO-AC3_RF05_172026,HALO-AC3,RF05,2022-03-15T17:20:26.000000,1,236,313,manual
HALO-AC3_RF05_172026,HALO-AC3,RF05,2022-03-15T17:20:26.000000,1,206,208,manual
HALO-AC3_RF05_172026,HALO-AC3,RF05,2022-03-15T17:20:26.000000,1,221,164,manual
HALO-AC3_RF05_172026,HALO-AC3,RF05,2022-03-15T17:20:26.000000,1,447,184,manual
HALO-AC3_RF05_172026,HALO-AC3,RF05,2022-03-15T17:20:26.000000,1,470,167,manual
HALO-AC3_RF05_172026,HALO-AC3,RF05,2022-03-15T17:20:26.000000,1,202,329,manual
HALO-AC3_RF05_172026,HALO-AC3,RF05,2022-03-15T17:20:26.000000,1,193,348,manual
HALO-AC3_RF05_172026,HALO-AC3,RF05,2022-03-15T17:20:26.000000,1,190,366,manual
HALO-AC3_RF05_172131,HALO-AC3,RF05,2022-03-15T17:21:31.000000,1,343,206,manual
HALO-AC3_RF05_172131,HALO-AC3,RF05,2022-03-15T17:21:31.000000,1,272,204,manual
HALO-AC3_RF05_172131,HALO-AC3,RF05,2022-03-15T17:21:31.000000,1,104,244,manual
HALO-AC3_RF05_172131,HALO-AC3,RF05,2022-03-15T17:21:31.000000,1,51,310,manual
HALO-AC3_RF05_172131,HALO-AC3,RF05,2022-03-15T17:21:31.000000,1,593,240,manual
HALO-AC3_RF05_172131,HALO-AC3,RF05,2022-03-15T17:21:31.000000,1,600,321,manual
HALO-AC3_RF05_172131,HALO-AC3,RF05,2022-03-15T17:21:31.000000,1,614,393,manual
HALO-AC3_RF05_172131,HALO-AC3,RF05,2022-03-15T17:21:31.000000,1,537,430,manual
HALO-AC3_RF05_172131,HALO-AC3,RF05,2022-03-15T17:21:31.000000,1,515,337,manual
HALO-AC3_RF05_172131,HALO-AC3,RF05,2022-03-15T17:21:31.000000,1,472,149,manual
HALO-AC3_RF05_172131,HALO-AC3,RF05,2022-03-15T17:21:31.000000,1,436,131,manual
HALO-AC3_RF05_172131,HALO-AC3,RF05,2022-03-15T17:21:31.000000,1,495,127,manual
HALO-AC3_RF05_172131,HALO-AC3,RF05,2022-03-15T17:21:31.000000,1,290,100,manual
HALO-AC3_RF05_172131,HALO-AC3,RF05,2022-03-15T17:21:31.000000,1,116,89,manual
HALO-AC3_RF05_172131,HALO-AC3,RF05,2022-03-15T17:21:31.000000,1,71,103,manual
HALO-AC3_RF06_091904,HALO-AC3,RF06,2022-03-16T09:19:04.000000,1,284,337,manual
HALO-AC3_RF06_091904,HALO-AC3,RF06,2022-03-16T09:19:04.000000,1,196,212,manual
HALO-AC3_RF06_091904,HALO-AC3,RF06,2022-03-16T09:19:04.000000,1,185,218,manual
HALO-AC3_RF06_091904,HALO-AC3,RF06,2022-03-16T09:19:04.000000,1,191,258,manual
HALO-AC3_RF06_091904,HALO-AC3,RF06,2022-03-16T09:19:04.000000,1,215,267,manual
HALO-AC3_RF06_091904,HALO-AC3,RF06,2022-03-16T09:19:04.000000,1,248,278,manual
HALO-AC3_RF06_091904,HALO-AC3,RF06,2022-03-16T09:19:04.000000,1,271,293,manual
HALO-AC3_RF06_091904,HALO-AC3,RF06,2022-03-16T09:19:04.000000,1,284,322,manual
HALO-AC3_RF06_091904,HALO-AC3,RF06,2022-03-16T09:19:04.000000,1,205,162,manual
HALO-AC3_RF06_091904,HALO-AC3,RF06,2022-03-16T09:19:04.000000,1,210,183,manual
HALO-AC3_RF06_091904,HALO-AC3,RF06,2022-03-16T09:19:04.000000,1,177,144,manual
HALO-AC3_RF06_091904,HALO-AC3,RF06,2022-03-16T09:19:04.000000,1,163,134,manual
HALO-AC3_RF06_091904,HALO-AC3,RF06,2022-03-16T09:19:04.000000,1,155,383,manual
HALO-AC3_RF06_091904,HALO-AC3,RF06,2022-03-16T09:19:04.000000,1,168,374,manual
HALO-AC3_RF06_091904,HALO-AC3,RF06,2022-03-16T09:19:04.000000,1,193,361,manual
HALO-AC3_RF06_091904,HALO-AC3,RF06,2022-03-16T09:19:04.000000,1,140,359,manual
HALO-AC3_RF06_092009,HALO-AC3,RF06,2022-03-16T09:20:09.000000,1,497,305,manual
HALO-AC3_RF06_092009,HALO-AC3,RF06,2022-03-16T09:20:09.000000,1,482,273,manual
HALO-AC3_RF06_092009,HALO-AC3,RF06,2022-03-16T09:20:09.000000,1,458,245,manual
HALO-AC3_RF06_092009,HALO-AC3,RF06,2022-03-16T09:20:09.000000,1,442,242,manual
HALO-AC3_RF06_092009,HALO-AC3,RF06,2022-03-16T09:20:09.000000,1,438,231,manual
HALO-AC3_RF06_092009,HALO-AC3,RF06,2022-03-16T09:20:09.000000,1,445,210,manual
HALO-AC3_RF06_092009,HALO-AC3,RF06,2022-03-16T09:20:09.000000,1,437,193,manual
HALO-AC3_RF06_092009,HALO-AC3,RF06,2022-03-16T09:20:09.000000,1,448,174,manual
HALO-AC3_RF06_092009,HALO-AC3,RF06,2022-03-16T09:20:09.000000,1,454,166,manual
HALO-AC3_RF06_092009,HALO-AC3,RF06,2022-03-16T09:20:09.000000,1,444,151,manual
HALO-AC3_RF06_092009,HALO-AC3,RF06,2022-03-16T09:20:09.000000,1,451,111,manual
HALO-AC3_RF06_092009,HALO-AC3,RF06,2022-03-16T09:20:09.000000,1,452,84,manual
HALO-AC3_RF06_092009,HALO-AC3,RF06,2022-03-16T09:20:09.000000,1,448,126,manual
HALO-AC3_RF06_092123,HALO-AC3,RF06,2022-03-16T09:21:23.000000,1,354,338,manual
HALO-AC3_RF06_092123,HALO-AC3,RF06,2022-03-16T09:21:23.000000,1,328,288,manual
HALO-AC3_RF06_092123,HALO-AC3,RF06,2022-03-16T09:21:23.000000,1,311,250,manual
HALO-AC3_RF06_092123,HALO-AC3,RF06,2022-03-16T09:21:23.000000,1,271,233,manual
HALO-AC3_RF06_092123,HALO-AC3,RF06,2022-03-16T09:21:23.000000,1,248,201,manual
HALO-AC3_RF06_092123,HALO-AC3,RF06,2022-03-16T09:21:23.000000,1,210,162,manual
HALO-AC3_RF06_092123,HALO-AC3,RF06,2022-03-16T09:21:23.000000,1,165,117,manual
HALO-AC3_RF06_092123,HALO-AC3,RF06,2022-03-16T09:21:23.000000,1,104,104,manual
HALO-AC3_RF06_092123,HALO-AC3,RF06,2022-03-16T09:21:23.000000,1,33,111,manual
HALO-AC3_RF06_092123,HALO-AC3,RF06,2022-03-16T09:21:23.000000,1,376,434,manual
HALO-AC3_RF06_092123,HALO-AC3,RF06,2022-03-16T09:21:23.000000,1,377,466,manual
HALO-AC3_RF06_092123,HALO-AC3,RF06,2022-03-16T09:21:23.000000,1,373,491,manual
HALO-AC3_RF06_092123,HALO-AC3,RF06,2022-03-16T09:21:23.000000,1,376,382,manual
HALO-AC3_RF06_092208,HALO-AC3,RF06,2022-03-16T09:22:08.000000,1,302,233,manual
HALO-AC3_RF06_092208,HALO-AC3,RF06,2022-03-16T09:22:08.000000,1,257,245,manual
HALO-AC3_RF06_092208,HALO-AC3,RF06,2022-03-16T09:22:08.000000,1,232,308,manual
HALO-AC3_RF06_092208,HALO-AC3,RF06,2022-03-16T09:22:08.000000,1,207,328,manual
HALO-AC3_RF06_092208,HALO-AC3,RF06,2022-03-16T09:22:08.000000,1,193,368,manual
HALO-AC3_RF06_092208,HALO-AC3,RF06,2022-03-16T09:22:08.000000,1,191,432,manual
HALO-AC3_RF06_092208,HALO-AC3,RF06,2022-03-16T09:22:08.000000,1,146,451,manual
HALO-AC3_RF06_092208,HALO-AC3,RF06,2022-03-16T09:22:08.000000,1,103,480,manual
HALO-AC3_RF06_092208,HALO-AC3,RF06,2022-03-16T09:22:08.000000,1,298,174,manual
HALO-AC3_RF06_092208,HALO-AC3,RF06,2022-03-16T09:22:08.000000,1,320,154,manual
HALO-AC3_RF06_092208,HALO-AC3,RF06,2022-03-16T09:22:08.000000,1,352,118,manual
HALO-AC3_RF06_092208,HALO-AC3,RF06,2022-03-16T09:22:08.000000,1,327,46,manual
HALO-AC3_RF06_092208,HALO-AC3,RF06,2022-03-16T09:22:08.000000,1,333,12,manual
HALO-AC3_RF06_092208,HALO-AC3,RF06,2022-03-16T09:22:08.000000,1,58,501,manual
HALO-AC3_RF06_092208,HALO-AC3,RF06,2022-03-16T09:22:08.000000,1,191,395,manual
HALO-AC3_RF06_092257,HALO-AC3,RF06,2022-03-16T09:22:57.000000,1,519,139,manual
HALO-AC3_RF06_092257,HALO-AC3,RF06,2022-03-16T09:22:57.000000,1,512,172,manual
HALO-AC3_RF06_092257,HALO-AC3,RF06,2022-03-16T09:22:57.000000,1,499,203,manual
HALO-AC3_RF06_092257,HALO-AC3,RF06,2022-03-16T09:22:57.000000,1,485,231,manual
HALO-AC3_RF06_092257,HALO-AC3,RF06,2022-03-16T09:22:57.000000,1,498,243,manual
HALO-AC3_RF06_092257,HALO-AC3,RF06,2022-03-16T09:22:57.000000,1,521,247,manual
HALO-AC3_RF06_092257,HALO-AC3,RF06,2022-03-16T09:22:57.000000,1,540,251,manual
HALO-AC3_RF06_092257,HALO-AC3,RF06,2022-03-16T09:22:57.000000,1,558,271,manual
HALO-AC3_RF06_092257,HALO-AC3,RF06,2022-03-16T09:22:57.000000,1,567,287,manual
HALO-AC3_RF06_092257,HALO-AC3,RF06,2022-03-16T09:22:57.000000,1,576,305,manual
HALO-AC3_RF06_092257,HALO-AC3,RF06,2022-03-16T09:22:57.000000,1,597,335,manual
HALO-AC3_RF06_092257,HALO-AC3,RF06,2022-03-16T09:22:57.000000,1,611,347,manual
HALO-AC3_RF06_092257,HALO-AC3,RF06,2022-03-16T09:22:57.000000,1,615,383,manual
HALO-AC3_RF06_092257,HALO-AC3,RF06,2022-03-16T09:22:57.000000,1,611,420,manual
HALO-AC3_RF06_092257,HALO-AC3,RF06,2022-03-16T09:22:57.000000,1,609,433,manual
HALO-AC3_RF06_092257,HALO-AC3,RF06,2022-03-16T09:22:57.000000,1,620,457,manual
HALO-AC3_RF06_092257,HALO-AC3,RF06,2022-03-16T09:22:57.000000,1,621,478,manual
HALO-AC3_RF06_092257,HALO-AC3,RF06,2022-03-16T09:22:57.000000,1,622,495,manual
HALO-AC3_RF06_092257,HALO-AC3,RF06,2022-03-16T09:22:57.000000,1,567,83,manual
HALO-AC3_RF06_092257,HALO-AC3,RF06,2022-03-16T09:22:57.000000,1,544,97,manual
HALO-AC3_RF06_175310,HALO-AC3,RF06,2022-03-16T17:53:10.000000,1,478,249,manual
HALO-AC3_RF06_175310,HALO-AC3,RF06,2022-03-16T17:53:10.000000,1,490,277,manual
HALO-AC3_RF06_175310,HALO-AC3,RF06,2022-03-16T17:53:10.000000,1,507,307,manual
HALO-AC3_RF06_175310,HALO-AC3,RF06,2022-03-16T17:53:10.000000,1,521,346,manual
HALO-AC3_RF06_175310,HALO-AC3,RF06,2022-03-16T17:53:10.000000,1,538,365,manual
HALO-AC3_RF06_175310,HALO-AC3,RF06,2022-03-16T17:53:10.000000,1,543,398,manual
HALO-AC3_RF06_175310,HALO-AC3,RF06,2022-03-16T17:53:10.000000,1,408,161,manual
HALO-AC3_RF06_175310,HALO-AC3,RF06,2022-03-16T17:53:10.000000,1,429,198,manual
HALO-AC3_RF06_175310,HALO-AC3,RF06,2022-03-16T17:53:10.000000,1,451,217,manual
HALO-AC3_RF06_175310,HALO-AC3,RF06,2022-03-16T17:53:10.000000,1,364,125,manual
HALO-AC3_RF06_175310,HALO-AC3,RF06,2022-03-16T17:53:10.000000,1,329,139,manual
HALO-AC3_RF06_175310,HALO-AC3,RF06,2022-03-16T17:53:10.000000,1,310,164,manual
HALO-AC3_RF06_175310,HALO-AC3,RF06,2022-03-16T17:53:10.000000,1,316,247,manual
HALO-AC3_RF06_175310,HALO-AC3,RF06,2022-03-16T17:53:10.000000,1,320,257,manual
HALO-AC3_RF06_175310,HALO-AC3,RF06,2022-03-16T17:53:10.000000,1,314,262,manual
HALO-AC3_RF06_175310,HALO-AC3,RF06,2022-03-16T17:53:10.000000,1,314,281,manual
HALO-AC3_RF06_175310,HALO-AC3,RF06,2022-03-16T17:53:10.000000,1,323,286,manual
HALO-AC3_RF06_175310,HALO-AC3,RF06,2022-03-16T17:53:10.000000,1,325,228,manual
HALO-AC3_RF06_175310,HALO-AC3,RF06,2022-03-16T17:53:10.000000,1,332,236,manual
HALO-AC3_RF06_175310,HALO-AC3,RF06,2022-03-16T17:53:10.000000,1,367,346,manual
HALO-AC3_RF06_175310,HALO-AC3,RF06,2022-03-16T17:53:10.000000,1,363,341,manual
HALO-AC3_RF06_175310,HALO-AC3,RF06,2022-03-16T17:53:10.000000,1,352,339,manual
HALO-AC3_RF06_175310,HALO-AC3,RF06,2022-03-16T17:53:10.000000,1,343,332,manual
HALO-AC3_RF06_175310,HALO-AC3,RF06,2022-03-16T17:53:10.000000,1,332,314,manual
HALO-AC3_RF06_175310,HALO-AC3,RF06,2022-03-16T17:53:10.000000,1,332,308,manual
HALO-AC3_RF06_175310,HALO-AC3,RF06,2022-03-16T17:53:10.000000,1,328,299,manual
HALO-AC3_RF06_175825,HALO-AC3,RF06,2022-03-16T17:58:25.000000,1,86,468,suggested
HALO-AC3_RF06_175825,HALO-AC3,RF06,2022-03-16T17:58:25.000000,1,94,460,suggested
HALO-AC3_RF06_175825,HALO-AC3,RF06,2022-03-16T17:58:25.000000,1,98,450,suggested
HALO-AC3_RF06_175825,HALO-AC3,RF06,2022-03-16T17:58:25.000000,1,106,441,suggested
HALO-AC3_RF06_175825,HALO-AC3,RF06,2022-03-16T17:58:25.000000,1,121,434,suggested
HALO-AC3_RF06_175825,HALO-AC3,RF06,2022-03-16T17:58:25.000000,1,132,438,suggested
HALO-AC3_RF06_175825,HALO-AC3,RF06,2022-03-16T17:58:25.000000,1,139,439,suggested
HALO-AC3_RF06_175825,HALO-AC3,RF06,2022-03-16T17:58:25.000000,1,146,408,suggested
HALO-AC3_RF06_175825,HALO-AC3,RF06,2022-03-16T17:58:25.000000,1,156,403,suggested
HALO-AC3_RF06_175825,HALO-AC3,RF06,2022-03-16T17:58:25.000000,1,166,397,suggested
HALO-AC3_RF06_175825,HALO-AC3,RF06,2022-03-16T17:58:25.000000,1,175,385,suggested
HALO-AC3_RF06_175825,HALO-AC3,RF06,2022-03-16T17:58:25.000000,1,177,374,suggested
HALO-AC3_RF06_175825,HALO-AC3,RF06,2022-03-16T17:58:25.000000,1,182,364,suggested
HALO-AC3_RF06_175825,HALO-AC3,RF06,2022-03-16T17:58:25.000000,1,189,354,suggested
HALO-AC3_RF06_175825,HALO-AC3,RF06,2022-03-16T17:58:25.000000,1,195,344,suggested
HALO-AC3_RF06_175825,HALO-AC3,RF06,2022-03-16T17:58:25.000000,1,202,334,suggested
HALO-AC3_RF06_175825,HALO-AC3,RF06,2022-03-16T17:58:25.000000,1,210,325,suggested
HALO-AC3_RF06_175825,HALO-AC3,RF06,2022-03-16T17:58:25.000000,1,219,316,suggested
HALO-AC3_RF06_175825,HALO-AC3,RF06,2022-03-16T17:58:25.000000,1,234,281,suggested
HALO-AC3_RF06_175825,HALO-AC3,RF06,2022-03-16T17:58:25.000000,1,242,271,suggested
HALO-AC3_RF06_175825,HALO-AC3,RF06,2022-03-16T17:58:25.000000,1,247,258,suggested
HALO-AC3_RF06_175825,HALO-AC3,RF06,2022-03-16T17:58:25.000000,1,251,246,suggested
HALO-AC3_RF06_175825,HALO-AC3,RF06,2022-03-16T17:58:25.000000,1,257,235,suggested
HALO-AC3_RF06_175825,HALO-AC3,RF06,2022-03-16T17:58:25.000000,1,261,223,suggested
HALO-AC3_RF06_175825,HALO-AC3,RF06,2022-03-16T17:58:25.000000,1,266,212,suggested
HALO-AC3_RF06_175825,HALO-AC3,RF06,2022-03-16T17:58:25.000000,1,271,201,suggested
HALO-AC3_RF06_175825,HALO-AC3,RF06,2022-03-16T17:58:25.000000,1,280,193,suggested
HALO-AC3_RF06_175825,HALO-AC3,RF06,2022-03-16T17:58:25.000000,1,290,183,suggested
HALO-AC3_RF06_175825,HALO-AC3,RF06,2022-03-16T17:58:25.000000,1,296,171,suggested
HALO-AC3_RF06_175825,HALO-AC3,RF06,2022-03-16T17:58:25.000000,1,300,160,suggested
HALO-AC3_RF06_175825,HALO-AC3,RF06,2022-03-16T17:58:25.000000,1,307,136,suggested
HALO-AC3_RF06_175825,HALO-AC3,RF06,2022-03-16T17:58:25.000000,1,312,124,suggested
HALO-AC3_RF06_175825,HALO-AC3,RF06,2022-03-16T17:58:25.000000,1,321,53,suggested
HALO-AC3_RF06_175825,HALO-AC3,RF06,2022-03-16T17:58:25.000000,1,325,42,suggested
HALO-AC3_RF07_102848,HALO-AC3,RF07,2022-03-20T10:28:48.000000,1,224,37,suggested
HALO-AC3_RF07_102848,HALO-AC3,RF07,2022-03-20T10:28:48.000000,1,227,43,suggested
HALO-AC3_RF07_102848,HALO-AC3,RF07,2022-03-20T10:28:48.000000,1,230,50,suggested
HALO-AC3_RF07_102848,HALO-AC3,RF07,2022-03-20T10:28:48.000000,1,234,60,suggested
HALO-AC3_RF07_102848,HALO-AC3,RF07,2022-03-20T10:28:48.000000,1,238,69,suggested
HALO-AC3_RF07_102848,HALO-AC3,RF07,2022-03-20T10:28:48.000000,1,244,88,suggested
HALO-AC3_RF07_102848,HALO-AC3,RF07,2022-03-20T10:28:48.000000,1,249,98,suggested
HALO-AC3_RF07_102848,HALO-AC3,RF07,2022-03-20T10:28:48.000000,1,253,106,suggested
HALO-AC3_RF07_102848,HALO-AC3,RF07,2022-03-20T10:28:48.000000,1,259,113,suggested
HALO-AC3_RF07_102848,HALO-AC3,RF07,2022-03-20T10:28:48.000000,1,265,120,suggested
HALO-AC3_RF07_102848,HALO-AC3,RF07,2022-03-20T10:28:48.000000,1,272,129,suggested
HALO-AC3_RF07_102848,HALO-AC3,RF07,2022-03-20T10:28:48.000000,1,278,138,suggested
HALO-AC3_RF07_102848,HALO-AC3,RF07,2022-03-20T10:28:48.000000,1,284,146,suggested
HALO-AC3_RF07_102848,HALO-AC3,RF07,2022-03-20T10:28:48.000000,1,291,157,suggested
HALO-AC3_RF07_102848,HALO-AC3,RF07,2022-03-20T10:28:48.000000,1,295,161,suggested
HALO-AC3_RF07_102848,HALO-AC3,RF07,2022-03-20T10:28:48.000000,1,303,166,suggested
HALO-AC3_RF07_102848,HALO-AC3,RF07,2022-03-20T10:28:48.000000,1,364,232,manual
HALO-AC3_RF07_102848,HALO-AC3,RF07,2022-03-20T10:28:48.000000,1,395,267,manual
HALO-AC3_RF07_102848,HALO-AC3,RF07,2022-03-20T10:28:48.000000,1,422,294,manual
HALO-AC3_RF07_102848,HALO-AC3,RF07,2022-03-20T10:28:48.000000,1,452,334,manual
HALO-AC3_RF07_102848,HALO-AC3,RF07,2022-03-20T10:28:48.000000,1,474,371,manual
HALO-AC3_RF07_102848,HALO-AC3,RF07,2022-03-20T10:28:48.000000,1,327,189,manual
HALO-AC3_RF07_164126,HALO-AC3,RF07,2022-03-20T16:41:26.000000,1,269,263,manual
HALO-AC3_RF07_164126,HALO-AC3,RF07,2022-03-20T16:41:26.000000,1,271,226,manual
HALO-AC3_RF07_164126,HALO-AC3,RF07,2022-03-20T16:41:26.000000,1,309,189,manual
HALO-AC3_RF07_164126,HALO-AC3,RF07,2022-03-20T16:41:26.000000,1,407,136,manual
HALO-AC3_RF07_164126,HALO-AC3,RF07,2022-03-20T16:41:26.000000,1,431,168,manual
HALO-AC3_RF07_164126,HALO-AC3,RF07,2022-03-20T16:41:26.000000,1,470,219,manual
HALO-AC3_RF07_164126,HALO-AC3,RF07,2022-03-20T16:41:26.000000,1,493,274,manual
HALO-AC3_RF07_164126,HALO-AC3,RF07,2022-03-20T16:41:26.000000,1,518,320,manual
HALO-AC3_RF07_164126,HALO-AC3,RF07,2022-03-20T16:41:26.000000,1,523,397,manual
HALO-AC3_RF07_164126,HALO-AC3,RF07,2022-03-20T16:41:26.000000,1,152,444,manual
HALO-AC3_RF07_164126,HALO-AC3,RF07,2022-03-20T16:41:26.000000,1,188,472,manual
HALO-AC3_RF07_164126,HALO-AC3,RF07,2022-03-20T16:41:26.000000,1,290,451,manual
HALO-AC3_RF07_164126,HALO-AC3,RF07,2022-03-20T16:41:26.000000,1,179,342,manual
HALO-AC3_RF07_164126,HALO-AC3,RF07,2022-03-20T16:41:26.000000,1,169,308,manual
HALO-AC3_RF07_164126,HALO-AC3,RF07,2022-03-20T16:41:26.000000,1,163,282,manual
HALO-AC3_RF07_164126,HALO-AC3,RF07,2022-03-20T16:41:26.000000,1,141,296,manual
HALO-AC3_RF07_164126,HALO-AC3,RF07,2022-03-20T16:41:26.000000,1,119,297,manual
HALO-AC3_RF07_164126,HALO-AC3,RF07,2022-03-20T16:41:26.000000,1,180,89,manual
HALO-AC3_RF07_164126,HALO-AC3,RF07,2022-03-20T16:41:26.000000,1,127,39,manual
HALO-AC3_RF07_164126,HALO-AC3,RF07,2022-03-20T16:41:26.000000,1,109,19,manual
HALO-AC3_RF07_164321,HALO-AC3,RF07,2022-03-20T16:43:21.000000,1,225,287,manual
HALO-AC3_RF07_164321,HALO-AC3,RF07,2022-03-20T16:43:21.000000,1,288,286,manual
HALO-AC3_RF07_164321,HALO-AC3,RF07,2022-03-20T16:43:21.000000,1,316,137,manual
HALO-AC3_RF07_164321,HALO-AC3,RF07,2022-03-20T16:43:21.000000,1,323,129,manual
HALO-AC3_RF07_164321,HALO-AC3,RF07,2022-03-20T16:43:21.000000,1,313,373,suggested
HALO-AC3_RF07_164321,HALO-AC3,RF07,2022-03-20T16:43:21.000000,1,303,386,suggested
HALO-AC3_RF07_164321,HALO-AC3,RF07,2022-03-20T16:43:21.000000,1,227,288,suggested
HALO-AC3_RF07_164321,HALO-AC3,RF07,2022-03-20T16:43:21.000000,1,411,107,manual
HALO-AC3_RF07_164321,HALO-AC3,RF07,2022-03-20T16:43:21.000000,1,453,107,manual
HALO-AC3_RF07_164321,HALO-AC3,RF07,2022-03-20T16:43:21.000000,1,364,194,manual
HALO-AC3_RF07_164321,HALO-AC3,RF07,2022-03-20T16:43:21.000000,1,414,214,manual
HALO-AC3_RF07_164321,HALO-AC3,RF07,2022-03-20T16:43:21.000000,1,410,238,manual
HALO-AC3_RF07_164321,HALO-AC3,RF07,2022-03-20T16:43:21.000000,1,364,284,manual
HALO-AC3_RF07_164321,HALO-AC3,RF07,2022-03-20T16:43:21.000000,1,359,300,manual
HALO-AC3_RF07_164321,HALO-AC3,RF07,2022-03-20T16:43:21.000000,1,310,304,manual
HALO-AC3_RF07_164321,HALO-AC3,RF07,2022-03-20T16:43:21.000000,1,270,238,manual
HALO-AC3_RF07_164321,HALO-AC3,RF07,2022-03-20T16:43:21.000000,1,221,216,manual
HALO-AC3_RF07_164321,HALO-AC3,RF07,2022-03-20T16:43:21.000000,1,178,204,manual
HALO-AC3_RF07_164321,HALO-AC3,RF07,2022-03-20T16:43:21.000000,1,244,211,manual
HALO-AC3_RF07_164321,HALO-AC3,RF07,2022-03-20T16:43:21.000000,1,269,201,manual
HALO-AC3_RF07_164406,HALO-AC3,RF07,2022-03-20T16:44:06.000000,1,128,119,manual
HALO-AC3_RF07_164406,HALO-AC3,RF07,2022-03-20T16:44:06.000000,1,192,93,manual
HALO-AC3_RF07_164406,HALO-AC3,RF07,2022-03-20T16:44:06.000000,1,225,65,manual
HALO-AC3_RF07_164406,HALO-AC3,RF07,2022-03-20T16:44:06.000000,1,256,56,manual
HALO-AC3_RF07_164406,HALO-AC3,RF07,2022-03-20T16:44:06.000000,1,293,68,manual
HALO-AC3_RF07_164406,HALO-AC3,RF07,2022-03-20T16:44:06.000000,1,325,76,manual
HALO-AC3_RF07_164406,HALO-AC3,RF07,2022-03-20T16:44:06.000000,1,356,74,manual
HALO-AC3_RF07_164406,HALO-AC3,RF07,2022-03-20T16:44:06.000000,1,397,81,manual
HALO-AC3_RF07_164406,HALO-AC3,RF07,2022-03-20T16:44:06.000000,1,462,98,manual
HALO-AC3_RF07_164406,HALO-AC3,RF07,2022-03-20T16:44:06.000000,1,504,97,manual
HALO-AC3_RF07_164406,HALO-AC3,RF07,2022-03-20T16:44:06.000000,1,536,108,manual
HALO-AC3_RF07_164406,HALO-AC3,RF07,2022-03-20T16:44:06.000000,1,568,136,manual
HALO-AC3_RF07_164406,HALO-AC3,RF07,2022-03-20T16:44:06.000000,1,575,150,manual
HALO-AC3_RF07_164406,HALO-AC3,RF07,2022-03-20T16:44:06.000000,1,211,202,manual
HALO-AC3_RF07_164406,HALO-AC3,RF07,2022-03-20T16:44:06.000000,1,225,258,manual
HALO-AC3_RF07_164406,HALO-AC3,RF07,2022-03-20T16:44:06.000000,1,233,289,manual
HALO-AC3_RF07_164406,HALO-AC3,RF07,2022-03-20T16:44:06.000000,1,276,293,manual
HALO-AC3_RF07_164406,HALO-AC3,RF07,2022-03-20T16:44:06.000000,1,290,323,manual
HALO-AC3_RF07_164406,HALO-AC3,RF07,2022-03-20T16:44:06.000000,1,286,361,manual
HALO-AC3_RF07_164406,HALO-AC3,RF07,2022-03-20T16:44:06.000000,1,228,372,manual
HALO-AC3_RF07_164406,HALO-AC3,RF07,2022-03-20T16:44:06.000000,1,191,397,manual
HALO-AC3_RF07_164406,HALO-AC3,RF07,2022-03-20T16:44:06.000000,1,130,401,manual
HALO-AC3_RF07_164406,HALO-AC3,RF07,2022-03-20T16:44:06.000000,1,46,422,manual
HALO-AC3_RF07_164406,HALO-AC3,RF07,2022-03-20T16:44:06.000000,1,209,159,manual
HALO-AC3_RF07_164406,HALO-AC3,RF07,2022-03-20T16:44:06.000000,1,151,108,manual
HALO-AC3_RF09_085850,HALO-AC3,RF09,2022-03-28T08:58:50.000000,1,565,52,suggested
HALO-AC3_RF09_085850,HALO-AC3,RF09,2022-03-28T08:58:50.000000,1,555,64,suggested
HALO-AC3_RF09_085850,HALO-AC3,RF09,2022-03-28T08:58:50.000000,1,545,76,suggested
HALO-AC3_RF09_085850,HALO-AC3,RF09,2022-03-28T08:58:50.000000,1,540,89,suggested
HALO-AC3_RF09_085850,HALO-AC3,RF09,2022-03-28T08:58:50.000000,1,537,104,suggested
HALO-AC3_RF09_085850,HALO-AC3,RF09,2022-03-28T08:58:50.000000,1,540,118,suggested
HALO-AC3_RF09_085850,HALO-AC3,RF09,2022-03-28T08:58:50.000000,1,541,137,suggested
HALO-AC3_RF09_085850,HALO-AC3,RF09,2022-03-28T08:58:50.000000,1,535,154,suggested
HALO-AC3_RF09_085850,HALO-AC3,RF09,2022-03-28T08:58:50.000000,1,534,169,suggested
HALO-AC3_RF09_085850,HALO-AC3,RF09,2022-03-28T08:58:50.000000,1,531,187,suggested
HALO-AC3_RF09_085850,HALO-AC3,RF09,2022-03-28T08:58:50.000000,1,520,202,suggested
HALO-AC3_RF09_085850,HALO-AC3,RF09,2022-03-28T08:58:50.000000,1,508,214,suggested
HALO-AC3_RF09_085850,HALO-AC3,RF09,2022-03-28T08:58:50.000000,1,495,225,suggested
HALO-AC3_RF09_085850,HALO-AC3,RF09,2022-03-28T08:58:50.000000,1,482,236,suggested
HALO-AC3_RF09_085850,HALO-AC3,RF09,2022-03-28T08:58:50.000000,1,475,248,suggested
HALO-AC3_RF09_085850,HALO-AC3,RF09,2022-03-28T08:58:50.000000,1,468,266,suggested
HALO-AC3_RF09_085850,HALO-AC3,RF09,2022-03-28T08:58:50.000000,1,462,282,suggested
HALO-AC3_RF09_085850,HALO-AC3,RF09,2022-03-28T08:58:50.000000,1,460,298,suggested
HALO-AC3_RF09_085850,HALO-AC3,RF09,2022-03-28T08:58:50.000000,1,460,311,suggested
HALO-AC3_RF09_085850,HALO-AC3,RF09,2022-03-28T08:58:50.000000,1,465,325,suggested
HALO-AC3_RF09_085850,HALO-AC3,RF09,2022-03-28T08:58:50.000000,1,472,342,suggested
HALO-AC3_RF09_085850,HALO-AC3,RF09,2022-03-28T08:58:50.000000,1,477,357,suggested
HALO-AC3_RF09_085850,HALO-AC3,RF09,2022-03-28T08:58:50.000000,1,486,371,suggested
HALO-AC3_RF09_085850,HALO-AC3,RF09,2022-03-28T08:58:50.000000,1,492,390,suggested
HALO-AC3_RF09_085850,HALO-AC3,RF09,2022-03-28T08:58:50.000000,1,492,408,suggested
HALO-AC3_RF09_085850,HALO-AC3,RF09,2022-03-28T08:58:50.000000,1,495,421,suggested
HALO-AC3_RF09_085850,HALO-AC3,RF09,2022-03-28T08:58:50.000000,1,504,429,suggested
HALO-AC3_RF09_085850,HALO-AC3,RF09,2022-03-28T08:58:50.000000,1,518,437,suggested
HALO-AC3_RF09_085850,HALO-AC3,RF09,2022-03-28T08:58:50.000000,1,532,448,suggested
HALO-AC3_RF09_085850,HALO-AC3,RF09,2022-03-28T08:58:50.000000,1,51,394,suggested
HALO-AC3_RF09_085850,HALO-AC3,RF09,2022-03-28T08:58:50.000000,1,67,391,suggested
HALO-AC3_RF09_085850,HALO-AC3,RF09,2022-03-28T08:58:50.000000,1,99,391,suggested
HALO-AC3_RF09_085850,HALO-AC3,RF09,2022-03-28T08:58:50.000000,1,114,384,suggested
HALO-AC3_RF09_085850,HALO-AC3,RF09,2022-03-28T08:58:50.000000,1,129,380,suggested
HALO-AC3_RF09_085850,HALO-AC3,RF09,2022-03-28T08:58:50.000000,1,144,375,suggested
HALO-AC3_RF09_085850,HALO-AC3,RF09,2022-03-28T08:58:50.000000,1,160,370,suggested
HALO-AC3_RF09_085850,HALO-AC3,RF09,2022-03-28T08:58:50.000000,1,176,369,suggested
HALO-AC3_RF09_085850,HALO-AC3,RF09,2022-03-28T08:58:50.000000,1,189,364,suggested
HALO-AC3_RF09_085850,HALO-AC3,RF09,2022-03-28T08:58:50.000000,1,191,363,suggested
HALO-AC3_RF09_085850,HALO-AC3,RF09,2022-03-28T08:58:50.000000,1,202,343,suggested
HALO-AC3_RF09_085850,HALO-AC3,RF09,2022-03-28T08:58:50.000000,1,192,322,suggested
HALO-AC3_RF09_085850,HALO-AC3,RF09,2022-03-28T08:58:50.000000,1,182,310,suggested
HALO-AC3_RF09_085850,HALO-AC3,RF09,2022-03-28T08:58:50.000000,1,172,296,suggested
HALO-AC3_RF09_085850,HALO-AC3,RF09,2022-03-28T08:58:50.000000,1,169,284,suggested
HALO-AC3_RF09_085850,HALO-AC3,RF09,2022-03-28T08:58:50.000000,1,153,267,suggested
HALO-AC3_RF09_085850,HALO-AC3,RF09,2022-03-28T08:58:50.000000,1,136,262,suggested
HALO-AC3_RF09_085850,HALO-AC3,RF09,2022-03-28T08:58:50.000000,1,119,260,suggested
HALO-AC3_RF09_085850,HALO-AC3,RF09,2022-03-28T08:58:50.000000,1,107,267,suggested
HALO-AC3_RF09_085850,HALO-AC3,RF09,2022-03-28T08:58:50.000000,1,104,267,suggested
HALO-AC3_RF09_085850,HALO-AC3,RF09,2022-03-28T08:58:50.000000,1,118,259,suggested
HALO-AC3_RF09_085850,HALO-AC3,RF09,2022-03-28T08:58:50.000000,1,89,267,suggested
HALO-AC3_RF09_085850,HALO-AC3,RF09,2022-03-28T08:58:50.000000,1,72,268,suggested
HALO-AC3_RF09_085850,HALO-AC3,RF09,2022-03-28T08:58:50.000000,1,60,276,suggested
HALO-AC3_RF09_085939,HALO-AC3,RF09,2022-03-28T08:59:39.000000,1,138,60,suggested
HALO-AC3_RF09_085939,HALO-AC3,RF09,2022-03-28T08:59:39.000000,1,148,77,suggested
HALO-AC3_RF09_085939,HALO-AC3,RF09,2022-03-28T08:59:39.000000,1,154,86,suggested
HALO-AC3_RF09_085939,HALO-AC3,RF09,2022-03-28T08:59:39.000000,1,194,117,suggested
HALO-AC3_RF09_085939,HALO-AC3,RF09,2022-03-28T08:59:39.000000,1,206,135,suggested
HALO-AC3_RF09_085939,HALO-AC3,RF09,2022-03-28T08:59:39.000000,1,213,152,suggested
HALO-AC3_RF09_085939,HALO-AC3,RF09,2022-03-28T08:59:39.000000,1,219,167,suggested
HALO-AC3_RF09_085939,HALO-AC3,RF09,2022-03-28T08:59:39.000000,1,224,185,suggested
HALO-AC3_RF09_085939,HALO-AC3,RF09,2022-03-28T08:59:39.000000,1,229,202,suggested
HALO-AC3_RF09_085939,HALO-AC3,RF09,2022-03-28T08:59:39.000000,1,233,219,suggested
HALO-AC3_RF09_085939,HALO-AC3,RF09,2022-03-28T08:59:39.000000,1,236,238,suggested
HALO-AC3_RF09_085939,HALO-AC3,RF09,2022-03-28T08:59:39.000000,1,242,250,suggested
HALO-AC3_RF09_085939,HALO-AC3,RF09,2022-03-28T08:59:39.000000,1,247,263,suggested
HALO-AC3_RF09_085939,HALO-AC3,RF09,2022-03-28T08:59:39.000000,1,246,288,suggested
HALO-AC3_RF09_085939,HALO-AC3,RF09,2022-03-28T08:59:39.000000,1,245,303,suggested
HALO-AC3_RF09_085939,HALO-AC3,RF09,2022-03-28T08:59:39.000000,1,249,318,suggested
HALO-AC3_RF09_085939,HALO-AC3,RF09,2022-03-28T08:59:39.000000,1,255,331,suggested
HALO-AC3_RF09_085939,HALO-AC3,RF09,2022-03-28T08:59:39.000000,1,260,352,suggested
HALO-AC3_RF09_085939,HALO-AC3,RF09,2022-03-28T08:59:39.000000,1,260,372,suggested
HALO-AC3_RF09_085939,HALO-AC3,RF09,2022-03-28T08:59:39.000000,1,264,382,suggested
HALO-AC3_RF09_085939,HALO-AC3,RF09,2022-03-28T08:59:39.000000,1,272,397,suggested
HALO-AC3_RF09_085939,HALO-AC3,RF09,2022-03-28T08:59:39.000000,1,279,413,suggested
HALO-AC3_RF09_085939,HALO-AC3,RF09,2022-03-28T08:59:39.000000,1,287,430,suggested
HALO-AC3_RF09_085939,HALO-AC3,RF09,2022-03-28T08:59:39.000000,1,288,449,suggested
HALO-AC3_RF09_090041,HALO-AC3,RF09,2022-03-28T09:00:41.000000,1,57,76,suggested
HALO-AC3_RF09_090041,HALO-AC3,RF09,2022-03-28T09:00:41.000000,1,75,71,suggested
HALO-AC3_RF09_090041,HALO-AC3,RF09,2022-03-28T09:00:41.000000,1,94,68,suggested
HALO-AC3_RF09_090041,HALO-AC3,RF09,2022-03-28T09:00:41.000000,1,110,59,suggested
HALO-AC3_RF09_090041,HALO-AC3,RF09,2022-03-28T09:00:41.000000,1,197,55,suggested
HALO-AC3_RF09_090041,HALO-AC3,RF09,2022-03-28T09:00:41.000000,1,213,62,suggested
HALO-AC3_RF09_090041,HALO-AC3,RF09,2022-03-28T09:00:41.000000,1,228,69,suggested
HALO-AC3_RF09_090041,HALO-AC3,RF09,2022-03-28T09:00:41.000000,1,243,77,suggested
HALO-AC3_RF09_090041,HALO-AC3,RF09,2022-03-28T09:00:41.000000,1,259,84,suggested
HALO-AC3_RF09_090041,HALO-AC3,RF09,2022-03-28T09:00:41.000000,1,275,90,suggested
HALO-AC3_RF09_090041,HALO-AC3,RF09,2022-03-28T09:00:41.000000,1,292,97,suggested
HALO-AC3_RF09_090041,HALO-AC3,RF09,2022-03-28T09:00:41.000000,1,308,102,suggested
HALO-AC3_RF09_090041,HALO-AC3,RF09,2022-03-28T09:00:41.000000,1,327,107,suggested
HALO-AC3_RF09_090041,HALO-AC3,RF09,2022-03-28T09:00:41.000000,1,342,108,suggested
HALO-AC3_RF09_090041,HALO-AC3,RF09,2022-03-28T09:00:41.000000,1,358,113,suggested
HALO-AC3_RF09_090041,HALO-AC3,RF09,2022-03-28T09:00:41.000000,1,373,121,suggested
HALO-AC3_RF09_090041,HALO-AC3,RF09,2022-03-28T09:00:41.000000,1,390,130,suggested
HALO-AC3_RF09_090041,HALO-AC3,RF09,2022-03-28T09:00:41.000000,1,403,137,suggested
HALO-AC3_RF09_090041,HALO-AC3,RF09,2022-03-28T09:00:41.000000,1,418,149,suggested
HALO-AC3_RF09_090041,HALO-AC3,RF09,2022-03-28T09:00:41.000000,1,432,157,suggested
HALO-AC3_RF09_090041,HALO-AC3,RF09,2022-03-28T09:00:41.000000,1,447,164,suggested
HALO-AC3_RF09_090041,HALO-AC3,RF09,2022-03-28T09:00:41.000000,1,459,177,suggested
HALO-AC3_RF09_090041,HALO-AC3,RF09,2022-03-28T09:00:41.000000,1,466,194,suggested
HALO-AC3_RF09_090041,HALO-AC3,RF09,2022-03-28T09:00:41.000000,1,465,211,suggested
HALO-AC3_RF09_090041,HALO-AC3,RF09,2022-03-28T09:00:41.000000,1,465,229,suggested
HALO-AC3_RF09_090041,HALO-AC3,RF09,2022-03-28T09:00:41.000000,1,464,246,suggested
HALO-AC3_RF09_090041,HALO-AC3,RF09,2022-03-28T09:00:41.000000,1,461,262,suggested
HALO-AC3_RF09_090041,HALO-AC3,RF09,2022-03-28T09:00:41.000000,1,459,278,suggested
HALO-AC3_RF09_090041,HALO-AC3,RF09,2022-03-28T09:00:41.000000,1,456,296,suggested
HALO-AC3_RF09_090041,HALO-AC3,RF09,2022-03-28T09:00:41.000000,1,450,314,suggested
HALO-AC3_RF09_090041,HALO-AC3,RF09,2022-03-28T09:00:41.000000,1,447,326,suggested
HALO-AC3_RF09_090041,HALO-AC3,RF09,2022-03-28T09:00:41.000000,1,453,333,suggested
HALO-AC3_RF09_090041,HALO-AC3,RF09,2022-03-28T09:00:41.000000,1,438,346,suggested
HALO-AC3_RF09_090041,HALO-AC3,RF09,2022-03-28T09:00:41.000000,1,441,363,suggested
HALO-AC3_RF09_090041,HALO-AC3,RF09,2022-03-28T09:00:41.000000,1,441,362,suggested
HALO-AC3_RF09_090041,HALO-AC3,RF09,2022-03-28T09:00:41.000000,1,439,360,suggested
HALO-AC3_RF09_090041,HALO-AC3,RF09,2022-03-28T09:00:41.000000,1,453,359,suggested
HALO-AC3_RF09_090041,HALO-AC3,RF09,2022-03-28T09:00:41.000000,1,475,361,suggested
HALO-AC3_RF09_090041,HALO-AC3,RF09,2022-03-28T09:00:41.000000,1,492,346,suggested
HALO-AC3_RF09_090041,HALO-AC3,RF09,2022-03-28T09:00:41.000000,1,499,330,suggested
HALO-AC3_RF09_090041,HALO-AC3,RF09,2022-03-28T09:00:41.000000,1,506,323,suggested
HALO-AC3_RF09_090041,HALO-AC3,RF09,2022-03-28T09:00:41.000000,1,515,307,suggested
HALO-AC3_RF09_090041,HALO-AC3,RF09,2022-03-28T09:00:41.000000,1,522,293,suggested
HALO-AC3_RF09_090041,HALO-AC3,RF09,2022-03-28T09:00:41.000000,1,529,275,suggested
HALO-AC3_RF09_090041,HALO-AC3,RF09,2022-03-28T09:00:41.000000,1,516,264,suggested
HALO-AC3_RF09_090041,HALO-AC3,RF09,2022-03-28T09:00:41.000000,1,535,246,suggested
HALO-AC3_RF09_090041,HALO-AC3,RF09,2022-03-28T09:00:41.000000,1,524,245,suggested
HALO-AC3_RF09_090041,HALO-AC3,RF09,2022-03-28T09:00:41.000000,1,543,235,suggested
HALO-AC3_RF09_090041,HALO-AC3,RF09,2022-03-28T09:00:41.000000,1,546,217,suggested
HALO-AC3_RF09_090041,HALO-AC3,RF09,2022-03-28T09:00:41.000000,1,544,199,suggested
HALO-AC3_RF09_090041,HALO-AC3,RF09,2022-03-28T09:00:41.000000,1,550,189,suggested
HALO-AC3_RF09_090041,HALO-AC3,RF09,2022-03-28T09:00:41.000000,1,559,173,suggested
HALO-AC3_RF09_090041,HALO-AC3,RF09,2022-03-28T09:00:41.000000,1,567,161,suggested
HALO-AC3_RF09_090041,HALO-AC3,RF09,2022-03-28T09:00:41.000000,1,573,150,suggested
HALO-AC3_RF09_090207,HALO-AC3,RF09,2022-03-28T09:02:07.000000,1,367,327,suggested
HALO-AC3_RF09_090207,HALO-AC3,RF09,2022-03-28T09:02:07.000000,1,259,333,suggested
HALO-AC3_RF09_090207,HALO-AC3,RF09,2022-03-28T09:02:07.000000,1,547,57,suggested
HALO-AC3_RF09_090207,HALO-AC3,RF09,2022-03-28T09:02:07.000000,1,549,70,suggested
HALO-AC3_RF09_090207,HALO-AC3,RF09,2022-03-28T09:02:07.000000,1,551,87,suggested
HALO-AC3_RF09_090207,HALO-AC3,RF09,2022-03-28T09:02:07.000000,1,553,103,suggested
HALO-AC3_RF09_090207,HALO-AC3,RF09,2022-03-28T09:02:07.000000,1,553,120,suggested
HALO-AC3_RF09_090207,HALO-AC3,RF09,2022-03-28T09:02:07.000000,1,552,132,suggested
HALO-AC3_RF09_090207,HALO-AC3,RF09,2022-03-28T09:02:07.000000,1,553,150,suggested
HALO-AC3_RF09_090207,HALO-AC3,RF09,2022-03-28T09:02:07.000000,1,552,155,suggested
HALO-AC3_RF09_090207,HALO-AC3,RF09,2022-03-28T09:02:07.000000,1,548,165,suggested
HALO-AC3_RF09_090207,HALO-AC3,RF09,2022-03-28T09:02:07.000000,1,542,187,suggested
HALO-AC3_RF09_090207,HALO-AC3,RF09,2022-03-28T09:02:07.000000,1,539,195,suggested
HALO-AC3_RF09_090207,HALO-AC3,RF09,2022-03-28T09:02:07.000000,1,529,205,suggested
HALO-AC3_RF09_090207,HALO-AC3,RF09,2022-03-28T09:02:07.000000,1,517,221,suggested
HALO-AC3_RF09_090207,HALO-AC3,RF09,2022-03-28T09:02:07.000000,1,508,232,suggested
HALO-AC3_RF09_090207,HALO-AC3,RF09,2022-03-28T09:02:07.000000,1,503,241,suggested
HALO-AC3_RF09_090207,HALO-AC3,RF09,2022-03-28T09:02:07.000000,1,486,257,suggested
HALO-AC3_RF09_090207,HALO-AC3,RF09,2022-03-28T09:02:07.000000,1,478,264,suggested
HALO-AC3_RF09_090207,HALO-AC3,RF09,2022-03-28T09:02:07.000000,1,483,261,suggested
HALO-AC3_RF09_090207,HALO-AC3,RF09,2022-03-28T09:02:07.000000,1,475,274,suggested
HALO-AC3_RF09_090207,HALO-AC3,RF09,2022-03-28T09:02:07.000000,1,462,291,suggested
HALO-AC3_RF09_090207,HALO-AC3,RF09,2022-03-28T09:02:07.000000,1,454,295,suggested
HALO-AC3_RF09_090207,HALO-AC3,RF09,2022-03-28T09:02:07.000000,1,441,304,suggested
HALO-AC3_RF09_090207,HALO-AC3,RF09,2022-03-28T09:02:07.000000,1,429,313,suggested
HALO-AC3_RF09_090207,HALO-AC3,RF09,2022-03-28T09:02:07.000000,1,425,321,suggested
HALO-AC3_RF09_090207,HALO-AC3,RF09,2022-03-28T09:02:07.000000,1,405,327,suggested
HALO-AC3_RF09_090207,HALO-AC3,RF09,2022-03-28T09:02:07.000000,1,388,327,suggested
HALO-AC3_RF09_090207,HALO-AC3,RF09,2022-03-28T09:02:07.000000,1,379,335,suggested
HALO-AC3_RF09_090207,HALO-AC3,RF09,2022-03-28T09:02:07.000000,1,351,324,suggested
HALO-AC3_RF09_090207,HALO-AC3,RF09,2022-03-28T09:02:07.000000,1,340,325,suggested
HALO-AC3_RF09_090207,HALO-AC3,RF09,2022-03-28T09:02:07.000000,1,321,319,suggested
HALO-AC3_RF09_090207,HALO-AC3,RF09,2022-03-28T09:02:07.000000,1,308,321,suggested
HALO-AC3_RF09_090207,HALO-AC3,RF09,2022-03-28T09:02:07.000000,1,293,324,suggested
HALO-AC3_RF09_090207,HALO-AC3,RF09,2022-03-28T09:02:07.000000,1,271,330,suggested
HALO-AC3_RF09_090207,HALO-AC3,RF09,2022-03-28T09:02:07.000000,1,258,334,suggested
HALO-AC3_RF09_090207,HALO-AC3,RF09,2022-03-28T09:02:07.000000,1,242,339,suggested
HALO-AC3_RF09_090207,HALO-AC3,RF09,2022-03-28T09:02:07.000000,1,226,335,suggested
HALO-AC3_RF09_090207,HALO-AC3,RF09,2022-03-28T09:02:07.000000,1,210,331,suggested
HALO-AC3_RF09_090207,HALO-AC3,RF09,2022-03-28T09:02:07.000000,1,202,332,suggested
HALO-AC3_RF09_090207,HALO-AC3,RF09,2022-03-28T09:02:07.000000,1,186,334,suggested
HALO-AC3_RF09_090207,HALO-AC3,RF09,2022-03-28T09:02:07.000000,1,166,344,suggested
HALO-AC3_RF09_090207,HALO-AC3,RF09,2022-03-28T09:02:07.000000,1,181,336,suggested
HALO-AC3_RF09_090207,HALO-AC3,RF09,2022-03-28T09:02:07.000000,1,167,343,suggested
HALO-AC3_RF09_090207,HALO-AC3,RF09,2022-03-28T09:02:07.000000,1,145,346,suggested
HALO-AC3_RF09_090207,HALO-AC3,RF09,2022-03-28T09:02:07.000000,1,135,349,suggested
HALO-AC3_RF09_090207,HALO-AC3,RF09,2022-03-28T09:02:07.000000,1,109,348,suggested
HALO-AC3_RF09_090207,HALO-AC3,RF09,2022-03-28T09:02:07.000000,1,107,347,suggested
HALO-AC3_RF09_090207,HALO-AC3,RF09,2022-03-28T09:02:07.000000,1,97,347,suggested
HALO-AC3_RF09_090207,HALO-AC3,RF09,2022-03-28T09:02:07.000000,1,71,343,suggested
HALO-AC3_RF09_090207,HALO-AC3,RF09,2022-03-28T09:02:07.000000,1,57,329,suggested
HALO-AC3_RF09_111905,HALO-AC3,RF09,2022-03-28T11:19:05.000000,1,44,309,suggested
HALO-AC3_RF09_111905,HALO-AC3,RF09,2022-03-28T11:19:05.000000,1,53,314,suggested
HALO-AC3_RF09_111905,HALO-AC3,RF09,2022-03-28T11:19:05.000000,1,60,317,suggested
HALO-AC3_RF09_111905,HALO-AC3,RF09,2022-03-28T11:19:05.000000,1,67,326,suggested
HALO-AC3_RF09_111905,HALO-AC3,RF09,2022-03-28T11:19:05.000000,1,73,331,suggested
HALO-AC3_RF09_111905,HALO-AC3,RF09,2022-03-28T11:19:05.000000,1,70,340,suggested
HALO-AC3_RF09_111905,HALO-AC3,RF09,2022-03-28T11:19:05.000000,1,78,350,suggested
HALO-AC3_RF09_111905,HALO-AC3,RF09,2022-03-28T11:19:05.000000,1,87,355,suggested
HALO-AC3_RF09_111905,HALO-AC3,RF09,2022-03-28T11:19:05.000000,1,93,358,suggested
HALO-AC3_RF09_111905,HALO-AC3,RF09,2022-03-28T11:19:05.000000,1,99,370,suggested
HALO-AC3_RF09_111905,HALO-AC3,RF09,2022-03-28T11:19:05.000000,1,109,377,suggested
HALO-AC3_RF09_111905,HALO-AC3,RF09,2022-03-28T11:19:05.000000,1,116,384,suggested
HALO-AC3_RF09_111905,HALO-AC3,RF09,2022-03-28T11:19:05.000000,1,121,396,suggested
HALO-AC3_RF09_111905,HALO-AC3,RF09,2022-03-28T11:19:05.000000,1,132,401,suggested
HALO-AC3_RF09_111905,HALO-AC3,RF09,2022-03-28T11:19:05.000000,1,139,410,suggested
HALO-AC3_RF09_111905,HALO-AC3,RF09,2022-03-28T11:19:05.000000,1,139,422,suggested
HALO-AC3_RF09_111905,HALO-AC3,RF09,2022-03-28T11:19:05.000000,1,146,434,suggested
HALO-AC3_RF09_111905,HALO-AC3,RF09,2022-03-28T11:19:05.000000,1,147,447,suggested
HALO-AC3_RF09_111905,HALO-AC3,RF09,2022-03-28T11:19:05.000000,1,153,457,suggested
HALO-AC3_RF09_111954,HALO-AC3,RF09,2022-03-28T11:19:54.000000,1,301,75,manual
HALO-AC3_RF09_111954,HALO-AC3,RF09,2022-03-28T11:19:54.000000,1,403,405,manual
HALO-AC3_RF09_111954,HALO-AC3,RF09,2022-03-28T11:19:54.000000,1,427,426,manual
HALO-AC3_RF09_111954,HALO-AC3,RF09,2022-03-28T11:19:54.000000,1,448,453,manual
HALO-AC3_RF09_111954,HALO-AC3,RF09,2022-03-28T11:19:54.000000,1,487,488,manual
HALO-AC3_RF09_111954,HALO-AC3,RF09,2022-03-28T11:19:54.000000,1,287,390,manual
HALO-AC3_RF09_111954,HALO-AC3,RF09,2022-03-28T11:19:54.000000,1,314,412,manual
HALO-AC3_RF09_112006,HALO-AC3,RF09,2022-03-28T11:20:06.000000,1,420,48,suggested
HALO-AC3_RF09_112006,HALO-AC3,RF09,2022-03-28T11:20:06.000000,1,427,61,suggested
HALO-AC3_RF09_112006,HALO-AC3,RF09,2022-03-28T11:20:06.000000,1,434,69,suggested
HALO-AC3_RF09_112006,HALO-AC3,RF09,2022-03-28T11:20:06.000000,1,449,83,suggested
HALO-AC3_RF09_112006,HALO-AC3,RF09,2022-03-28T11:20:06.000000,1,456,97,suggested
HALO-AC3_RF09_112006,HALO-AC3,RF09,2022-03-28T11:20:06.000000,1,461,110,suggested
HALO-AC3_RF09_112006,HALO-AC3,RF09,2022-03-28T11:20:06.000000,1,509,176,suggested
HALO-AC3_RF09_112006,HALO-AC3,RF09,2022-03-28T11:20:06.000000,1,517,183,suggested
HALO-AC3_RF09_112006,HALO-AC3,RF09,2022-03-28T11:20:06.000000,1,529,199,suggested
HALO-AC3_RF09_112006,HALO-AC3,RF09,2022-03-28T11:20:06.000000,1,534,215,suggested
HALO-AC3_RF09_112006,HALO-AC3,RF09,2022-03-28T11:20:06.000000,1,534,234,suggested
HALO-AC3_RF09_112006,HALO-AC3,RF09,2022-03-28T11:20:06.000000,1,516,250,suggested
HALO-AC3_RF09_112006,HALO-AC3,RF09,2022-03-28T11:20:06.000000,1,524,244,suggested
HALO-AC3_RF09_112006,HALO-AC3,RF09,2022-03-28T11:20:06.000000,1,516,264,suggested
HALO-AC3_RF09_112006,HALO-AC3,RF09,2022-03-28T11:20:06.000000,1,536,240,suggested
HALO-AC3_RF09_112006,HALO-AC3,RF09,2022-03-28T11:20:06.000000,1,557,368,suggested
HALO-AC3_RF09_112006,HALO-AC3,RF09,2022-03-28T11:20:06.000000,1,570,310,suggested
HALO-AC3_RF09_112006,HALO-AC3,RF09,2022-03-28T11:20:06.000000,1,571,327,suggested
HALO-AC3_RF09_112006,HALO-AC3,RF09,2022-03-28T11:20:06.000000,1,566,343,suggested
HALO-AC3_RF09_112006,HALO-AC3,RF09,2022-03-28T11:20:06.000000,1,561,359,suggested
HALO-AC3_RF09_112006,HALO-AC3,RF09,2022-03-28T11:20:06.000000,1,555,375,suggested
HALO-AC3_RF09_112006,HALO-AC3,RF09,2022-03-28T11:20:06.000000,1,554,391,suggested
HALO-AC3_RF09_112006,HALO-AC3,RF09,2022-03-28T11:20:06.000000,1,559,405,suggested
HALO-AC3_RF09_112006,HALO-AC3,RF09,2022-03-28T11:20:06.000000,1,566,420,suggested
HALO-AC3_RF09_112006,HALO-AC3,RF09,2022-03-28T11:20:06.000000,1,573,435,suggested
HALO-AC3_RF09_112006,HALO-AC3,RF09,2022-03-28T11:20:06.000000,1,581,450,suggested
HALO-AC3_RF09_154220,HALO-AC3,RF09,2022-03-28T15:42:20.000000,1,51,149,suggested
HALO-AC3_RF09_154220,HALO-AC3,RF09,2022-03-28T15:42:20.000000,1,61,142,suggested
HALO-AC3_RF09_154220,HALO-AC3,RF09,2022-03-28T15:42:20.000000,1,70,132,suggested
HALO-AC3_RF09_154220,HALO-AC3,RF09,2022-03-28T15:42:20.000000,1,77,123,suggested
HALO-AC3_RF09_154220,HALO-AC3,RF09,2022-03-28T15:42:20.000000,1,87,114,suggested
HALO-AC3_RF09_154220,HALO-AC3,RF09,2022-03-28T15:42:20.000000,1,96,107,suggested
HALO-AC3_RF09_154220,HALO-AC3,RF09,2022-03-28T15:42:20.000000,1,113,97,suggested
HALO-AC3_RF09_154220,HALO-AC3,RF09,2022-03-28T15:42:20.000000,1,120,98,suggested
HALO-AC3_RF09_154220,HALO-AC3,RF09,2022-03-28T15:42:20.000000,1,131,97,suggested
HALO-AC3_RF09_154220,HALO-AC3,RF09,2022-03-28T15:42:20.000000,1,145,92,suggested
HALO-AC3_RF09_154220,HALO-AC3,RF09,2022-03-28T15:42:20.000000,1,158,88,suggested
HALO-AC3_RF09_154220,HALO-AC3,RF09,2022-03-28T15:42:20.000000,1,168,86,suggested
HALO-AC3_RF09_154220,HALO-AC3,RF09,2022-03-28T15:42:20.000000,1,184,87,suggested
HALO-AC3_RF09_154220,HALO-AC3,RF09,2022-03-28T15:42:20.000000,1,191,92,suggested
HALO-AC3_RF09_154220,HALO-AC3,RF09,2022-03-28T15:42:20.000000,1,205,98,suggested
HALO-AC3_RF09_154220,HALO-AC3,RF09,2022-03-28T15:42:20.000000,1,214,104,suggested
HALO-AC3_RF09_154220,HALO-AC3,RF09,2022-03-28T15:42:20.000000,1,220,107,suggested
HALO-AC3_RF09_154220,HALO-AC3,RF09,2022-03-28T15:42:20.000000,1,236,111,suggested
HALO-AC3_RF09_154220,HALO-AC3,RF09,2022-03-28T15:42:20.000000,1,244,113,suggested
HALO-AC3_RF09_154220,HALO-AC3,RF09,2022-03-28T15:42:20.000000,1,267,114,suggested
HALO-AC3_RF09_154220,HALO-AC3,RF09,2022-03-28T15:42:20.000000,1,276,133,suggested
HALO-AC3_RF09_154220,HALO-AC3,RF09,2022-03-28T15:42:20.000000,1,275,140,suggested
HALO-AC3_RF09_154220,HALO-AC3,RF09,2022-03-28T15:42:20.000000,1,275,152,suggested
HALO-AC3_RF09_154220,HALO-AC3,RF09,2022-03-28T15:42:20.000000,1,276,165,suggested
HALO-AC3_RF09_154220,HALO-AC3,RF09,2022-03-28T15:42:20.000000,1,275,177,suggested
HALO-AC3_RF09_154220,HALO-AC3,RF09,2022-03-28T15:42:20.000000,1,276,197,suggested
HALO-AC3_RF09_154220,HALO-AC3,RF09,2022-03-28T15:42:20.000000,1,275,202,suggested
HALO-AC3_RF09_154220,HALO-AC3,RF09,2022-03-28T15:42:20.000000,1,267,215,suggested
HALO-AC3_RF09_154220,HALO-AC3,RF09,2022-03-28T15:42:20.000000,1,255,223,suggested
HALO-AC3_RF09_154220,HALO-AC3,RF09,2022-03-28T15:42:20.000000,1,246,225,suggested
HALO-AC3_RF09_154220,HALO-AC3,RF09,2022-03-28T15:42:20.000000,1,236,229,suggested
HALO-AC3_RF09_154220,HALO-AC3,RF09,2022-03-28T15:42:20.000000,1,223,236,suggested
HALO-AC3_RF09_154220,HALO-AC3,RF09,2022-03-28T15:42:20.000000,1,212,243,suggested
HALO-AC3_RF09_154220,HALO-AC3,RF09,2022-03-28T15:42:20.000000,1,203,253,suggested
HALO-AC3_RF09_154220,HALO-AC3,RF09,2022-03-28T15:42:20.000000,1,194,262,suggested
HALO-AC3_RF09_154220,HALO-AC3,RF09,2022-03-28T15:42:20.000000,1,185,271,suggested
HALO-AC3_RF09_154220,HALO-AC3,RF09,2022-03-28T15:42:20.000000,1,177,281,suggested
HALO-AC3_RF09_154220,HALO-AC3,RF09,2022-03-28T15:42:20.000000,1,168,288,suggested
HALO-AC3_RF09_154220,HALO-AC3,RF09,2022-03-28T15:42:20.000000,1,159,298,suggested
HALO-AC3_RF09_154220,HALO-AC3,RF09,2022-03-28T15:42:20.000000,1,161,314,suggested
HALO-AC3_RF09_154220,HALO-AC3,RF09,2022-03-28T15:42:20.000000,1,158,320,suggested
HALO-AC3_RF09_154220,HALO-AC3,RF09,2022-03-28T15:42:20.000000,1,151,331,suggested
HALO-AC3_RF09_154220,HALO-AC3,RF09,2022-03-28T15:42:20.000000,1,145,342,suggested
HALO-AC3_RF09_154220,HALO-AC3,RF09,2022-03-28T15:42:20.000000,1,147,356,suggested
HALO-AC3_RF09_154220,HALO-AC3,RF09,2022-03-28T15:42:20.000000,1,149,358,suggested
HALO-AC3_RF09_154220,HALO-AC3,RF09,2022-03-28T15:42:20.000000,1,167,363,suggested
HALO-AC3_RF09_154220,HALO-AC3,RF09,2022-03-28T15:42:20.000000,1,179,373,suggested
HALO-AC3_RF09_154220,HALO-AC3,RF09,2022-03-28T15:42:20.000000,1,182,375,suggested
HALO-AC3_RF09_154220,HALO-AC3,RF09,2022-03-28T15:42:20.000000,1,191,376,suggested
HALO-AC3_RF09_154220,HALO-AC3,RF09,2022-03-28T15:42:20.000000,1,201,374,suggested
HALO-AC3_RF09_154220,HALO-AC3,RF09,2022-03-28T15:42:20.000000,1,210,364,suggested
HALO-AC3_RF09_154220,HALO-AC3,RF09,2022-03-28T15:42:20.000000,1,212,360,suggested
HALO-AC3_RF09_154220,HALO-AC3,RF09,2022-03-28T15:42:20.000000,1,223,354,suggested
HALO-AC3_RF09_154220,HALO-AC3,RF09,2022-03-28T15:42:20.000000,1,233,343,suggested
HALO-AC3_RF09_154220,HALO-AC3,RF09,2022-03-28T15:42:20.000000,1,241,336,suggested
HALO-AC3_RF09_154220,HALO-AC3,RF09,2022-03-28T15:42:20.000000,1,251,327,suggested
HALO-AC3_RF09_154220,HALO-AC3,RF09,2022-03-28T15:42:20.000000,1,260,318,suggested
HALO-AC3_RF09_154220,HALO-AC3,RF09,2022-03-28T15:42:20.000000,1,270,309,suggested
HALO-AC3_RF09_154220,HALO-AC3,RF09,2022-03-28T15:42:20.000000,1,286,300,suggested
HALO-AC3_RF09_154220,HALO-AC3,RF09,2022-03-28T15:42:20.000000,1,296,300,suggested
HALO-AC3_RF09_154220,HALO-AC3,RF09,2022-03-28T15:42:20.000000,1,312,301,suggested
HALO-AC3_RF09_154220,HALO-AC3,RF09,2022-03-28T15:42:20.000000,1,322,303,suggested
HALO-AC3_RF09_154220,HALO-AC3,RF09,2022-03-28T15:42:20.000000,1,334,302,suggested
HALO-AC3_RF09_154220,HALO-AC3,RF09,2022-03-28T15:42:20.000000,1,347,300,suggested
HALO-AC3_RF09_154220,HALO-AC3,RF09,2022-03-28T15:42:20.000000,1,363,296,suggested
HALO-AC3_RF09_154220,HALO-AC3,RF09,2022-03-28T15:42:20.000000,1,375,294,suggested
HALO-AC3_RF09_154220,HALO-AC3,RF09,2022-03-28T15:42:20.000000,1,391,296,suggested
HALO-AC3_RF09_154220,HALO-AC3,RF09,2022-03-28T15:42:20.000000,1,378,294,suggested
HALO-AC3_RF09_154220,HALO-AC3,RF09,2022-03-28T15:42:20.000000,1,407,293,suggested
HALO-AC3_RF09_154220,HALO-AC3,RF09,2022-03-28T15:42:20.000000,1,405,294,suggested
HALO-AC3_RF09_154220,HALO-AC3,RF09,2022-03-28T15:42:20.000000,1,419,287,suggested
HALO-AC3_RF09_154220,HALO-AC3,RF09,2022-03-28T15:42:20.000000,1,438,280,suggested
HALO-AC3_RF09_154220,HALO-AC3,RF09,2022-03-28T15:42:20.000000,1,444,280,suggested
HALO-AC3_RF09_154220,HALO-AC3,RF09,2022-03-28T15:42:20.000000,1,452,276,suggested
HALO-AC3_RF09_154220,HALO-AC3,RF09,2022-03-28T15:42:20.000000,1,463,270,suggested
HALO-AC3_RF09_154220,HALO-AC3,RF09,2022-03-28T15:42:20.000000,1,482,267,suggested
HALO-AC3_RF09_154220,HALO-AC3,RF09,2022-03-28T15:42:20.000000,1,490,268,suggested
HALO-AC3_RF09_154220,HALO-AC3,RF09,2022-03-28T15:42:20.000000,1,519,282,suggested
HALO-AC3_RF09_154220,HALO-AC3,RF09,2022-03-28T15:42:20.000000,1,527,274,suggested
HALO-AC3_RF09_154220,HALO-AC3,RF09,2022-03-28T15:42:20.000000,1,512,291,suggested
HALO-AC3_RF09_154220,HALO-AC3,RF09,2022-03-28T15:42:20.000000,1,501,300,suggested
HALO-AC3_RF09_154220,HALO-AC3,RF09,2022-03-28T15:42:20.000000,1,500,304,suggested
HALO-AC3_RF09_154220,HALO-AC3,RF09,2022-03-28T15:42:20.000000,1,494,316,suggested
HALO-AC3_RF09_154220,HALO-AC3,RF09,2022-03-28T15:42:20.000000,1,498,330,suggested
HALO-AC3_RF09_154220,HALO-AC3,RF09,2022-03-28T15:42:20.000000,1,499,330,suggested
HALO-AC3_RF09_154220,HALO-AC3,RF09,2022-03-28T15:42:20.000000,1,508,353,suggested
HALO-AC3_RF09_154220,HALO-AC3,RF09,2022-03-28T15:42:20.000000,1,503,345,suggested
HALO-AC3_RF09_154220,HALO-AC3,RF09,2022-03-28T15:42:20.000000,1,501,357,suggested
HALO-AC3_RF09_154220,HALO-AC3,RF09,2022-03-28T15:42:20.000000,1,484,364,suggested
HALO-AC3_RF09_154220,HALO-AC3,RF09,2022-03-28T15:42:20.000000,1,474,373,suggested
HALO-AC3_RF09_154220,HALO-AC3,RF09,2022-03-28T15:42:20.000000,1,459,380,suggested
HALO-AC3_RF09_154220,HALO-AC3,RF09,2022-03-28T15:42:20.000000,1,457,381,suggested
HALO-AC3_RF09_154220,HALO-AC3,RF09,2022-03-28T15:42:20.000000,1,447,396,suggested
HALO-AC3_RF09_154220,HALO-AC3,RF09,2022-03-28T15:42:20.000000,1,439,405,suggested
HALO-AC3_RF09_154220,HALO-AC3,RF09,2022-03-28T15:42:20.000000,1,431,414,suggested
HALO-AC3_RF09_154220,HALO-AC3,RF09,2022-03-28T15:42:20.000000,1,421,423,suggested
HALO-AC3_RF09_154220,HALO-AC3,RF09,2022-03-28T15:42:20.000000,1,412,432,suggested
HALO-AC3_RF09_154220,HALO-AC3,RF09,2022-03-28T15:42:20.000000,1,403,441,suggested
HALO-AC3_RF09_154220,HALO-AC3,RF09,2022-03-28T15:42:20.000000,1,396,452,suggested
HALO-AC3_RF09_154220,HALO-AC3,RF09,2022-03-28T15:42:20.000000,1,389,462,suggested
HALO-AC3_RF09_154301,HALO-AC3,RF09,2022-03-28T15:43:01.000000,1,305,40,suggested
HALO-AC3_RF09_154301,HALO-AC3,RF09,2022-03-28T15:43:01.000000,1,312,49,suggested
HALO-AC3_RF09_154301,HALO-AC3,RF09,2022-03-28T15:43:01.000000,1,320,57,suggested
HALO-AC3_RF09_154301,HALO-AC3,RF09,2022-03-28T15:43:01.000000,1,325,63,suggested
HALO-AC3_RF09_154301,HALO-AC3,RF09,2022-03-28T15:43:01.000000,1,335,69,suggested
HALO-AC3_RF09_154301,HALO-AC3,RF09,2022-03-28T15:43:01.000000,1,353,79,suggested
HALO-AC3_RF09_154301,HALO-AC3,RF09,2022-03-28T15:43:01.000000,1,354,95,suggested
HALO-AC3_RF09_154301,HALO-AC3,RF09,2022-03-28T15:43:01.000000,1,351,110,suggested
HALO-AC3_RF09_154301,HALO-AC3,RF09,2022-03-28T15:43:01.000000,1,349,124,suggested
HALO-AC3_RF09_154301,HALO-AC3,RF09,2022-03-28T15:43:01.000000,1,349,132,suggested
HALO-AC3_RF09_154301,HALO-AC3,RF09,2022-03-28T15:43:01.000000,1,348,146,suggested
HALO-AC3_RF09_154301,HALO-AC3,RF09,2022-03-28T15:43:01.000000,1,350,153,suggested
HALO-AC3_RF09_154301,HALO-AC3,RF09,2022-03-28T15:43:01.000000,1,354,168,suggested
HALO-AC3_RF09_154301,HALO-AC3,RF09,2022-03-28T15:43:01.000000,1,356,180,suggested
HALO-AC3_RF09_154301,HALO-AC3,RF09,2022-03-28T15:43:01.000000,1,359,190,suggested
HALO-AC3_RF09_154301,HALO-AC3,RF09,2022-03-28T15:43:01.000000,1,362,203,suggested
HALO-AC3_RF09_154301,HALO-AC3,RF09,2022-03-28T15:43:01.000000,1,365,212,suggested
HALO-AC3_RF09_154301,HALO-AC3,RF09,2022-03-28T15:43:01.000000,1,369,217,suggested
HALO-AC3_RF09_154301,HALO-AC3,RF09,2022-03-28T15:43:01.000000,1,370,217,suggested
HALO-AC3_RF09_154301,HALO-AC3,RF09,2022-03-28T15:43:01.000000,1,372,234,suggested
HALO-AC3_RF09_154301,HALO-AC3,RF09,2022-03-28T15:43:01.000000,1,372,241,suggested
HALO-AC3_RF09_154301,HALO-AC3,RF09,2022-03-28T15:43:01.000000,1,372,253,suggested
HALO-AC3_RF09_154301,HALO-AC3,RF09,2022-03-28T15:43:01.000000,1,374,261,suggested
HALO-AC3_RF09_154301,HALO-AC3,RF09,2022-03-28T15:43:01.000000,1,377,273,suggested
HALO-AC3_RF09_154301,HALO-AC3,RF09,2022-03-28T15:43:01.000000,1,382,282,suggested
HALO-AC3_RF09_154301,HALO-AC3,RF09,2022-03-28T15:43:01.000000,1,389,296,suggested
HALO-AC3_RF09_154301,HALO-AC3,RF09,2022-03-28T15:43:01.000000,1,394,306,suggested
HALO-AC3_RF09_154301,HALO-AC3,RF09,2022-03-28T15:43:01.000000,1,402,316,suggested
HALO-AC3_RF09_154301,HALO-AC3,RF09,2022-03-28T15:43:01.000000,1,411,331,suggested
HALO-AC3_RF09_154301,HALO-AC3,RF09,2022-03-28T15:43:01.000000,1,414,336,suggested
HALO-AC3_RF09_154301,HALO-AC3,RF09,2022-03-28T15:43:01.000000,1,416,338,suggested
HALO-AC3_RF09_154301,HALO-AC3,RF09,2022-03-28T15:43:01.000000,1,434,349,suggested
HALO-AC3_RF09_154301,HALO-AC3,RF09,2022-03-28T15:43:01.000000,1,446,349,suggested
HALO-AC3_RF09_154301,HALO-AC3,RF09,2022-03-28T15:43:01.000000,1,463,363,suggested
HALO-AC3_RF09_154301,HALO-AC3,RF09,2022-03-28T15:43:01.000000,1,478,358,suggested
HALO-AC3_RF09_154301,HALO-AC3,RF09,2022-03-28T15:43:01.000000,1,483,346,suggested
HALO-AC3_RF09_154301,HALO-AC3,RF09,2022-03-28T15:43:01.000000,1,480,355,suggested
HALO-AC3_RF09_154301,HALO-AC3,RF09,2022-03-28T15:43:01.000000,1,515,367,suggested
HALO-AC3_RF09_154301,HALO-AC3,RF09,2022-03-28T15:43:01.000000,1,522,358,suggested
HALO-AC3_RF09_154301,HALO-AC3,RF09,2022-03-28T15:43:01.000000,1,511,332,suggested
HALO-AC3_RF09_154301,HALO-AC3,RF09,2022-03-28T15:43:01.000000,1,489,344,suggested
HALO-AC3_RF09_154301,HALO-AC3,RF09,2022-03-28T15:43:01.000000,1,505,323,suggested
HALO-AC3_RF09_154301,HALO-AC3,RF09,2022-03-28T15:43:01.000000,1,506,315,suggested
HALO-AC3_RF09_154301,HALO-AC3,RF09,2022-03-28T15:43:01.000000,1,508,303,suggested
HALO-AC3_RF09_154301,HALO-AC3,RF09,2022-03-28T15:43:01.000000,1,513,311,suggested
HALO-AC3_RF09_154301,HALO-AC3,RF09,2022-03-28T15:43:01.000000,1,507,285,suggested
HALO-AC3_RF09_154301,HALO-AC3,RF09,2022-03-28T15:43:01.000000,1,517,269,suggested
HALO-AC3_RF09_154301,HALO-AC3,RF09,2022-03-28T15:43:01.000000,1,514,258,suggested
HALO-AC3_RF09_154301,HALO-AC3,RF09,2022-03-28T15:43:01.000000,1,512,248,suggested
HALO-AC3_RF09_154301,HALO-AC3,RF09,2022-03-28T15:43:01.000000,1,512,237,suggested
HALO-AC3_RF09_154301,HALO-AC3,RF09,2022-03-28T15:43:01.000000,1,512,226,suggested
HALO-AC3_RF09_154301,HALO-AC3,RF09,2022-03-28T15:43:01.000000,1,515,214,suggested
HALO-AC3_RF09_154301,HALO-AC3,RF09,2022-03-28T15:43:01.000000,1,519,198,suggested
HALO-AC3_RF09_154301,HALO-AC3,RF09,2022-03-28T15:43:01.000000,1,519,197,suggested
HALO-AC3_RF09_154301,HALO-AC3,RF09,2022-03-28T15:43:01.000000,1,514,181,suggested
HALO-AC3_RF09_154301,HALO-AC3,RF09,2022-03-28T15:43:01.000000,1,520,179,suggested
HALO-AC3_RF09_154301,HALO-AC3,RF09,2022-03-28T15:43:01.000000,1,520,164,suggested
HALO-AC3_RF09_154301,HALO-AC3,RF09,2022-03-28T15:43:01.000000,1,526,153,suggested
HALO-AC3_RF09_154301,HALO-AC3,RF09,2022-03-28T15:43:01.000000,1,535,146,suggested
HALO-AC3_RF09_154301,HALO-AC3,RF09,2022-03-28T15:43:01.000000,1,552,130,suggested
HALO-AC3_RF09_154301,HALO-AC3,RF09,2022-03-28T15:43:01.000000,1,549,128,suggested
HALO-AC3_RF09_154301,HALO-AC3,RF09,2022-03-28T15:43:01.000000,1,566,129,suggested
HALO-AC3_RF09_154301,HALO-AC3,RF09,2022-03-28T15:43:01.000000,1,567,119,suggested
HALO-AC3_RF09_154301,HALO-AC3,RF09,2022-03-28T15:43:01.000000,1,564,108,suggested
HALO-AC3_RF09_154301,HALO-AC3,RF09,2022-03-28T15:43:01.000000,1,574,104,suggested
HALO-AC3_RF09_154301,HALO-AC3,RF09,2022-03-28T15:43:01.000000,1,583,108,suggested
HALO-AC3_RF09_154407,HALO-AC3,RF09,2022-03-28T15:44:07.000000,1,49,459,suggested
HALO-AC3_RF09_154407,HALO-AC3,RF09,2022-03-28T15:44:07.000000,1,61,454,suggested
HALO-AC3_RF09_154407,HALO-AC3,RF09,2022-03-28T15:44:07.000000,1,78,457,suggested
HALO-AC3_RF09_154407,HALO-AC3,RF09,2022-03-28T15:44:07.000000,1,95,436,suggested
HALO-AC3_RF09_154407,HALO-AC3,RF09,2022-03-28T15:44:07.000000,1,85,422,suggested
HALO-AC3_RF09_154407,HALO-AC3,RF09,2022-03-28T15:44:07.000000,1,86,418,suggested
HALO-AC3_RF09_154407,HALO-AC3,RF09,2022-03-28T15:44:07.000000,1,89,411,suggested
HALO-AC3_RF09_154407,HALO-AC3,RF09,2022-03-28T15:44:07.000000,1,98,405,suggested
HALO-AC3_RF09_154407,HALO-AC3,RF09,2022-03-28T15:44:07.000000,1,136,463,suggested
HALO-AC3_RF09_154407,HALO-AC3,RF09,2022-03-28T15:44:07.000000,1,124,461,suggested
HALO-AC3_RF09_154407,HALO-AC3,RF09,2022-03-28T15:44:07.000000,1,133,452,suggested
HALO-AC3_RF09_154407,HALO-AC3,RF09,2022-03-28T15:44:07.000000,1,219,48,suggested
HALO-AC3_RF09_154407,HALO-AC3,RF09,2022-03-28T15:44:07.000000,1,212,59,suggested
HALO-AC3_RF09_154407,HALO-AC3,RF09,2022-03-28T15:44:07.000000,1,207,68,suggested
HALO-AC3_RF09_154407,HALO-AC3,RF09,2022-03-28T15:44:07.000000,1,196,83,suggested
HALO-AC3_RF09_154407,HALO-AC3,RF09,2022-03-28T15:44:07.000000,1,188,90,suggested
HALO-AC3_RF09_154407,HALO-AC3,RF09,2022-03-28T15:44:07.000000,1,178,100,suggested
HALO-AC3_RF09_154407,HALO-AC3,RF09,2022-03-28T15:44:07.000000,1,172,105,suggested
HALO-AC3_RF09_154407,HALO-AC3,RF09,2022-03-28T15:44:07.000000,1,159,113,suggested
HALO-AC3_RF09_154407,HALO-AC3,RF09,2022-03-28T15:44:07.000000,1,145,119,suggested
HALO-AC3_RF09_154407,HALO-AC3,RF09,2022-03-28T15:44:07.000000,1,138,124,suggested
HALO-AC3_RF09_154407,HALO-AC3,RF09,2022-03-28T15:44:07.000000,1,130,130,suggested
HALO-AC3_RF09_154407,HALO-AC3,RF09,2022-03-28T15:44:07.000000,1,122,133,suggested
HALO-AC3_RF09_154407,HALO-AC3,RF09,2022-03-28T15:44:07.000000,1,124,134,suggested
HALO-AC3_RF09_154407,HALO-AC3,RF09,2022-03-28T15:44:07.000000,1,100,142,suggested
HALO-AC3_RF09_154407,HALO-AC3,RF09,2022-03-28T15:44:07.000000,1,90,149,suggested
HALO-AC3_RF09_154407,HALO-AC3,RF09,2022-03-28T15:44:07.000000,1,85,151,suggested
HALO-AC3_RF09_154407,HALO-AC3,RF09,2022-03-28T15:44:07.000000,1,68,161,suggested
HALO-AC3_RF09_154407,HALO-AC3,RF09,2022-03-28T15:44:07.000000,1,64,166,suggested
HALO-AC3_RF09_154407,HALO-AC3,RF09,2022-03-28T15:44:07.000000,1,58,174,suggested
HALO-AC3_RF09_154407,HALO-AC3,RF09,2022-03-28T15:44:07.000000,1,585,403,suggested
HALO-AC3_RF09_154407,HALO-AC3,RF09,2022-03-28T15:44:07.000000,1,574,399,suggested
HALO-AC3_RF09_154407,HALO-AC3,RF09,2022-03-28T15:44:07.000000,1,407,401,suggested
HALO-AC3_RF09_154407,HALO-AC3,RF09,2022-03-28T15:44:07.000000,1,394,400,suggested
HALO-AC3_RF09_154407,HALO-AC3,RF09,2022-03-28T15:44:07.000000,1,382,401,suggested
HALO-AC3_RF09_154407,HALO-AC3,RF09,2022-03-28T15:44:07.000000,1,369,402,suggested
HALO-AC3_RF09_154407,HALO-AC3,RF09,2022-03-28T15:44:07.000000,1,356,401,suggested
HALO-AC3_RF09_154407,HALO-AC3,RF09,2022-03-28T15:44:07.000000,1,344,399,suggested
HALO-AC3_RF09_154407,HALO-AC3,RF09,2022-03-28T15:44:07.000000,1,331,398,suggested
HALO-AC3_RF09_154407,HALO-AC3,RF09,2022-03-28T15:44:07.000000,1,318,397,suggested
HALO-AC3_RF09_154407,HALO-AC3,RF09,2022-03-28T15:44:07.000000,1,305,397,suggested
HALO-AC3_RF09_154407,HALO-AC3,RF09,2022-03-28T15:44:07.000000,1,292,399,suggested
HALO-AC3_RF09_154407,HALO-AC3,RF09,2022-03-28T15:44:07.000000,1,284,403,suggested
HALO-AC3_RF09_154407,HALO-AC3,RF09,2022-03-28T15:44:07.000000,1,271,410,suggested
HALO-AC3_RF09_154407,HALO-AC3,RF09,2022-03-28T15:44:07.000000,1,258,413,suggested
HALO-AC3_RF09_154407,HALO-AC3,RF09,2022-03-28T15:44:07.000000,1,245,415,suggested
HALO-AC3_RF09_154407,HALO-AC3,RF09,2022-03-28T15:44:07.000000,1,232,413,suggested
HALO-AC3_RF09_154407,HALO-AC3,RF09,2022-03-28T15:44:07.000000,1,224,406,suggested
HALO-AC3_RF09_154407,HALO-AC3,RF09,2022-03-28T15:44:07.000000,1,211,398,suggested
HALO-AC3_RF09_154407,HALO-AC3,RF09,2022-03-28T15:44:07.000000,1,201,394,suggested
HALO-AC3_RF09_154407,HALO-AC3,RF09,2022-03-28T15:44:07.000000,1,188,392,suggested
HALO-AC3_RF09_154407,HALO-AC3,RF09,2022-03-28T15:44:07.000000,1,180,400,suggested
HALO-AC3_RF09_154407,HALO-AC3,RF09,2022-03-28T15:44:07.000000,1,179,403,suggested
HALO-AC3_RF09_154407,HALO-AC3,RF09,2022-03-28T15:44:07.000000,1,169,414,suggested
HALO-AC3_RF09_154407,HALO-AC3,RF09,2022-03-28T15:44:07.000000,1,151,403,suggested
HALO-AC3_RF09_154407,HALO-AC3,RF09,2022-03-28T15:44:07.000000,1,139,399,suggested
HALO-AC3_RF09_154407,HALO-AC3,RF09,2022-03-28T15:44:07.000000,1,134,393,suggested
HALO-AC3_RF09_154407,HALO-AC3,RF09,2022-03-28T15:44:07.000000,1,119,384,suggested
HALO-AC3_RF09_154407,HALO-AC3,RF09,2022-03-28T15:44:07.000000,1,114,378,suggested
HALO-AC3_RF09_154407,HALO-AC3,RF09,2022-03-28T15:44:07.000000,1,103,368,suggested
HALO-AC3_RF09_154407,HALO-AC3,RF09,2022-03-28T15:44:07.000000,1,96,359,suggested
HALO-AC3_RF09_154407,HALO-AC3,RF09,2022-03-28T15:44:07.000000,1,93,349,suggested
HALO-AC3_RF09_154407,HALO-AC3,RF09,2022-03-28T15:44:07.000000,1,91,345,suggested
HALO-AC3_RF09_154407,HALO-AC3,RF09,2022-03-28T15:44:07.000000,1,92,333,suggested
HALO-AC3_RF09_154407,HALO-AC3,RF09,2022-03-28T15:44:07.000000,1,95,323,suggested
HALO-AC3_RF09_154407,HALO-AC3,RF09,2022-03-28T15:44:07.000000,1,103,312,suggested
HALO-AC3_RF09_154407,HALO-AC3,RF09,2022-03-28T15:44:07.000000,1,107,302,suggested
HALO-AC3_RF09_154407,HALO-AC3,RF09,2022-03-28T15:44:07.000000,1,115,289,suggested
HALO-AC3_RF09_154407,HALO-AC3,RF09,2022-03-28T15:44:07.000000,1,118,277,suggested
HALO-AC3_RF09_154407,HALO-AC3,RF09,2022-03-28T15:44:07.000000,1,123,265,suggested
HALO-AC3_RF09_154407,HALO-AC3,RF09,2022-03-28T15:44:07.000000,1,128,253,suggested
HALO-AC3_RF09_154407,HALO-AC3,RF09,2022-03-28T15:44:07.000000,1,133,241,suggested
HALO-AC3_RF09_154407,HALO-AC3,RF09,2022-03-28T15:44:07.000000,1,137,232,suggested
HALO-AC3_RF09_154407,HALO-AC3,RF09,2022-03-28T15:44:07.000000,1,143,221,suggested
HALO-AC3_RF09_154407,HALO-AC3,RF09,2022-03-28T15:44:07.000000,1,151,213,suggested
HALO-AC3_RF09_154407,HALO-AC3,RF09,2022-03-28T15:44:07.000000,1,161,209,suggested
HALO-AC3_RF09_154407,HALO-AC3,RF09,2022-03-28T15:44:07.000000,1,174,196,suggested
HALO-AC3_RF09_154407,HALO-AC3,RF09,2022-03-28T15:44:07.000000,1,179,193,suggested
HALO-AC3_RF09_154407,HALO-AC3,RF09,2022-03-28T15:44:07.000000,1,193,194,suggested
HALO-AC3_RF09_154407,HALO-AC3,RF09,2022-03-28T15:44:07.000000,1,205,192,suggested
HALO-AC3_RF09_154407,HALO-AC3,RF09,2022-03-28T15:44:07.000000,1,218,193,suggested
HALO-AC3_RF09_154407,HALO-AC3,RF09,2022-03-28T15:44:07.000000,1,231,187,suggested
HALO-AC3_RF09_154407,HALO-AC3,RF09,2022-03-28T15:44:07.000000,1,241,180,suggested
HALO-AC3_RF09_154407,HALO-AC3,RF09,2022-03-28T15:44:07.000000,1,253,171,suggested
HALO-AC3_RF09_154407,HALO-AC3,RF09,2022-03-28T15:44:07.000000,1,261,160,suggested
HALO-AC3_RF09_154407,HALO-AC3,RF09,2022-03-28T15:44:07.000000,1,269,150,suggested
HALO-AC3_RF09_154407,HALO-AC3,RF09,2022-03-28T15:44:07.000000,1,275,140,suggested
HALO-AC3_RF09_154407,HALO-AC3,RF09,2022-03-28T15:44:07.000000,1,281,130,suggested
HALO-AC3_RF09_154407,HALO-AC3,RF09,2022-03-28T15:44:07.000000,1,293,121,suggested
HALO-AC3_RF09_154407,HALO-AC3,RF09,2022-03-28T15:44:07.000000,1,303,111,suggested
HALO-AC3_RF09_154407,HALO-AC3,RF09,2022-03-28T15:44:07.000000,1,311,101,suggested
HALO-AC3_RF09_154407,HALO-AC3,RF09,2022-03-28T15:44:07.000000,1,318,92,suggested
HALO-AC3_RF09_154407,HALO-AC3,RF09,2022-03-28T15:44:07.000000,1,326,82,suggested
HALO-AC3_RF09_154407,HALO-AC3,RF09,2022-03-28T15:44:07.000000,1,334,72,suggested
HALO-AC3_RF09_154407,HALO-AC3,RF09,2022-03-28T15:44:07.000000,1,342,61,suggested
HALO-AC3_RF09_154407,HALO-AC3,RF09,2022-03-28T15:44:07.000000,1,349,52,suggested
HALO-AC3_RF09_154541,HALO-AC3,RF09,2022-03-28T15:45:41.000000,1,419,52,suggested
HALO-AC3_RF09_154541,HALO-AC3,RF09,2022-03-28T15:45:41.000000,1,411,63,suggested
HALO-AC3_RF09_154541,HALO-AC3,RF09,2022-03-28T15:45:41.000000,1,406,72,suggested
HALO-AC3_RF09_154541,HALO-AC3,RF09,2022-03-28T15:45:41.000000,1,400,84,suggested
HALO-AC3_RF09_154541,HALO-AC3,RF09,2022-03-28T15:45:41.000000,1,393,93,suggested
HALO-AC3_RF09_154541,HALO-AC3,RF09,2022-03-28T15:45:41.000000,1,384,103,suggested
HALO-AC3_RF09_154541,HALO-AC3,RF09,2022-03-28T15:45:41.000000,1,376,113,suggested
HALO-AC3_RF09_154541,HALO-AC3,RF09,2022-03-28T15:45:41.000000,1,366,121,suggested
HALO-AC3_RF09_154541,HALO-AC3,RF09,2022-03-28T15:45:41.000000,1,357,126,suggested
HALO-AC3_RF09_154541,HALO-AC3,RF09,2022-03-28T15:45:41.000000,1,359,124,suggested
HALO-AC3_RF09_154541,HALO-AC3,RF09,2022-03-28T15:45:41.000000,1,353,129,suggested
HALO-AC3_RF09_154541,HALO-AC3,RF09,2022-03-28T15:45:41.000000,1,335,137,suggested
HALO-AC3_RF09_154541,HALO-AC3,RF09,2022-03-28T15:45:41.000000,1,326,145,suggested
HALO-AC3_RF09_154541,HALO-AC3,RF09,2022-03-28T15:45:41.000000,1,314,145,suggested
HALO-AC3_RF09_154541,HALO-AC3,RF09,2022-03-28T15:45:41.000000,1,302,153,suggested
HALO-AC3_RF09_154541,HALO-AC3,RF09,2022-03-28T15:45:41.000000,1,299,161,suggested
HALO-AC3_RF09_154541,HALO-AC3,RF09,2022-03-28T15:45:41.000000,1,257,247,suggested
HALO-AC3_RF09_154541,HALO-AC3,RF09,2022-03-28T15:45:41.000000,1,333,184,suggested
HALO-AC3_RF09_154541,HALO-AC3,RF09,2022-03-28T15:45:41.000000,1,329,197,suggested
HALO-AC3_RF09_154541,HALO-AC3,RF09,2022-03-28T15:45:41.000000,1,329,206,suggested
HALO-AC3_RF09_154541,HALO-AC3,RF09,2022-03-28T15:45:41.000000,1,333,215,suggested
HALO-AC3_RF09_154541,HALO-AC3,RF09,2022-03-28T15:45:41.000000,1,340,224,suggested
HALO-AC3_RF09_154541,HALO-AC3,RF09,2022-03-28T15:45:41.000000,1,349,233,suggested
HALO-AC3_RF09_154541,HALO-AC3,RF09,2022-03-28T15:45:41.000000,1,358,241,suggested
HALO-AC3_RF09_154541,HALO-AC3,RF09,2022-03-28T15:45:41.000000,1,369,248,suggested
HALO-AC3_RF09_154541,HALO-AC3,RF09,2022-03-28T15:45:41.000000,1,379,254,suggested
HALO-AC3_RF09_154541,HALO-AC3,RF09,2022-03-28T15:45:41.000000,1,393,263,suggested
HALO-AC3_RF09_154541,HALO-AC3,RF09,2022-03-28T15:45:41.000000,1,393,264,suggested
HALO-AC3_RF09_154541,HALO-AC3,RF09,2022-03-28T15:45:41.000000,1,403,269,suggested
HALO-AC3_RF09_154541,HALO-AC3,RF09,2022-03-28T15:45:41.000000,1,418,268,suggested
HALO-AC3_RF09_154541,HALO-AC3,RF09,2022-03-28T15:45:41.000000,1,426,272,suggested
HALO-AC3_RF09_154541,HALO-AC3,RF09,2022-03-28T15:45:41.000000,1,436,282,suggested
HALO-AC3_RF09_154541,HALO-AC3,RF09,2022-03-28T15:45:41.000000,1,440,286,suggested
HALO-AC3_RF09_154541,HALO-AC3,RF09,2022-03-28T15:45:41.000000,1,452,295,suggested
HALO-AC3_RF09_154541,HALO-AC3,RF09,2022-03-28T15:45:41.000000,1,453,313,suggested
HALO-AC3_RF09_154541,HALO-AC3,RF09,2022-03-28T15:45:41.000000,1,456,321,suggested
HALO-AC3_RF09_154541,HALO-AC3,RF09,2022-03-28T15:45:41.000000,1,463,333,suggested
HALO-AC3_RF09_154541,HALO-AC3,RF09,2022-03-28T15:45:41.000000,1,468,343,suggested
HALO-AC3_RF09_154541,HALO-AC3,RF09,2022-03-28T15:45:41.000000,1,476,353,suggested
HALO-AC3_RF09_154541,HALO-AC3,RF09,2022-03-28T15:45:41.000000,1,482,362,suggested
HALO-AC3_RF09_154541,HALO-AC3,RF09,2022-03-28T15:45:41.000000,1,493,373,suggested
HALO-AC3_RF09_154541,HALO-AC3,RF09,2022-03-28T15:45:41.000000,1,495,388,suggested
HALO-AC3_RF09_154541,HALO-AC3,RF09,2022-03-28T15:45:41.000000,1,495,396,suggested
HALO-AC3_RF09_154541,HALO-AC3,RF09,2022-03-28T15:45:41.000000,1,500,409,suggested
HALO-AC3_RF09_154541,HALO-AC3,RF09,2022-03-28T15:45:41.000000,1,505,414,suggested
HALO-AC3_RF09_154541,HALO-AC3,RF09,2022-03-28T15:45:41.000000,1,517,419,suggested
HALO-AC3_RF09_154541,HALO-AC3,RF09,2022-03-28T15:45:41.000000,1,528,426,suggested
HALO-AC3_RF09_154541,HALO-AC3,RF09,2022-03-28T15:45:41.000000,1,536,442,suggested
HALO-AC3_RF09_154541,HALO-AC3,RF09,2022-03-28T15:45:41.000000,1,536,450,suggested
HALO-AC3_RF09_154541,HALO-AC3,RF09,2022-03-28T15:45:41.000000,1,538,461,suggested
HALO-AC3_RF09_154541,HALO-AC3,RF09,2022-03-28T15:45:41.000000,1,349,159,suggested
HALO-AC3_RF09_154614,HALO-AC3,RF09,2022-03-28T15:46:14.000000,1,359,44,suggested
HALO-AC3_RF09_154614,HALO-AC3,RF09,2022-03-28T15:46:14.000000,1,364,56,suggested
HALO-AC3_RF09_154614,HALO-AC3,RF09,2022-03-28T15:46:14.000000,1,369,71,suggested
HALO-AC3_RF09_154614,HALO-AC3,RF09,2022-03-28T15:46:14.000000,1,363,85,suggested
HALO-AC3_RF09_154614,HALO-AC3,RF09,2022-03-28T15:46:14.000000,1,355,95,suggested
HALO-AC3_RF09_154614,HALO-AC3,RF09,2022-03-28T15:46:14.000000,1,346,105,suggested
HALO-AC3_RF09_154614,HALO-AC3,RF09,2022-03-28T15:46:14.000000,1,342,113,suggested
HALO-AC3_RF09_154614,HALO-AC3,RF09,2022-03-28T15:46:14.000000,1,329,126,suggested
HALO-AC3_RF09_154614,HALO-AC3,RF09,2022-03-28T15:46:14.000000,1,318,131,suggested
HALO-AC3_RF09_154614,HALO-AC3,RF09,2022-03-28T15:46:14.000000,1,312,137,suggested
HALO-AC3_RF09_154614,HALO-AC3,RF09,2022-03-28T15:46:14.000000,1,308,146,suggested
HALO-AC3_RF09_154614,HALO-AC3,RF09,2022-03-28T15:46:14.000000,1,299,159,suggested
HALO-AC3_RF09_154614,HALO-AC3,RF09,2022-03-28T15:46:14.000000,1,291,169,suggested
HALO-AC3_RF09_154614,HALO-AC3,RF09,2022-03-28T15:46:14.000000,1,285,181,suggested
HALO-AC3_RF09_154614,HALO-AC3,RF09,2022-03-28T15:46:14.000000,1,272,190,suggested
HALO-AC3_RF09_154614,HALO-AC3,RF09,2022-03-28T15:46:14.000000,1,265,198,suggested
HALO-AC3_RF09_154614,HALO-AC3,RF09,2022-03-28T15:46:14.000000,1,257,208,suggested
HALO-AC3_RF09_154614,HALO-AC3,RF09,2022-03-28T15:46:14.000000,1,250,218,suggested
HALO-AC3_RF09_154614,HALO-AC3,RF09,2022-03-28T15:46:14.000000,1,241,228,suggested
HALO-AC3_RF09_154614,HALO-AC3,RF09,2022-03-28T15:46:14.000000,1,231,238,suggested
HALO-AC3_RF09_154614,HALO-AC3,RF09,2022-03-28T15:46:14.000000,1,225,247,suggested
HALO-AC3_RF09_154614,HALO-AC3,RF09,2022-03-28T15:46:14.000000,1,216,258,suggested
HALO-AC3_RF09_154614,HALO-AC3,RF09,2022-03-28T15:46:14.000000,1,212,269,suggested
HALO-AC3_RF09_154614,HALO-AC3,RF09,2022-03-28T15:46:14.000000,1,203,280,suggested
HALO-AC3_RF09_154614,HALO-AC3,RF09,2022-03-28T15:46:14.000000,1,201,288,suggested
HALO-AC3_RF09_154614,HALO-AC3,RF09,2022-03-28T15:46:14.000000,1,200,292,suggested
HALO-AC3_RF09_154614,HALO-AC3,RF09,2022-03-28T15:46:14.000000,1,200,299,suggested
HALO-AC3_RF09_154614,HALO-AC3,RF09,2022-03-28T15:46:14.000000,1,206,309,suggested
HALO-AC3_RF09_154614,HALO-AC3,RF09,2022-03-28T15:46:14.000000,1,213,320,suggested
HALO-AC3_RF09_154614,HALO-AC3,RF09,2022-03-28T15:46:14.000000,1,210,340,suggested
HALO-AC3_RF09_154614,HALO-AC3,RF09,2022-03-28T15:46:14.000000,1,203,348,suggested
HALO-AC3_RF09_154614,HALO-AC3,RF09,2022-03-28T15:46:14.000000,1,196,357,suggested
HALO-AC3_RF09_154614,HALO-AC3,RF09,2022-03-28T15:46:14.000000,1,185,369,suggested
HALO-AC3_RF09_154614,HALO-AC3,RF09,2022-03-28T15:46:14.000000,1,178,376,suggested
HALO-AC3_RF09_154614,HALO-AC3,RF09,2022-03-28T15:46:14.000000,1,172,384,suggested
HALO-AC3_RF09_154614,HALO-AC3,RF09,2022-03-28T15:46:14.000000,1,165,396,suggested
HALO-AC3_RF09_154614,HALO-AC3,RF09,2022-03-28T15:46:14.000000,1,159,402,suggested
HALO-AC3_RF09_154614,HALO-AC3,RF09,2022-03-28T15:46:14.000000,1,147,415,suggested
HALO-AC3_RF09_154614,HALO-AC3,RF09,2022-03-28T15:46:14.000000,1,140,423,suggested
HALO-AC3_RF09_154614,HALO-AC3,RF09,2022-03-28T15:46:14.000000,1,127,432,suggested
HALO-AC3_RF09_154614,HALO-AC3,RF09,2022-03-28T15:46:14.000000,1,119,437,suggested
HALO-AC3_RF09_154614,HALO-AC3,RF09,2022-03-28T15:46:14.000000,1,110,442,suggested
HALO-AC3_RF09_154614,HALO-AC3,RF09,2022-03-28T15:46:14.000000,1,100,448,suggested
HALO-AC3_RF09_154614,HALO-AC3,RF09,2022-03-28T15:46:14.000000,1,88,453,suggested
HALO-AC3_RF09_154614,HALO-AC3,RF09,2022-03-28T15:46:14.000000,1,77,458,suggested
HALO-AC3_RF09_154614,HALO-AC3,RF09,2022-03-28T15:46:14.000000,1,67,465,suggested
HALO-AC3_RF09_154614,HALO-AC3,RF09,2022-03-28T15:46:14.000000,1,67,466,suggested
HALO-AC3_RF09_154614,HALO-AC3,RF09,2022-03-28T15:46:14.000000,1,310,469,suggested
HALO-AC3_RF09_154614,HALO-AC3,RF09,2022-03-28T15:46:14.000000,1,319,460,suggested
HALO-AC3_RF09_154614,HALO-AC3,RF09,2022-03-28T15:46:14.000000,1,328,451,suggested
HALO-AC3_RF09_154614,HALO-AC3,RF09,2022-03-28T15:46:14.000000,1,336,443,suggested
HALO-AC3_RF09_154614,HALO-AC3,RF09,2022-03-28T15:46:14.000000,1,348,436,suggested
HALO-AC3_RF09_154614,HALO-AC3,RF09,2022-03-28T15:46:14.000000,1,358,427,suggested
HALO-AC3_RF09_154614,HALO-AC3,RF09,2022-03-28T15:46:14.000000,1,365,418,suggested
HALO-AC3_RF09_154614,HALO-AC3,RF09,2022-03-28T15:46:14.000000,1,374,407,suggested
HALO-AC3_RF09_154614,HALO-AC3,RF09,2022-03-28T15:46:14.000000,1,376,394,suggested
HALO-AC3_RF09_154614,HALO-AC3,RF09,2022-03-28T15:46:14.000000,1,381,383,suggested
HALO-AC3_RF09_154614,HALO-AC3,RF09,2022-03-28T15:46:14.000000,1,386,372,suggested
HALO-AC3_RF09_154614,HALO-AC3,RF09,2022-03-28T15:46:14.000000,1,395,362,suggested
HALO-AC3_RF09_154614,HALO-AC3,RF09,2022-03-28T15:46:14.000000,1,395,352,suggested
HALO-AC3_RF09_154614,HALO-AC3,RF09,2022-03-28T15:46:14.000000,1,406,343,suggested
HALO-AC3_RF09_154614,HALO-AC3,RF09,2022-03-28T15:46:14.000000,1,413,333,suggested
HALO-AC3_RF09_154614,HALO-AC3,RF09,2022-03-28T15:46:14.000000,1,420,323,suggested
HALO-AC3_RF09_154614,HALO-AC3,RF09,2022-03-28T15:46:14.000000,1,426,311,suggested
HALO-AC3_RF09_154614,HALO-AC3,RF09,2022-03-28T15:46:14.000000,1,435,300,suggested
HALO-AC3_RF09_154614,HALO-AC3,RF09,2022-03-28T15:46:14.000000,1,437,288,suggested
HALO-AC3_RF09_154614,HALO-AC3,RF09,2022-03-28T15:46:14.000000,1,442,276,suggested
HALO-AC3_RF09_154614,HALO-AC3,RF09,2022-03-28T15:46:14.000000,1,443,262,suggested
HALO-AC3_RF09_154614,HALO-AC3,RF09,2022-03-28T15:46:14.000000,1,447,251,suggested
HALO-AC3_RF09_154614,HALO-AC3,RF09,2022-03-28T15:46:14.000000,1,446,236,suggested
HALO-AC3_RF09_154614,HALO-AC3,RF09,2022-03-28T15:46:14.000000,1,446,223,suggested
HALO-AC3_RF09_154614,HALO-AC3,RF09,2022-03-28T15:46:14.000000,1,446,213,suggested
HALO-AC3_RF09_154614,HALO-AC3,RF09,2022-03-28T15:46:14.000000,1,439,200,suggested
HALO-AC3_RF09_154614,HALO-AC3,RF09,2022-03-28T15:46:14.000000,1,428,191,suggested
HALO-AC3_RF09_154614,HALO-AC3,RF09,2022-03-28T15:46:14.000000,1,409,177,suggested
HALO-AC3_RF09_154614,HALO-AC3,RF09,2022-03-28T15:46:14.000000,1,403,184,suggested
HALO-AC3_RF09_154614,HALO-AC3,RF09,2022-03-28T15:46:14.000000,1,404,199,suggested
HALO-AC3_RF09_154614,HALO-AC3,RF09,2022-03-28T15:46:14.000000,1,406,213,suggested
HALO-AC3_RF09_154614,HALO-AC3,RF09,2022-03-28T15:46:14.000000,1,402,228,suggested
HALO-AC3_RF09_154614,HALO-AC3,RF09,2022-03-28T15:46:14.000000,1,386,233,suggested
HALO-AC3_RF09_154614,HALO-AC3,RF09,2022-03-28T15:46:14.000000,1,377,209,suggested
HALO-AC3_RF09_154614,HALO-AC3,RF09,2022-03-28T15:46:14.000000,1,375,199,suggested
HALO-AC3_RF09_154614,HALO-AC3,RF09,2022-03-28T15:46:14.000000,1,373,185,suggested
HALO-AC3_RF09_154614,HALO-AC3,RF09,2022-03-28T15:46:14.000000,1,371,174,suggested
HALO-AC3_RF09_154614,HALO-AC3,RF09,2022-03-28T15:46:14.000000,1,377,166,suggested
HALO-AC3_RF09_154614,HALO-AC3,RF09,2022-03-28T15:46:14.000000,1,384,156,suggested
HALO-AC3_RF09_154614,HALO-AC3,RF09,2022-03-28T15:46:14.000000,1,383,149,suggested
HALO-AC3_RF09_154614,HALO-AC3,RF09,2022-03-28T15:46:14.000000,1,378,143,suggested
HALO-AC3_RF09_154614,HALO-AC3,RF09,2022-03-28T15:46:14.000000,1,382,133,suggested
HALO-AC3_RF09_154614,HALO-AC3,RF09,2022-03-28T15:46:14.000000,1,386,130,suggested
HALO-AC3_RF09_154614,HALO-AC3,RF09,2022-03-28T15:46:14.000000,1,392,119,suggested
HALO-AC3_RF09_154614,HALO-AC3,RF09,2022-03-28T15:46:14.000000,1,398,107,suggested
HALO-AC3_RF09_154614,HALO-AC3,RF09,2022-03-28T15:46:14.000000,1,401,94,suggested
HALO-AC3_RF09_154614,HALO-AC3,RF09,2022-03-28T15:46:14.000000,1,402,92,suggested
HALO-AC3_RF09_154614,HALO-AC3,RF09,2022-03-28T15:46:14.000000,1,415,88,suggested
HALO-AC3_RF09_154614,HALO-AC3,RF09,2022-03-28T15:46:14.000000,1,426,91,suggested
HALO-AC3_RF09_154614,HALO-AC3,RF09,2022-03-28T15:46:14.000000,1,437,99,suggested
HALO-AC3_RF09_154614,HALO-AC3,RF09,2022-03-28T15:46:14.000000,1,448,105,suggested
HALO-AC3_RF09_154614,HALO-AC3,RF09,2022-03-28T15:46:14.000000,1,460,109,suggested
HALO-AC3_RF09_154614,HALO-AC3,RF09,2022-03-28T15:46:14.000000,1,473,114,suggested
HALO-AC3_RF09_154614,HALO-AC3,RF09,2022-03-28T15:46:14.000000,1,484,119,suggested
HALO-AC3_RF09_154614,HALO-AC3,RF09,2022-03-28T15:46:14.000000,1,497,122,suggested
HALO-AC3_RF09_154614,HALO-AC3,RF09,2022-03-28T15:46:14.000000,1,511,120,suggested
HALO-AC3_RF09_154614,HALO-AC3,RF09,2022-03-28T15:46:14.000000,1,516,105,suggested
HALO-AC3_RF09_154614,HALO-AC3,RF09,2022-03-28T15:46:14.000000,1,528,105,suggested
HALO-AC3_RF09_154614,HALO-AC3,RF09,2022-03-28T15:46:14.000000,1,540,106,suggested
HALO-AC3_RF09_154614,HALO-AC3,RF09,2022-03-28T15:46:14.000000,1,543,107,suggested
HALO-AC3_RF09_154614,HALO-AC3,RF09,2022-03-28T15:46:14.000000,1,560,100,suggested
HALO-AC3_RF09_154614,HALO-AC3,RF09,2022-03-28T15:46:14.000000,1,564,100,suggested
HALO-AC3_RF09_154614,HALO-AC3,RF09,2022-03-28T15:46:14.000000,1,576,101,suggested
HALO-AC3_RF09_154614,HALO-AC3,RF09,2022-03-28T15:46:14.000000,1,586,103,suggested
HALO-AC3_RF09_154825,HALO-AC3,RF09,2022-03-28T15:48:25.000000,1,413,41,suggested
HALO-AC3_RF09_154825,HALO-AC3,RF09,2022-03-28T15:48:25.000000,1,406,56,suggested
HALO-AC3_RF09_154825,HALO-AC3,RF09,2022-03-28T15:48:25.000000,1,397,61,suggested
HALO-AC3_RF09_154825,HALO-AC3,RF09,2022-03-28T15:48:25.000000,1,390,68,suggested
HALO-AC3_RF09_154825,HALO-AC3,RF09,2022-03-28T15:48:25.000000,1,378,76,suggested
HALO-AC3_RF09_154825,HALO-AC3,RF09,2022-03-28T15:48:25.000000,1,370,79,suggested
HALO-AC3_RF09_154825,HALO-AC3,RF09,2022-03-28T15:48:25.000000,1,363,89,suggested
HALO-AC3_RF09_154825,HALO-AC3,RF09,2022-03-28T15:48:25.000000,1,359,100,suggested
HALO-AC3_RF09_154825,HALO-AC3,RF09,2022-03-28T15:48:25.000000,1,355,114,suggested
HALO-AC3_RF09_154825,HALO-AC3,RF09,2022-03-28T15:48:25.000000,1,339,119,suggested
HALO-AC3_RF09_154825,HALO-AC3,RF09,2022-03-28T15:48:25.000000,1,331,126,suggested
HALO-AC3_RF09_154825,HALO-AC3,RF09,2022-03-28T15:48:25.000000,1,326,136,suggested
HALO-AC3_RF09_154825,HALO-AC3,RF09,2022-03-28T15:48:25.000000,1,317,148,suggested
HALO-AC3_RF09_154825,HALO-AC3,RF09,2022-03-28T15:48:25.000000,1,305,154,suggested
HALO-AC3_RF09_154825,HALO-AC3,RF09,2022-03-28T15:48:25.000000,1,296,163,suggested
HALO-AC3_RF09_154825,HALO-AC3,RF09,2022-03-28T15:48:25.000000,1,287,173,suggested
HALO-AC3_RF09_154825,HALO-AC3,RF09,2022-03-28T15:48:25.000000,1,279,184,suggested
HALO-AC3_RF09_154825,HALO-AC3,RF09,2022-03-28T15:48:25.000000,1,269,194,suggested
HALO-AC3_RF09_154825,HALO-AC3,RF09,2022-03-28T15:48:25.000000,1,266,203,suggested
HALO-AC3_RF09_154825,HALO-AC3,RF09,2022-03-28T15:48:25.000000,1,254,211,suggested
HALO-AC3_RF09_154825,HALO-AC3,RF09,2022-03-28T15:48:25.000000,1,241,220,suggested
HALO-AC3_RF09_154825,HALO-AC3,RF09,2022-03-28T15:48:25.000000,1,232,227,suggested
HALO-AC3_RF09_154825,HALO-AC3,RF09,2022-03-28T15:48:25.000000,1,221,235,suggested
HALO-AC3_RF09_154825,HALO-AC3,RF09,2022-03-28T15:48:25.000000,1,213,244,suggested
HALO-AC3_RF09_154825,HALO-AC3,RF09,2022-03-28T15:48:25.000000,1,205,254,suggested
HALO-AC3_RF09_154825,HALO-AC3,RF09,2022-03-28T15:48:25.000000,1,191,261,suggested
HALO-AC3_RF09_154825,HALO-AC3,RF09,2022-03-28T15:48:25.000000,1,183,270,suggested
HALO-AC3_RF09_154825,HALO-AC3,RF09,2022-03-28T15:48:25.000000,1,173,279,suggested
HALO-AC3_RF09_154825,HALO-AC3,RF09,2022-03-28T15:48:25.000000,1,161,288,suggested
HALO-AC3_RF09_154825,HALO-AC3,RF09,2022-03-28T15:48:25.000000,1,149,292,suggested
HALO-AC3_RF09_154825,HALO-AC3,RF09,2022-03-28T15:48:25.000000,1,138,297,suggested
HALO-AC3_RF09_154825,HALO-AC3,RF09,2022-03-28T15:48:25.000000,1,131,306,suggested
HALO-AC3_RF09_154825,HALO-AC3,RF09,2022-03-28T15:48:25.000000,1,122,316,suggested
HALO-AC3_RF09_154825,HALO-AC3,RF09,2022-03-28T15:48:25.000000,1,113,326,suggested
HALO-AC3_RF09_154825,HALO-AC3,RF09,2022-03-28T15:48:25.000000,1,103,335,suggested
HALO-AC3_RF09_154825,HALO-AC3,RF09,2022-03-28T15:48:25.000000,1,93,343,suggested
HALO-AC3_RF09_154825,HALO-AC3,RF09,2022-03-28T15:48:25.000000,1,86,352,suggested
HALO-AC3_RF09_154825,HALO-AC3,RF09,2022-03-28T15:48:25.000000,1,77,361,suggested
HALO-AC3_RF09_154825,HALO-AC3,RF09,2022-03-28T15:48:25.000000,1,73,372,suggested
HALO-AC3_RF09_154825,HALO-AC3,RF09,2022-03-28T15:48:25.000000,1,63,382,suggested
HALO-AC3_RF09_154825,HALO-AC3,RF09,2022-03-28T15:48:25.000000,1,54,389,suggested
HALO-AC3_RF09_154825,HALO-AC3,RF09,2022-03-28T15:48:25.000000,1,198,461,suggested
HALO-AC3_RF09_154825,HALO-AC3,RF09,2022-03-28T15:48:25.000000,1,205,451,suggested
HALO-AC3_RF09_154825,HALO-AC3,RF09,2022-03-28T15:48:25.000000,1,213,439,suggested
HALO-AC3_RF09_154825,HALO-AC3,RF09,2022-03-28T15:48:25.000000,1,220,428,suggested
HALO-AC3_RF09_154825,HALO-AC3,RF09,2022-03-28T15:48:25.000000,1,227,419,suggested
HALO-AC3_RF09_154825,HALO-AC3,RF09,2022-03-28T15:48:25.000000,1,237,412,suggested
HALO-AC3_RF09_154825,HALO-AC3,RF09,2022-03-28T15:48:25.000000,1,249,407,suggested
HALO-AC3_RF09_154825,HALO-AC3,RF09,2022-03-28T15:48:25.000000,1,262,405,suggested
HALO-AC3_RF09_154825,HALO-AC3,RF09,2022-03-28T15:48:25.000000,1,275,402,suggested
HALO-AC3_RF09_154825,HALO-AC3,RF09,2022-03-28T15:48:25.000000,1,287,395,suggested
HALO-AC3_RF09_154825,HALO-AC3,RF09,2022-03-28T15:48:25.000000,1,291,391,suggested
HALO-AC3_RF09_154825,HALO-AC3,RF09,2022-03-28T15:48:25.000000,1,304,383,suggested
HALO-AC3_RF09_154825,HALO-AC3,RF09,2022-03-28T15:48:25.000000,1,316,375,suggested
HALO-AC3_RF09_154825,HALO-AC3,RF09,2022-03-28T15:48:25.000000,1,323,367,suggested
HALO-AC3_RF09_154825,HALO-AC3,RF09,2022-03-28T15:48:25.000000,1,334,359,suggested
HALO-AC3_RF09_154825,HALO-AC3,RF09,2022-03-28T15:48:25.000000,1,347,352,suggested
HALO-AC3_RF09_154825,HALO-AC3,RF09,2022-03-28T15:48:25.000000,1,355,341,suggested
HALO-AC3_RF09_154825,HALO-AC3,RF09,2022-03-28T15:48:25.000000,1,365,329,suggested
HALO-AC3_RF09_154825,HALO-AC3,RF09,2022-03-28T15:48:25.000000,1,370,320,suggested
HALO-AC3_RF09_154825,HALO-AC3,RF09,2022-03-28T15:48:25.000000,1,380,310,suggested
HALO-AC3_RF09_154825,HALO-AC3,RF09,2022-03-28T15:48:25.000000,1,386,297,suggested
HALO-AC3_RF09_154825,HALO-AC3,RF09,2022-03-28T15:48:25.000000,1,392,288,suggested
HALO-AC3_RF09_154825,HALO-AC3,RF09,2022-03-28T15:48:25.000000,1,400,278,suggested
HALO-AC3_RF09_154825,HALO-AC3,RF09,2022-03-28T15:48:25.000000,1,409,270,suggested
HALO-AC3_RF09_154825,HALO-AC3,RF09,2022-03-28T15:48:25.000000,1,419,260,suggested
HALO-AC3_RF09_154825,HALO-AC3,RF09,2022-03-28T15:48:25.000000,1,429,251,suggested
HALO-AC3_RF09_154825,HALO-AC3,RF09,2022-03-28T15:48:25.000000,1,439,243,suggested
HALO-AC3_RF09_154825,HALO-AC3,RF09,2022-03-28T15:48:25.000000,1,453,235,suggested
HALO-AC3_RF09_154825,HALO-AC3,RF09,2022-03-28T15:48:25.000000,1,449,219,suggested
HALO-AC3_RF09_154825,HALO-AC3,RF09,2022-03-28T15:48:25.000000,1,455,212,suggested
HALO-AC3_RF09_154825,HALO-AC3,RF09,2022-03-28T15:48:25.000000,1,464,208,suggested
HALO-AC3_RF09_154825,HALO-AC3,RF09,2022-03-28T15:48:25.000000,1,475,202,suggested
HALO-AC3_RF09_154825,HALO-AC3,RF09,2022-03-28T15:48:25.000000,1,479,193,suggested
HALO-AC3_RF09_154825,HALO-AC3,RF09,2022-03-28T15:48:25.000000,1,486,183,suggested
HALO-AC3_RF09_154825,HALO-AC3,RF09,2022-03-28T15:48:25.000000,1,499,178,suggested
HALO-AC3_RF09_154825,HALO-AC3,RF09,2022-03-28T15:48:25.000000,1,507,168,suggested
HALO-AC3_RF09_154825,HALO-AC3,RF09,2022-03-28T15:48:25.000000,1,514,158,suggested
HALO-AC3_RF09_154825,HALO-AC3,RF09,2022-03-28T15:48:25.000000,1,523,148,suggested
HALO-AC3_RF09_154825,HALO-AC3,RF09,2022-03-28T15:48:25.000000,1,532,141,suggested
HALO-AC3_RF09_154825,HALO-AC3,RF09,2022-03-28T15:48:25.000000,1,536,129,suggested
HALO-AC3_RF09_154825,HALO-AC3,RF09,2022-03-28T15:48:25.000000,1,541,112,suggested
HALO-AC3_RF09_154825,HALO-AC3,RF09,2022-03-28T15:48:25.000000,1,553,116,suggested
HALO-AC3_RF09_154825,HALO-AC3,RF09,2022-03-28T15:48:25.000000,1,564,122,suggested
HALO-AC3_RF09_154825,HALO-AC3,RF09,2022-03-28T15:48:25.000000,1,577,123,suggested
HALO-AC3_RF09_154825,HALO-AC3,RF09,2022-03-28T15:48:25.000000,1,589,126,suggested
HALO-AC3_RF10_144046,HALO-AC3,RF10,2022-03-29T14:40:46.000000,1,58,461,suggested
HALO-AC3_RF10_144046,HALO-AC3,RF10,2022-03-29T14:40:46.000000,1,57,458,suggested
HALO-AC3_RF10_144046,HALO-AC3,RF10,2022-03-29T14:40:46.000000,1,60,451,suggested
HALO-AC3_RF10_144046,HALO-AC3,RF10,2022-03-29T14:40:46.000000,1,54,432,suggested
HALO-AC3_RF10_144046,HALO-AC3,RF10,2022-03-29T14:40:46.000000,1,53,426,suggested
HALO-AC3_RF10_144046,HALO-AC3,RF10,2022-03-29T14:40:46.000000,1,53,415,suggested
HALO-AC3_RF10_144046,HALO-AC3,RF10,2022-03-29T14:40:46.000000,1,49,402,suggested
HALO-AC3_RF10_144046,HALO-AC3,RF10,2022-03-29T14:40:46.000000,1,116,100,suggested
HALO-AC3_RF10_144046,HALO-AC3,RF10,2022-03-29T14:40:46.000000,1,235,180,suggested
HALO-AC3_RF10_144046,HALO-AC3,RF10,2022-03-29T14:40:46.000000,1,253,192,suggested
HALO-AC3_RF10_144046,HALO-AC3,RF10,2022-03-29T14:40:46.000000,1,264,198,suggested
HALO-AC3_RF10_144046,HALO-AC3,RF10,2022-03-29T14:40:46.000000,1,277,201,suggested
HALO-AC3_RF10_144046,HALO-AC3,RF10,2022-03-29T14:40:46.000000,1,290,202,suggested
HALO-AC3_RF10_144046,HALO-AC3,RF10,2022-03-29T14:40:46.000000,1,299,202,suggested
HALO-AC3_RF10_144046,HALO-AC3,RF10,2022-03-29T14:40:46.000000,1,311,206,suggested
HALO-AC3_RF10_144046,HALO-AC3,RF10,2022-03-29T14:40:46.000000,1,317,209,suggested
HALO-AC3_RF10_144046,HALO-AC3,RF10,2022-03-29T14:40:46.000000,1,329,210,suggested
HALO-AC3_RF10_144046,HALO-AC3,RF10,2022-03-29T14:40:46.000000,1,338,216,suggested
HALO-AC3_RF10_144046,HALO-AC3,RF10,2022-03-29T14:40:46.000000,1,345,226,suggested
HALO-AC3_RF10_144046,HALO-AC3,RF10,2022-03-29T14:40:46.000000,1,353,235,suggested
HALO-AC3_RF10_144046,HALO-AC3,RF10,2022-03-29T14:40:46.000000,1,358,245,suggested
HALO-AC3_RF10_144046,HALO-AC3,RF10,2022-03-29T14:40:46.000000,1,364,258,suggested
HALO-AC3_RF10_144046,HALO-AC3,RF10,2022-03-29T14:40:46.000000,1,366,268,suggested
HALO-AC3_RF10_144046,HALO-AC3,RF10,2022-03-29T14:40:46.000000,1,368,278,suggested
HALO-AC3_RF10_144046,HALO-AC3,RF10,2022-03-29T14:40:46.000000,1,369,290,suggested
HALO-AC3_RF10_144046,HALO-AC3,RF10,2022-03-29T14:40:46.000000,1,374,300,suggested
HALO-AC3_RF10_144046,HALO-AC3,RF10,2022-03-29T14:40:46.000000,1,403,363,suggested
HALO-AC3_RF11_092534,HALO-AC3,RF11,2022-03-30T09:25:34.000000,1,592,258,suggested
HALO-AC3_RF11_092534,HALO-AC3,RF11,2022-03-30T09:25:34.000000,1,579,269,suggested
HALO-AC3_RF11_092534,HALO-AC3,RF11,2022-03-30T09:25:34.000000,1,567,270,suggested
HALO-AC3_RF11_092534,HALO-AC3,RF11,2022-03-30T09:25:34.000000,1,553,275,suggested
HALO-AC3_RF11_092534,HALO-AC3,RF11,2022-03-30T09:25:34.000000,1,541,277,suggested
HALO-AC3_RF11_092534,HALO-AC3,RF11,2022-03-30T09:25:34.000000,1,529,281,suggested
HALO-AC3_RF11_092534,HALO-AC3,RF11,2022-03-30T09:25:34.000000,1,527,283,suggested
HALO-AC3_RF11_092534,HALO-AC3,RF11,2022-03-30T09:25:34.000000,1,518,292,suggested
HALO-AC3_RF11_092534,HALO-AC3,RF11,2022-03-30T09:25:34.000000,1,507,300,suggested
HALO-AC3_RF11_092534,HALO-AC3,RF11,2022-03-30T09:25:34.000000,1,493,306,suggested
HALO-AC3_RF11_092534,HALO-AC3,RF11,2022-03-30T09:25:34.000000,1,480,311,suggested
HALO-AC3_RF11_092534,HALO-AC3,RF11,2022-03-30T09:25:34.000000,1,465,304,suggested
HALO-AC3_RF11_092534,HALO-AC3,RF11,2022-03-30T09:25:34.000000,1,454,297,suggested
HALO-AC3_RF11_092534,HALO-AC3,RF11,2022-03-30T09:25:34.000000,1,442,298,suggested
HALO-AC3_RF11_092534,HALO-AC3,RF11,2022-03-30T09:25:34.000000,1,434,298,suggested
HALO-AC3_RF11_092534,HALO-AC3,RF11,2022-03-30T09:25:34.000000,1,422,300,suggested
HALO-AC3_RF11_092534,HALO-AC3,RF11,2022-03-30T09:25:34.000000,1,412,305,suggested
HALO-AC3_RF11_092534,HALO-AC3,RF11,2022-03-30T09:25:34.000000,1,401,312,suggested
HALO-AC3_RF11_092534,HALO-AC3,RF11,2022-03-30T09:25:34.000000,1,388,319,suggested
HALO-AC3_RF11_092534,HALO-AC3,RF11,2022-03-30T09:25:34.000000,1,376,323,suggested
HALO-AC3_RF11_092534,HALO-AC3,RF11,2022-03-30T09:25:34.000000,1,364,328,suggested
HALO-AC3_RF11_092534,HALO-AC3,RF11,2022-03-30T09:25:34.000000,1,346,331,suggested
HALO-AC3_RF11_092534,HALO-AC3,RF11,2022-03-30T09:25:34.000000,1,334,327,suggested
HALO-AC3_RF11_092534,HALO-AC3,RF11,2022-03-30T09:25:34.000000,1,322,325,suggested
HALO-AC3_RF11_092534,HALO-AC3,RF11,2022-03-30T09:25:34.000000,1,309,324,suggested
HALO-AC3_RF11_092534,HALO-AC3,RF11,2022-03-30T09:25:34.000000,1,296,321,suggested
HALO-AC3_RF11_092534,HALO-AC3,RF11,2022-03-30T09:25:34.000000,1,292,321,suggested
HALO-AC3_RF11_092534,HALO-AC3,RF11,2022-03-30T09:25:34.000000,1,279,328,suggested
HALO-AC3_RF11_092534,HALO-AC3,RF11,2022-03-30T09:25:34.000000,1,267,334,suggested
HALO-AC3_RF11_092534,HALO-AC3,RF11,2022-03-30T09:25:34.000000,1,255,339,suggested
HALO-AC3_RF11_092534,HALO-AC3,RF11,2022-03-30T09:25:34.000000,1,248,342,suggested
HALO-AC3_RF11_092534,HALO-AC3,RF11,2022-03-30T09:25:34.000000,1,240,352,suggested
HALO-AC3_RF11_092534,HALO-AC3,RF11,2022-03-30T09:25:34.000000,1,223,362,suggested
HALO-AC3_RF11_092534,HALO-AC3,RF11,2022-03-30T09:25:34.000000,1,214,353,suggested
HALO-AC3_RF11_092534,HALO-AC3,RF11,2022-03-30T09:25:34.000000,1,204,353,suggested
HALO-AC3_RF11_092534,HALO-AC3,RF11,2022-03-30T09:25:34.000000,1,191,355,suggested
HALO-AC3_RF11_092534,HALO-AC3,RF11,2022-03-30T09:25:34.000000,1,179,356,suggested
HALO-AC3_RF11_092534,HALO-AC3,RF11,2022-03-30T09:25:34.000000,1,169,357,suggested
HALO-AC3_RF11_092534,HALO-AC3,RF11,2022-03-30T09:25:34.000000,1,156,356,suggested
HALO-AC3_RF11_092534,HALO-AC3,RF11,2022-03-30T09:25:34.000000,1,144,360,suggested
HALO-AC3_RF11_092534,HALO-AC3,RF11,2022-03-30T09:25:34.000000,1,131,362,suggested
HALO-AC3_RF11_092534,HALO-AC3,RF11,2022-03-30T09:25:34.000000,1,119,364,suggested
HALO-AC3_RF11_092534,HALO-AC3,RF11,2022-03-30T09:25:34.000000,1,106,359,suggested
HALO-AC3_RF11_092534,HALO-AC3,RF11,2022-03-30T09:25:34.000000,1,97,350,suggested
HALO-AC3_RF11_092534,HALO-AC3,RF11,2022-03-30T09:25:34.000000,1,84,345,suggested
HALO-AC3_RF11_092534,HALO-AC3,RF11,2022-03-30T09:25:34.000000,1,75,344,suggested
HALO-AC3_RF11_092534,HALO-AC3,RF11,2022-03-30T09:25:34.000000,1,72,343,suggested
HALO-AC3_RF11_092534,HALO-AC3,RF11,2022-03-30T09:25:34.000000,1,60,345,suggested
HALO-AC3_RF11_092534,HALO-AC3,RF11,2022-03-30T09:25:34.000000,1,49,350,suggested
HALO-AC3_RF11_092708,HALO-AC3,RF11,2022-03-30T09:27:08.000000,1,44,441,suggested
HALO-AC3_RF11_092708,HALO-AC3,RF11,2022-03-30T09:27:08.000000,1,55,439,suggested
HALO-AC3_RF11_092708,HALO-AC3,RF11,2022-03-30T09:27:08.000000,1,67,436,suggested
HALO-AC3_RF11_092708,HALO-AC3,RF11,2022-03-30T09:27:08.000000,1,78,433,suggested
HALO-AC3_RF11_092708,HALO-AC3,RF11,2022-03-30T09:27:08.000000,1,90,431,suggested
HALO-AC3_RF11_092708,HALO-AC3,RF11,2022-03-30T09:27:08.000000,1,101,427,suggested
HALO-AC3_RF11_092708,HALO-AC3,RF11,2022-03-30T09:27:08.000000,1,113,424,suggested
HALO-AC3_RF11_092708,HALO-AC3,RF11,2022-03-30T09:27:08.000000,1,124,420,suggested
HALO-AC3_RF11_092708,HALO-AC3,RF11,2022-03-30T09:27:08.000000,1,137,414,suggested
HALO-AC3_RF11_092708,HALO-AC3,RF11,2022-03-30T09:27:08.000000,1,148,407,suggested
HALO-AC3_RF11_092708,HALO-AC3,RF11,2022-03-30T09:27:08.000000,1,157,400,suggested
HALO-AC3_RF11_092708,HALO-AC3,RF11,2022-03-30T09:27:08.000000,1,165,391,suggested
HALO-AC3_RF11_092708,HALO-AC3,RF11,2022-03-30T09:27:08.000000,1,174,380,suggested
HALO-AC3_RF11_092708,HALO-AC3,RF11,2022-03-30T09:27:08.000000,1,181,370,suggested
HALO-AC3_RF11_092708,HALO-AC3,RF11,2022-03-30T09:27:08.000000,1,188,356,suggested
HALO-AC3_RF11_092708,HALO-AC3,RF11,2022-03-30T09:27:08.000000,1,190,342,suggested
HALO-AC3_RF11_092708,HALO-AC3,RF11,2022-03-30T09:27:08.000000,1,184,325,suggested
HALO-AC3_RF11_092708,HALO-AC3,RF11,2022-03-30T09:27:08.000000,1,175,316,suggested
HALO-AC3_RF11_092708,HALO-AC3,RF11,2022-03-30T09:27:08.000000,1,168,307,suggested
HALO-AC3_RF11_092708,HALO-AC3,RF11,2022-03-30T09:27:08.000000,1,166,296,suggested
HALO-AC3_RF11_092708,HALO-AC3,RF11,2022-03-30T09:27:08.000000,1,171,288,suggested
HALO-AC3_RF11_092708,HALO-AC3,RF11,2022-03-30T09:27:08.000000,1,179,277,suggested
HALO-AC3_RF11_092708,HALO-AC3,RF11,2022-03-30T09:27:08.000000,1,178,273,suggested
HALO-AC3_RF11_092708,HALO-AC3,RF11,2022-03-30T09:27:08.000000,1,191,271,suggested
HALO-AC3_RF11_092708,HALO-AC3,RF11,2022-03-30T09:27:08.000000,1,202,272,suggested
HALO-AC3_RF11_092708,HALO-AC3,RF11,2022-03-30T09:27:08.000000,1,215,272,suggested
HALO-AC3_RF11_092708,HALO-AC3,RF11,2022-03-30T09:27:08.000000,1,230,270,suggested
HALO-AC3_RF11_092708,HALO-AC3,RF11,2022-03-30T09:27:08.000000,1,243,267,suggested
HALO-AC3_RF11_092708,HALO-AC3,RF11,2022-03-30T09:27:08.000000,1,256,264,suggested
HALO-AC3_RF11_092708,HALO-AC3,RF11,2022-03-30T09:27:08.000000,1,267,261,suggested
HALO-AC3_RF11_092708,HALO-AC3,RF11,2022-03-30T09:27:08.000000,1,279,256,suggested
HALO-AC3_RF11_092708,HALO-AC3,RF11,2022-03-30T09:27:08.000000,1,294,247,suggested
HALO-AC3_RF11_092708,HALO-AC3,RF11,2022-03-30T09:27:08.000000,1,302,237,suggested
HALO-AC3_RF11_092708,HALO-AC3,RF11,2022-03-30T09:27:08.000000,1,303,219,suggested
HALO-AC3_RF11_092708,HALO-AC3,RF11,2022-03-30T09:27:08.000000,1,300,207,suggested
HALO-AC3_RF11_092708,HALO-AC3,RF11,2022-03-30T09:27:08.000000,1,301,197,suggested
HALO-AC3_RF11_092708,HALO-AC3,RF11,2022-03-30T09:27:08.000000,1,304,184,suggested
HALO-AC3_RF11_092708,HALO-AC3,RF11,2022-03-30T09:27:08.000000,1,306,178,suggested
HALO-AC3_RF11_092708,HALO-AC3,RF11,2022-03-30T09:27:08.000000,1,316,172,suggested
HALO-AC3_RF11_092708,HALO-AC3,RF11,2022-03-30T09:27:08.000000,1,327,159,suggested
HALO-AC3_RF11_092708,HALO-AC3,RF11,2022-03-30T09:27:08.000000,1,327,145,suggested
HALO-AC3_RF11_092708,HALO-AC3,RF11,2022-03-30T09:27:08.000000,1,327,132,suggested
HALO-AC3_RF11_092708,HALO-AC3,RF11,2022-03-30T09:27:08.000000,1,331,120,suggested
HALO-AC3_RF11_092708,HALO-AC3,RF11,2022-03-30T09:27:08.000000,1,339,113,suggested
HALO-AC3_RF11_092708,HALO-AC3,RF11,2022-03-30T09:27:08.000000,1,347,107,suggested
HALO-AC3_RF11_092708,HALO-AC3,RF11,2022-03-30T09:27:08.000000,1,360,101,suggested
HALO-AC3_RF11_092708,HALO-AC3,RF11,2022-03-30T09:27:08.000000,1,370,88,suggested
HALO-AC3_RF11_092708,HALO-AC3,RF11,2022-03-30T09:27:08.000000,1,371,75,suggested
HALO-AC3_RF11_092708,HALO-AC3,RF11,2022-03-30T09:27:08.000000,1,379,68,suggested
HALO-AC3_RF11_092708,HALO-AC3,RF11,2022-03-30T09:27:08.000000,1,379,69,suggested
HALO-AC3_RF11_092708,HALO-AC3,RF11,2022-03-30T09:27:08.000000,1,393,56,suggested
HALO-AC3_RF11_092708,HALO-AC3,RF11,2022-03-30T09:27:08.000000,1,396,54,suggested
HALO-AC3_RF11_092708,HALO-AC3,RF11,2022-03-30T09:27:08.000000,1,400,57,suggested
HALO-AC3_RF11_092708,HALO-AC3,RF11,2022-03-30T09:27:08.000000,1,411,68,suggested
HALO-AC3_RF11_092708,HALO-AC3,RF11,2022-03-30T09:27:08.000000,1,422,75,suggested
HALO-AC3_RF11_092708,HALO-AC3,RF11,2022-03-30T09:27:08.000000,1,434,81,suggested
HALO-AC3_RF11_092708,HALO-AC3,RF11,2022-03-30T09:27:08.000000,1,443,82,suggested
HALO-AC3_RF11_092708,HALO-AC3,RF11,2022-03-30T09:27:08.000000,1,452,92,suggested
HALO-AC3_RF11_092708,HALO-AC3,RF11,2022-03-30T09:27:08.000000,1,457,103,suggested
HALO-AC3_RF11_092708,HALO-AC3,RF11,2022-03-30T09:27:08.000000,1,469,111,suggested
HALO-AC3_RF11_092708,HALO-AC3,RF11,2022-03-30T09:27:08.000000,1,472,125,suggested
HALO-AC3_RF11_092708,HALO-AC3,RF11,2022-03-30T09:27:08.000000,1,480,132,suggested
HALO-AC3_RF11_092708,HALO-AC3,RF11,2022-03-30T09:27:08.000000,1,472,142,suggested
HALO-AC3_RF11_092708,HALO-AC3,RF11,2022-03-30T09:27:08.000000,1,463,149,suggested
HALO-AC3_RF11_092708,HALO-AC3,RF11,2022-03-30T09:27:08.000000,1,460,160,suggested
HALO-AC3_RF11_092708,HALO-AC3,RF11,2022-03-30T09:27:08.000000,1,459,173,suggested
HALO-AC3_RF11_092708,HALO-AC3,RF11,2022-03-30T09:27:08.000000,1,457,185,suggested
HALO-AC3_RF11_092708,HALO-AC3,RF11,2022-03-30T09:27:08.000000,1,459,199,suggested
HALO-AC3_RF11_092708,HALO-AC3,RF11,2022-03-30T09:27:08.000000,1,453,209,suggested
HALO-AC3_RF11_092708,HALO-AC3,RF11,2022-03-30T09:27:08.000000,1,451,220,suggested
HALO-AC3_RF11_092708,HALO-AC3,RF11,2022-03-30T09:27:08.000000,1,451,232,suggested
HALO-AC3_RF11_092708,HALO-AC3,RF11,2022-03-30T09:27:08.000000,1,458,243,suggested
HALO-AC3_RF11_092708,HALO-AC3,RF11,2022-03-30T09:27:08.000000,1,467,252,suggested
HALO-AC3_RF11_092708,HALO-AC3,RF11,2022-03-30T09:27:08.000000,1,472,264,suggested
HALO-AC3_RF11_092708,HALO-AC3,RF11,2022-03-30T09:27:08.000000,1,479,275,suggested
HALO-AC3_RF11_092708,HALO-AC3,RF11,2022-03-30T09:27:08.000000,1,486,285,suggested
HALO-AC3_RF11_092708,HALO-AC3,RF11,2022-03-30T09:27:08.000000,1,495,294,suggested
HALO-AC3_RF11_092708,HALO-AC3,RF11,2022-03-30T09:27:08.000000,1,503,304,suggested
HALO-AC3_RF11_092708,HALO-AC3,RF11,2022-03-30T09:27:08.000000,1,512,312,suggested
HALO-AC3_RF11_092708,HALO-AC3,RF11,2022-03-30T09:27:08.000000,1,522,319,suggested
HALO-AC3_RF11_092708,HALO-AC3,RF11,2022-03-30T09:27:08.000000,1,529,330,suggested
HALO-AC3_RF11_092708,HALO-AC3,RF11,2022-03-30T09:27:08.000000,1,540,335,suggested
HALO-AC3_RF11_092708,HALO-AC3,RF11,2022-03-30T09:27:08.000000,1,552,339,suggested
HALO-AC3_RF11_092708,HALO-AC3,RF11,2022-03-30T09:27:08.000000,1,564,341,suggested
HALO-AC3_RF11_092708,HALO-AC3,RF11,2022-03-30T09:27:08.000000,1,577,342,suggested
HALO-AC3_RF11_092708,HALO-AC3,RF11,2022-03-30T09:27:08.000000,1,589,341,suggested
HALO-AC3_RF11_092830,HALO-AC3,RF11,2022-03-30T09:28:30.000000,1,548,41,suggested
HALO-AC3_RF11_092830,HALO-AC3,RF11,2022-03-30T09:28:30.000000,1,549,53,suggested
HALO-AC3_RF11_092830,HALO-AC3,RF11,2022-03-30T09:28:30.000000,1,550,66,suggested
HALO-AC3_RF11_092830,HALO-AC3,RF11,2022-03-30T09:28:30.000000,1,548,78,suggested
HALO-AC3_RF11_092830,HALO-AC3,RF11,2022-03-30T09:28:30.000000,1,530,82,suggested
HALO-AC3_RF11_092830,HALO-AC3,RF11,2022-03-30T09:28:30.000000,1,520,75,suggested
HALO-AC3_RF11_092830,HALO-AC3,RF11,2022-03-30T09:28:30.000000,1,509,71,suggested
HALO-AC3_RF11_092830,HALO-AC3,RF11,2022-03-30T09:28:30.000000,1,502,76,suggested
HALO-AC3_RF11_092830,HALO-AC3,RF11,2022-03-30T09:28:30.000000,1,491,81,suggested
HALO-AC3_RF11_092830,HALO-AC3,RF11,2022-03-30T09:28:30.000000,1,486,89,suggested
HALO-AC3_RF11_092830,HALO-AC3,RF11,2022-03-30T09:28:30.000000,1,478,99,suggested
HALO-AC3_RF11_092830,HALO-AC3,RF11,2022-03-30T09:28:30.000000,1,474,109,suggested
HALO-AC3_RF11_092830,HALO-AC3,RF11,2022-03-30T09:28:30.000000,1,471,121,suggested
HALO-AC3_RF11_092830,HALO-AC3,RF11,2022-03-30T09:28:30.000000,1,466,131,suggested
HALO-AC3_RF11_092830,HALO-AC3,RF11,2022-03-30T09:28:30.000000,1,462,143,suggested
HALO-AC3_RF11_092830,HALO-AC3,RF11,2022-03-30T09:28:30.000000,1,457,154,suggested
HALO-AC3_RF11_092830,HALO-AC3,RF11,2022-03-30T09:28:30.000000,1,452,166,suggested
HALO-AC3_RF11_092830,HALO-AC3,RF11,2022-03-30T09:28:30.000000,1,450,178,suggested
HALO-AC3_RF11_092830,HALO-AC3,RF11,2022-03-30T09:28:30.000000,1,448,191,suggested
HALO-AC3_RF11_092830,HALO-AC3,RF11,2022-03-30T09:28:30.000000,1,447,203,suggested
HALO-AC3_RF11_092830,HALO-AC3,RF11,2022-03-30T09:28:30.000000,1,446,216,suggested
HALO-AC3_RF11_092830,HALO-AC3,RF11,2022-03-30T09:28:30.000000,1,447,229,suggested
HALO-AC3_RF11_092830,HALO-AC3,RF11,2022-03-30T09:28:30.000000,1,447,238,suggested
HALO-AC3_RF11_092830,HALO-AC3,RF11,2022-03-30T09:28:30.000000,1,447,252,suggested
HALO-AC3_RF11_092830,HALO-AC3,RF11,2022-03-30T09:28:30.000000,1,449,264,suggested
HALO-AC3_RF11_092830,HALO-AC3,RF11,2022-03-30T09:28:30.000000,1,452,276,suggested
HALO-AC3_RF11_092830,HALO-AC3,RF11,2022-03-30T09:28:30.000000,1,454,289,suggested
HALO-AC3_RF11_092830,HALO-AC3,RF11,2022-03-30T09:28:30.000000,1,457,301,suggested
HALO-AC3_RF11_092830,HALO-AC3,RF11,2022-03-30T09:28:30.000000,1,461,313,suggested
HALO-AC3_RF11_092830,HALO-AC3,RF11,2022-03-30T09:28:30.000000,1,465,326,suggested
HALO-AC3_RF11_092830,HALO-AC3,RF11,2022-03-30T09:28:30.000000,1,469,337,suggested
HALO-AC3_RF11_092830,HALO-AC3,RF11,2022-03-30T09:28:30.000000,1,473,349,suggested
HALO-AC3_RF11_092830,HALO-AC3,RF11,2022-03-30T09:28:30.000000,1,479,360,suggested
HALO-AC3_RF11_092830,HALO-AC3,RF11,2022-03-30T09:28:30.000000,1,484,372,suggested
HALO-AC3_RF11_092830,HALO-AC3,RF11,2022-03-30T09:28:30.000000,1,488,388,suggested
HALO-AC3_RF11_092830,HALO-AC3,RF11,2022-03-30T09:28:30.000000,1,483,399,suggested
HALO-AC3_RF11_092830,HALO-AC3,RF11,2022-03-30T09:28:30.000000,1,477,411,suggested
HALO-AC3_RF11_092830,HALO-AC3,RF11,2022-03-30T09:28:30.000000,1,472,422,suggested
HALO-AC3_RF11_092830,HALO-AC3,RF11,2022-03-30T09:28:30.000000,1,468,434,suggested
HALO-AC3_RF11_092830,HALO-AC3,RF11,2022-03-30T09:28:30.000000,1,464,445,suggested
HALO-AC3_RF11_092830,HALO-AC3,RF11,2022-03-30T09:28:30.000000,1,461,457,suggested
HALO-AC3_RF11_092907,HALO-AC3,RF11,2022-03-30T09:29:07.000000,1,405,48,suggested
HALO-AC3_RF11_092907,HALO-AC3,RF11,2022-03-30T09:29:07.000000,1,403,61,suggested
HALO-AC3_RF11_092907,HALO-AC3,RF11,2022-03-30T09:29:07.000000,1,402,73,suggested
HALO-AC3_RF11_092907,HALO-AC3,RF11,2022-03-30T09:29:07.000000,1,403,86,suggested
HALO-AC3_RF11_092907,HALO-AC3,RF11,2022-03-30T09:29:07.000000,1,400,98,suggested
HALO-AC3_RF11_092907,HALO-AC3,RF11,2022-03-30T09:29:07.000000,1,396,110,suggested
HALO-AC3_RF11_092907,HALO-AC3,RF11,2022-03-30T09:29:07.000000,1,394,124,suggested
HALO-AC3_RF11_092907,HALO-AC3,RF11,2022-03-30T09:29:07.000000,1,390,136,suggested
HALO-AC3_RF11_092907,HALO-AC3,RF11,2022-03-30T09:29:07.000000,1,384,148,suggested
HALO-AC3_RF11_092907,HALO-AC3,RF11,2022-03-30T09:29:07.000000,1,378,159,suggested
HALO-AC3_RF11_092907,HALO-AC3,RF11,2022-03-30T09:29:07.000000,1,372,171,suggested
HALO-AC3_RF11_092907,HALO-AC3,RF11,2022-03-30T09:29:07.000000,1,366,182,suggested
HALO-AC3_RF11_092907,HALO-AC3,RF11,2022-03-30T09:29:07.000000,1,360,193,suggested
HALO-AC3_RF11_092907,HALO-AC3,RF11,2022-03-30T09:29:07.000000,1,353,204,suggested
HALO-AC3_RF11_092907,HALO-AC3,RF11,2022-03-30T09:29:07.000000,1,348,216,suggested
HALO-AC3_RF11_092907,HALO-AC3,RF11,2022-03-30T09:29:07.000000,1,345,228,suggested
HALO-AC3_RF11_092907,HALO-AC3,RF11,2022-03-30T09:29:07.000000,1,342,240,suggested
HALO-AC3_RF11_092907,HALO-AC3,RF11,2022-03-30T09:29:07.000000,1,337,252,suggested
HALO-AC3_RF11_092907,HALO-AC3,RF11,2022-03-30T09:29:07.000000,1,335,265,suggested
HALO-AC3_RF11_092907,HALO-AC3,RF11,2022-03-30T09:29:07.000000,1,334,272,suggested
HALO-AC3_RF11_092907,HALO-AC3,RF11,2022-03-30T09:29:07.000000,1,331,287,suggested
HALO-AC3_RF11_092907,HALO-AC3,RF11,2022-03-30T09:29:07.000000,1,324,294,suggested
HALO-AC3_RF11_092907,HALO-AC3,RF11,2022-03-30T09:29:07.000000,1,319,303,suggested
HALO-AC3_RF11_092907,HALO-AC3,RF11,2022-03-30T09:29:07.000000,1,315,315,suggested
HALO-AC3_RF11_092907,HALO-AC3,RF11,2022-03-30T09:29:07.000000,1,313,324,suggested
HALO-AC3_RF11_092907,HALO-AC3,RF11,2022-03-30T09:29:07.000000,1,321,340,suggested
HALO-AC3_RF11_092907,HALO-AC3,RF11,2022-03-30T09:29:07.000000,1,309,359,suggested
HALO-AC3_RF11_092907,HALO-AC3,RF11,2022-03-30T09:29:07.000000,1,308,360,suggested
HALO-AC3_RF11_092907,HALO-AC3,RF11,2022-03-30T09:29:07.000000,1,303,368,suggested
HALO-AC3_RF11_092907,HALO-AC3,RF11,2022-03-30T09:29:07.000000,1,297,379,suggested
HALO-AC3_RF11_092907,HALO-AC3,RF11,2022-03-30T09:29:07.000000,1,282,390,suggested
HALO-AC3_RF11_092907,HALO-AC3,RF11,2022-03-30T09:29:07.000000,1,271,397,suggested
HALO-AC3_RF11_092907,HALO-AC3,RF11,2022-03-30T09:29:07.000000,1,270,401,suggested
HALO-AC3_RF11_092907,HALO-AC3,RF11,2022-03-30T09:29:07.000000,1,264,413,suggested
HALO-AC3_RF11_092907,HALO-AC3,RF11,2022-03-30T09:29:07.000000,1,263,421,suggested
HALO-AC3_RF11_092907,HALO-AC3,RF11,2022-03-30T09:29:07.000000,1,262,434,suggested
HALO-AC3_RF11_092907,HALO-AC3,RF11,2022-03-30T09:29:07.000000,1,263,446,suggested
HALO-AC3_RF11_092907,HALO-AC3,RF11,2022-03-30T09:29:07.000000,1,266,458,suggested
HALO-AC3_RF11_092944,HALO-AC3,RF11,2022-03-30T09:29:44.000000,1,184,44,suggested
HALO-AC3_RF11_092944,HALO-AC3,RF11,2022-03-30T09:29:44.000000,1,182,56,suggested
HALO-AC3_RF11_092944,HALO-AC3,RF11,2022-03-30T09:29:44.000000,1,181,69,suggested
HALO-AC3_RF11_092944,HALO-AC3,RF11,2022-03-30T09:29:44.000000,1,180,81,suggested
HALO-AC3_RF11_092944,HALO-AC3,RF11,2022-03-30T09:29:44.000000,1,177,94,suggested
HALO-AC3_RF11_092944,HALO-AC3,RF11,2022-03-30T09:29:44.000000,1,175,105,suggested
HALO-AC3_RF11_092944,HALO-AC3,RF11,2022-03-30T09:29:44.000000,1,175,115,suggested
HALO-AC3_RF11_092944,HALO-AC3,RF11,2022-03-30T09:29:44.000000,1,176,128,suggested
HALO-AC3_RF11_092944,HALO-AC3,RF11,2022-03-30T09:29:44.000000,1,177,141,suggested
HALO-AC3_RF11_092944,HALO-AC3,RF11,2022-03-30T09:29:44.000000,1,180,153,suggested
HALO-AC3_RF11_092944,HALO-AC3,RF11,2022-03-30T09:29:44.000000,1,184,166,suggested
HALO-AC3_RF11_092944,HALO-AC3,RF11,2022-03-30T09:29:44.000000,1,184,179,suggested
HALO-AC3_RF11_092944,HALO-AC3,RF11,2022-03-30T09:29:44.000000,1,184,192,suggested
HALO-AC3_RF11_092944,HALO-AC3,RF11,2022-03-30T09:29:44.000000,1,186,204,suggested
HALO-AC3_RF11_092944,HALO-AC3,RF11,2022-03-30T09:29:44.000000,1,186,217,suggested
HALO-AC3_RF11_092944,HALO-AC3,RF11,2022-03-30T09:29:44.000000,1,189,229,suggested
HALO-AC3_RF11_092944,HALO-AC3,RF11,2022-03-30T09:29:44.000000,1,192,250,suggested
HALO-AC3_RF11_092944,HALO-AC3,RF11,2022-03-30T09:29:44.000000,1,188,264,suggested
HALO-AC3_RF11_092944,HALO-AC3,RF11,2022-03-30T09:29:44.000000,1,190,276,suggested
HALO-AC3_RF11_092944,HALO-AC3,RF11,2022-03-30T09:29:44.000000,1,190,287,suggested
HALO-AC3_RF11_092944,HALO-AC3,RF11,2022-03-30T09:29:44.000000,1,194,300,suggested
HALO-AC3_RF11_092944,HALO-AC3,RF11,2022-03-30T09:29:44.000000,1,199,311,suggested
HALO-AC3_RF11_092944,HALO-AC3,RF11,2022-03-30T09:29:44.000000,1,206,322,suggested
HALO-AC3_RF11_092944,HALO-AC3,RF11,2022-03-30T09:29:44.000000,1,218,335,suggested
HALO-AC3_RF11_092944,HALO-AC3,RF11,2022-03-30T09:29:44.000000,1,215,346,suggested
HALO-AC3_RF11_092944,HALO-AC3,RF11,2022-03-30T09:29:44.000000,1,210,356,suggested
HALO-AC3_RF11_092944,HALO-AC3,RF11,2022-03-30T09:29:44.000000,1,200,377,suggested
HALO-AC3_RF11_092944,HALO-AC3,RF11,2022-03-30T09:29:44.000000,1,199,378,suggested
HALO-AC3_RF11_092944,HALO-AC3,RF11,2022-03-30T09:29:44.000000,1,184,396,suggested
HALO-AC3_RF11_092944,HALO-AC3,RF11,2022-03-30T09:29:44.000000,1,182,397,suggested
HALO-AC3_RF11_092944,HALO-AC3,RF11,2022-03-30T09:29:44.000000,1,174,407,suggested
HALO-AC3_RF11_092944,HALO-AC3,RF11,2022-03-30T09:29:44.000000,1,166,416,suggested
HALO-AC3_RF11_092944,HALO-AC3,RF11,2022-03-30T09:29:44.000000,1,158,425,suggested
HALO-AC3_RF11_092944,HALO-AC3,RF11,2022-03-30T09:29:44.000000,1,156,428,suggested
HALO-AC3_RF11_092944,HALO-AC3,RF11,2022-03-30T09:29:44.000000,1,143,445,suggested
HALO-AC3_RF11_092944,HALO-AC3,RF11,2022-03-30T09:29:44.000000,1,137,449,suggested
HALO-AC3_RF11_092944,HALO-AC3,RF11,2022-03-30T09:29:44.000000,1,119,446,suggested
HALO-AC3_RF11_092944,HALO-AC3,RF11,2022-03-30T09:29:44.000000,1,109,439,suggested
HALO-AC3_RF11_092944,HALO-AC3,RF11,2022-03-30T09:29:44.000000,1,100,432,suggested
HALO-AC3_RF11_092944,HALO-AC3,RF11,2022-03-30T09:29:44.000000,1,82,409,suggested
HALO-AC3_RF11_092944,HALO-AC3,RF11,2022-03-30T09:29:44.000000,1,73,410,suggested
HALO-AC3_RF11_092944,HALO-AC3,RF11,2022-03-30T09:29:44.000000,1,64,413,suggested
HALO-AC3_RF11_092944,HALO-AC3,RF11,2022-03-30T09:29:44.000000,1,53,417,suggested
HALO-AC3_RF11_093118,HALO-AC3,RF11,2022-03-30T09:31:18.000000,1,41,120,suggested
HALO-AC3_RF11_093118,HALO-AC3,RF11,2022-03-30T09:31:18.000000,1,53,125,suggested
HALO-AC3_RF11_093118,HALO-AC3,RF11,2022-03-30T09:31:18.000000,1,64,128,suggested
HALO-AC3_RF11_093118,HALO-AC3,RF11,2022-03-30T09:31:18.000000,1,87,133,suggested
HALO-AC3_RF11_093118,HALO-AC3,RF11,2022-03-30T09:31:18.000000,1,97,141,suggested
HALO-AC3_RF11_093118,HALO-AC3,RF11,2022-03-30T09:31:18.000000,1,109,145,suggested
HALO-AC3_RF11_093118,HALO-AC3,RF11,2022-03-30T09:31:18.000000,1,121,148,suggested
HALO-AC3_RF11_093118,HALO-AC3,RF11,2022-03-30T09:31:18.000000,1,133,151,suggested
HALO-AC3_RF11_093118,HALO-AC3,RF11,2022-03-30T09:31:18.000000,1,145,157,suggested
HALO-AC3_RF11_093118,HALO-AC3,RF11,2022-03-30T09:31:18.000000,1,158,157,suggested
HALO-AC3_RF11_093118,HALO-AC3,RF11,2022-03-30T09:31:18.000000,1,169,160,suggested
HALO-AC3_RF11_093118,HALO-AC3,RF11,2022-03-30T09:31:18.000000,1,178,165,suggested
HALO-AC3_RF11_093118,HALO-AC3,RF11,2022-03-30T09:31:18.000000,1,192,167,suggested
HALO-AC3_RF11_093118,HALO-AC3,RF11,2022-03-30T09:31:18.000000,1,202,173,suggested
HALO-AC3_RF11_093118,HALO-AC3,RF11,2022-03-30T09:31:18.000000,1,210,182,suggested
HALO-AC3_RF11_093118,HALO-AC3,RF11,2022-03-30T09:31:18.000000,1,222,190,suggested
HALO-AC3_RF11_093118,HALO-AC3,RF11,2022-03-30T09:31:18.000000,1,233,195,suggested
HALO-AC3_RF11_093118,HALO-AC3,RF11,2022-03-30T09:31:18.000000,1,245,200,suggested
HALO-AC3_RF11_093118,HALO-AC3,RF11,2022-03-30T09:31:18.000000,1,256,205,suggested
HALO-AC3_RF11_093118,HALO-AC3,RF11,2022-03-30T09:31:18.000000,1,266,213,suggested
HALO-AC3_RF11_093118,HALO-AC3,RF11,2022-03-30T09:31:18.000000,1,277,221,suggested
HALO-AC3_RF11_093118,HALO-AC3,RF11,2022-03-30T09:31:18.000000,1,287,228,suggested
HALO-AC3_RF11_093118,HALO-AC3,RF11,2022-03-30T09:31:18.000000,1,297,237,suggested
HALO-AC3_RF11_093118,HALO-AC3,RF11,2022-03-30T09:31:18.000000,1,307,245,suggested
HALO-AC3_RF11_093118,HALO-AC3,RF11,2022-03-30T09:31:18.000000,1,316,254,suggested
HALO-AC3_RF11_093118,HALO-AC3,RF11,2022-03-30T09:31:18.000000,1,326,262,suggested
HALO-AC3_RF11_093118,HALO-AC3,RF11,2022-03-30T09:31:18.000000,1,338,268,suggested
HALO-AC3_RF11_093118,HALO-AC3,RF11,2022-03-30T09:31:18.000000,1,348,277,suggested
HALO-AC3_RF11_093118,HALO-AC3,RF11,2022-03-30T09:31:18.000000,1,360,282,suggested
HALO-AC3_RF11_093118,HALO-AC3,RF11,2022-03-30T09:31:18.000000,1,372,287,suggested
HALO-AC3_RF11_093118,HALO-AC3,RF11,2022-03-30T09:31:18.000000,1,383,290,suggested
HALO-AC3_RF11_093118,HALO-AC3,RF11,2022-03-30T09:31:18.000000,1,394,299,suggested
HALO-AC3_RF11_093118,HALO-AC3,RF11,2022-03-30T09:31:18.000000,1,398,310,suggested
HALO-AC3_RF11_093118,HALO-AC3,RF11,2022-03-30T09:31:18.000000,1,408,318,suggested
HALO-AC3_RF11_093118,HALO-AC3,RF11,2022-03-30T09:31:18.000000,1,415,328,suggested
HALO-AC3_RF11_093118,HALO-AC3,RF11,2022-03-30T09:31:18.000000,1,424,338,suggested
HALO-AC3_RF11_093118,HALO-AC3,RF11,2022-03-30T09:31:18.000000,1,431,348,suggested
HALO-AC3_RF11_093118,HALO-AC3,RF11,2022-03-30T09:31:18.000000,1,441,356,suggested
HALO-AC3_RF11_093118,HALO-AC3,RF11,2022-03-30T09:31:18.000000,1,451,363,suggested
HALO-AC3_RF11_093118,HALO-AC3,RF11,2022-03-30T09:31:18.000000,1,462,369,suggested
HALO-AC3_RF11_093118,HALO-AC3,RF11,2022-03-30T09:31:18.000000,1,474,374,suggested
HALO-AC3_RF11_093118,HALO-AC3,RF11,2022-03-30T09:31:18.000000,1,487,377,suggested
HALO-AC3_RF11_093118,HALO-AC3,RF11,2022-03-30T09:31:18.000000,1,492,388,suggested
HALO-AC3_RF11_093118,HALO-AC3,RF11,2022-03-30T09:31:18.000000,1,488,395,suggested
HALO-AC3_RF11_093118,HALO-AC3,RF11,2022-03-30T09:31:18.000000,1,489,411,suggested
HALO-AC3_RF11_093118,HALO-AC3,RF11,2022-03-30T09:31:18.000000,1,487,418,suggested
HALO-AC3_RF11_093118,HALO-AC3,RF11,2022-03-30T09:31:18.000000,1,494,428,suggested
HALO-AC3_RF11_093118,HALO-AC3,RF11,2022-03-30T09:31:18.000000,1,503,436,suggested
HALO-AC3_RF11_093118,HALO-AC3,RF11,2022-03-30T09:31:18.000000,1,514,442,suggested
HALO-AC3_RF11_093118,HALO-AC3,RF11,2022-03-30T09:31:18.000000,1,525,445,suggested
HALO-AC3_RF11_093118,HALO-AC3,RF11,2022-03-30T09:31:18.000000,1,537,448,suggested
HALO-AC3_RF11_093118,HALO-AC3,RF11,2022-03-30T09:31:18.000000,1,550,448,suggested
HALO-AC3_RF11_093118,HALO-AC3,RF11,2022-03-30T09:31:18.000000,1,562,447,suggested
HALO-AC3_RF11_093118,HALO-AC3,RF11,2022-03-30T09:31:18.000000,1,574,445,suggested
HALO-AC3_RF11_093118,HALO-AC3,RF11,2022-03-30T09:31:18.000000,1,586,444,suggested
HALO-AC3_RF11_093358,HALO-AC3,RF11,2022-03-30T09:33:58.000000,1,589,104,suggested
HALO-AC3_RF11_093358,HALO-AC3,RF11,2022-03-30T09:33:58.000000,1,578,117,suggested
HALO-AC3_RF11_093358,HALO-AC3,RF11,2022-03-30T09:33:58.000000,1,562,101,suggested
HALO-AC3_RF11_093358,HALO-AC3,RF11,2022-03-30T09:33:58.000000,1,559,100,suggested
HALO-AC3_RF11_093358,HALO-AC3,RF11,2022-03-30T09:33:58.000000,1,547,99,suggested
HALO-AC3_RF11_093358,HALO-AC3,RF11,2022-03-30T09:33:58.000000,1,534,90,suggested
HALO-AC3_RF11_093358,HALO-AC3,RF11,2022-03-30T09:33:58.000000,1,516,89,suggested
HALO-AC3_RF11_093358,HALO-AC3,RF11,2022-03-30T09:33:58.000000,1,520,88,suggested
HALO-AC3_RF11_093358,HALO-AC3,RF11,2022-03-30T09:33:58.000000,1,505,89,suggested
HALO-AC3_RF11_093358,HALO-AC3,RF11,2022-03-30T09:33:58.000000,1,502,92,suggested
HALO-AC3_RF11_093358,HALO-AC3,RF11,2022-03-30T09:33:58.000000,1,479,72,suggested
HALO-AC3_RF11_093358,HALO-AC3,RF11,2022-03-30T09:33:58.000000,1,474,61,suggested
HALO-AC3_RF11_093358,HALO-AC3,RF11,2022-03-30T09:33:58.000000,1,468,50,suggested
HALO-AC3_RF11_093358,HALO-AC3,RF11,2022-03-30T09:33:58.000000,1,456,44,suggested
HALO-AC3_RF11_093358,HALO-AC3,RF11,2022-03-30T09:33:58.000000,1,135,232,suggested
HALO-AC3_RF11_093358,HALO-AC3,RF11,2022-03-30T09:33:58.000000,1,144,225,suggested
HALO-AC3_RF11_093358,HALO-AC3,RF11,2022-03-30T09:33:58.000000,1,163,222,suggested
HALO-AC3_RF11_093358,HALO-AC3,RF11,2022-03-30T09:33:58.000000,1,185,218,suggested
HALO-AC3_RF11_093358,HALO-AC3,RF11,2022-03-30T09:33:58.000000,1,199,216,suggested
HALO-AC3_RF11_093358,HALO-AC3,RF11,2022-03-30T09:33:58.000000,1,210,210,suggested
HALO-AC3_RF11_093358,HALO-AC3,RF11,2022-03-30T09:33:58.000000,1,202,208,suggested
HALO-AC3_RF11_093358,HALO-AC3,RF11,2022-03-30T09:33:58.000000,1,219,210,suggested
HALO-AC3_RF11_093358,HALO-AC3,RF11,2022-03-30T09:33:58.000000,1,235,224,suggested
HALO-AC3_RF11_093358,HALO-AC3,RF11,2022-03-30T09:33:58.000000,1,224,218,suggested
HALO-AC3_RF11_093358,HALO-AC3,RF11,2022-03-30T09:33:58.000000,1,242,230,suggested
HALO-AC3_RF11_093358,HALO-AC3,RF11,2022-03-30T09:33:58.000000,1,245,242,suggested
HALO-AC3_RF11_093358,HALO-AC3,RF11,2022-03-30T09:33:58.000000,1,249,255,suggested
HALO-AC3_RF11_093358,HALO-AC3,RF11,2022-03-30T09:33:58.000000,1,255,267,suggested
HALO-AC3_RF11_093358,HALO-AC3,RF11,2022-03-30T09:33:58.000000,1,264,276,suggested
HALO-AC3_RF11_093358,HALO-AC3,RF11,2022-03-30T09:33:58.000000,1,274,291,suggested
HALO-AC3_RF11_093358,HALO-AC3,RF11,2022-03-30T09:33:58.000000,1,281,294,suggested
HALO-AC3_RF11_093358,HALO-AC3,RF11,2022-03-30T09:33:58.000000,1,293,304,suggested
HALO-AC3_RF11_093358,HALO-AC3,RF11,2022-03-30T09:33:58.000000,1,305,313,suggested
HALO-AC3_RF11_093358,HALO-AC3,RF11,2022-03-30T09:33:58.000000,1,317,318,suggested
HALO-AC3_RF11_093358,HALO-AC3,RF11,2022-03-30T09:33:58.000000,1,324,322,suggested
HALO-AC3_RF11_093358,HALO-AC3,RF11,2022-03-30T09:33:58.000000,1,339,329,suggested
HALO-AC3_RF11_093358,HALO-AC3,RF11,2022-03-30T09:33:58.000000,1,352,335,suggested
HALO-AC3_RF11_093358,HALO-AC3,RF11,2022-03-30T09:33:58.000000,1,381,335,suggested
HALO-AC3_RF11_093358,HALO-AC3,RF11,2022-03-30T09:33:58.000000,1,387,335,suggested
HALO-AC3_RF11_093358,HALO-AC3,RF11,2022-03-30T09:33:58.000000,1,390,336,suggested
HALO-AC3_RF11_093358,HALO-AC3,RF11,2022-03-30T09:33:58.000000,1,401,340,suggested
HALO-AC3_RF11_093358,HALO-AC3,RF11,2022-03-30T09:33:58.000000,1,408,351,suggested
HALO-AC3_RF11_093358,HALO-AC3,RF11,2022-03-30T09:33:58.000000,1,412,366,suggested
HALO-AC3_RF11_093358,HALO-AC3,RF11,2022-03-30T09:33:58.000000,1,423,376,suggested
HALO-AC3_RF11_093358,HALO-AC3,RF11,2022-03-30T09:33:58.000000,1,432,379,suggested
HALO-AC3_RF11_093358,HALO-AC3,RF11,2022-03-30T09:33:58.000000,1,447,386,suggested
HALO-AC3_RF11_093358,HALO-AC3,RF11,2022-03-30T09:33:58.000000,1,453,387,suggested
HALO-AC3_RF11_093358,HALO-AC3,RF11,2022-03-30T09:33:58.000000,1,472,397,suggested
HALO-AC3_RF11_093358,HALO-AC3,RF11,2022-03-30T09:33:58.000000,1,474,397,suggested
HALO-AC3_RF11_093358,HALO-AC3,RF11,2022-03-30T09:33:58.000000,1,487,396,suggested
HALO-AC3_RF11_093358,HALO-AC3,RF11,2022-03-30T09:33:58.000000,1,499,407,suggested
HALO-AC3_RF11_093358,HALO-AC3,RF11,2022-03-30T09:33:58.000000,1,513,413,suggested
HALO-AC3_RF11_093358,HALO-AC3,RF11,2022-03-30T09:33:58.000000,1,524,418,suggested
HALO-AC3_RF11_093358,HALO-AC3,RF11,2022-03-30T09:33:58.000000,1,533,420,suggested
HALO-AC3_RF11_093358,HALO-AC3,RF11,2022-03-30T09:33:58.000000,1,539,421,suggested
HALO-AC3_RF11_093358,HALO-AC3,RF11,2022-03-30T09:33:58.000000,1,548,431,suggested
HALO-AC3_RF11_093358,HALO-AC3,RF11,2022-03-30T09:33:58.000000,1,559,436,suggested
HALO-AC3_RF11_093358,HALO-AC3,RF11,2022-03-30T09:33:58.000000,1,566,443,suggested
HALO-AC3_RF11_093358,HALO-AC3,RF11,2022-03-30T09:33:58.000000,1,582,454,suggested
HALO-AC3_RF11_093718,HALO-AC3,RF11,2022-03-30T09:37:18.000000,1,166,423,suggested
HALO-AC3_RF11_093718,HALO-AC3,RF11,2022-03-30T09:37:18.000000,1,156,432,suggested
HALO-AC3_RF11_093718,HALO-AC3,RF11,2022-03-30T09:37:18.000000,1,145,433,suggested
HALO-AC3_RF11_093718,HALO-AC3,RF11,2022-03-30T09:37:18.000000,1,137,431,suggested
HALO-AC3_RF11_093718,HALO-AC3,RF11,2022-03-30T09:37:18.000000,1,126,431,suggested
HALO-AC3_RF11_093718,HALO-AC3,RF11,2022-03-30T09:37:18.000000,1,119,433,suggested
HALO-AC3_RF11_093718,HALO-AC3,RF11,2022-03-30T09:37:18.000000,1,164,370,suggested
HALO-AC3_RF11_093718,HALO-AC3,RF11,2022-03-30T09:37:18.000000,1,167,377,suggested
HALO-AC3_RF11_093718,HALO-AC3,RF11,2022-03-30T09:37:18.000000,1,169,386,suggested
HALO-AC3_RF11_093718,HALO-AC3,RF11,2022-03-30T09:37:18.000000,1,173,396,suggested
HALO-AC3_RF11_093718,HALO-AC3,RF11,2022-03-30T09:37:18.000000,1,173,412,suggested
HALO-AC3_RF11_093718,HALO-AC3,RF11,2022-03-30T09:37:18.000000,1,166,424,suggested
HALO-AC3_RF11_093718,HALO-AC3,RF11,2022-03-30T09:37:18.000000,1,586,362,suggested
HALO-AC3_RF11_093718,HALO-AC3,RF11,2022-03-30T09:37:18.000000,1,575,357,suggested
HALO-AC3_RF11_093718,HALO-AC3,RF11,2022-03-30T09:37:18.000000,1,564,353,suggested
HALO-AC3_RF11_093718,HALO-AC3,RF11,2022-03-30T09:37:18.000000,1,552,350,suggested
HALO-AC3_RF11_093718,HALO-AC3,RF11,2022-03-30T09:37:18.000000,1,542,346,suggested
HALO-AC3_RF11_093718,HALO-AC3,RF11,2022-03-30T09:37:18.000000,1,532,339,suggested
HALO-AC3_RF11_093718,HALO-AC3,RF11,2022-03-30T09:37:18.000000,1,521,333,suggested
HALO-AC3_RF11_093718,HALO-AC3,RF11,2022-03-30T09:37:18.000000,1,511,326,suggested
HALO-AC3_RF11_093718,HALO-AC3,RF11,2022-03-30T09:37:18.000000,1,498,324,suggested
HALO-AC3_RF11_093718,HALO-AC3,RF11,2022-03-30T09:37:18.000000,1,485,322,suggested
HALO-AC3_RF11_093718,HALO-AC3,RF11,2022-03-30T09:37:18.000000,1,472,323,suggested
HALO-AC3_RF11_093718,HALO-AC3,RF11,2022-03-30T09:37:18.000000,1,460,324,suggested
HALO-AC3_RF11_093718,HALO-AC3,RF11,2022-03-30T09:37:18.000000,1,447,321,suggested
HALO-AC3_RF11_093718,HALO-AC3,RF11,2022-03-30T09:37:18.000000,1,446,318,suggested
HALO-AC3_RF11_093718,HALO-AC3,RF11,2022-03-30T09:37:18.000000,1,447,305,suggested
HALO-AC3_RF11_093718,HALO-AC3,RF11,2022-03-30T09:37:18.000000,1,446,290,suggested
HALO-AC3_RF11_093718,HALO-AC3,RF11,2022-03-30T09:37:18.000000,1,434,279,suggested
HALO-AC3_RF11_093718,HALO-AC3,RF11,2022-03-30T09:37:18.000000,1,420,273,suggested
HALO-AC3_RF11_093718,HALO-AC3,RF11,2022-03-30T09:37:18.000000,1,412,271,suggested
HALO-AC3_RF11_093718,HALO-AC3,RF11,2022-03-30T09:37:18.000000,1,399,267,suggested
HALO-AC3_RF11_093718,HALO-AC3,RF11,2022-03-30T09:37:18.000000,1,392,262,suggested
HALO-AC3_RF11_093718,HALO-AC3,RF11,2022-03-30T09:37:18.000000,1,391,252,suggested
HALO-AC3_RF11_093718,HALO-AC3,RF11,2022-03-30T09:37:18.000000,1,393,235,suggested
HALO-AC3_RF11_093718,HALO-AC3,RF11,2022-03-30T09:37:18.000000,1,379,226,suggested
HALO-AC3_RF11_093718,HALO-AC3,RF11,2022-03-30T09:37:18.000000,1,368,218,suggested
HALO-AC3_RF11_093718,HALO-AC3,RF11,2022-03-30T09:37:18.000000,1,356,213,suggested
HALO-AC3_RF11_093718,HALO-AC3,RF11,2022-03-30T09:37:18.000000,1,353,207,suggested
HALO-AC3_RF11_093718,HALO-AC3,RF11,2022-03-30T09:37:18.000000,1,350,192,suggested
HALO-AC3_RF11_093718,HALO-AC3,RF11,2022-03-30T09:37:18.000000,1,338,184,suggested
HALO-AC3_RF11_093718,HALO-AC3,RF11,2022-03-30T09:37:18.000000,1,325,179,suggested
HALO-AC3_RF11_093718,HALO-AC3,RF11,2022-03-30T09:37:18.000000,1,313,175,suggested
HALO-AC3_RF11_093718,HALO-AC3,RF11,2022-03-30T09:37:18.000000,1,303,169,suggested
HALO-AC3_RF11_093718,HALO-AC3,RF11,2022-03-30T09:37:18.000000,1,294,162,suggested
HALO-AC3_RF11_093718,HALO-AC3,RF11,2022-03-30T09:37:18.000000,1,282,154,suggested
HALO-AC3_RF11_093718,HALO-AC3,RF11,2022-03-30T09:37:18.000000,1,271,148,suggested
HALO-AC3_RF11_093718,HALO-AC3,RF11,2022-03-30T09:37:18.000000,1,267,145,suggested
HALO-AC3_RF11_093718,HALO-AC3,RF11,2022-03-30T09:37:18.000000,1,270,132,suggested
HALO-AC3_RF11_093718,HALO-AC3,RF11,2022-03-30T09:37:18.000000,1,272,119,suggested
HALO-AC3_RF11_093718,HALO-AC3,RF11,2022-03-30T09:37:18.000000,1,274,104,suggested
HALO-AC3_RF11_093718,HALO-AC3,RF11,2022-03-30T09:37:18.000000,1,265,90,suggested
HALO-AC3_RF11_093718,HALO-AC3,RF11,2022-03-30T09:37:18.000000,1,253,88,suggested
HALO-AC3_RF11_093718,HALO-AC3,RF11,2022-03-30T09:37:18.000000,1,240,84,suggested
HALO-AC3_RF11_093718,HALO-AC3,RF11,2022-03-30T09:37:18.000000,1,230,79,suggested
HALO-AC3_RF11_093718,HALO-AC3,RF11,2022-03-30T09:37:18.000000,1,221,71,suggested
HALO-AC3_RF11_093718,HALO-AC3,RF11,2022-03-30T09:37:18.000000,1,219,63,suggested
HALO-AC3_RF11_093718,HALO-AC3,RF11,2022-03-30T09:37:18.000000,1,220,53,suggested
HALO-AC3_RF11_093718,HALO-AC3,RF11,2022-03-30T09:37:18.000000,1,223,41,suggested
HALO-AC3_RF11_093718,HALO-AC3,RF11,2022-03-30T09:37:18.000000,1,217,19,manual
HALO-AC3_RF11_093743,HALO-AC3,RF11,2022-03-30T09:37:43.000000,1,114,303,suggested
HALO-AC3_RF11_093743,HALO-AC3,RF11,2022-03-30T09:37:43.000000,1,125,296,suggested
HALO-AC3_RF11_093743,HALO-AC3,RF11,2022-03-30T09:37:43.000000,1,133,287,suggested
HALO-AC3_RF11_093743,HALO-AC3,RF11,2022-03-30T09:37:43.000000,1,155,277,suggested
HALO-AC3_RF11_093743,HALO-AC3,RF11,2022-03-30T09:37:43.000000,1,142,283,suggested
HALO-AC3_RF11_093743,HALO-AC3,RF11,2022-03-30T09:37:43.000000,1,156,266,suggested
HALO-AC3_RF11_093743,HALO-AC3,RF11,2022-03-30T09:37:43.000000,1,166,272,suggested
HALO-AC3_RF11_093743,HALO-AC3,RF11,2022-03-30T09:37:43.000000,1,180,266,suggested
HALO-AC3_RF11_093743,HALO-AC3,RF11,2022-03-30T09:37:43.000000,1,190,257,suggested
HALO-AC3_RF11_093743,HALO-AC3,RF11,2022-03-30T09:37:43.000000,1,195,257,suggested
HALO-AC3_RF11_093743,HALO-AC3,RF11,2022-03-30T09:37:43.000000,1,200,260,suggested
HALO-AC3_RF11_093743,HALO-AC3,RF11,2022-03-30T09:37:43.000000,1,218,258,suggested
HALO-AC3_RF11_093743,HALO-AC3,RF11,2022-03-30T09:37:43.000000,1,229,251,suggested
HALO-AC3_RF11_093743,HALO-AC3,RF11,2022-03-30T09:37:43.000000,1,234,253,suggested
HALO-AC3_RF11_093743,HALO-AC3,RF11,2022-03-30T09:37:43.000000,1,249,251,suggested
HALO-AC3_RF11_093743,HALO-AC3,RF11,2022-03-30T09:37:43.000000,1,258,247,suggested
HALO-AC3_RF11_093743,HALO-AC3,RF11,2022-03-30T09:37:43.000000,1,269,241,suggested
HALO-AC3_RF11_093743,HALO-AC3,RF11,2022-03-30T09:37:43.000000,1,284,247,suggested
HALO-AC3_RF11_093743,HALO-AC3,RF11,2022-03-30T09:37:43.000000,1,275,241,suggested
HALO-AC3_RF11_093743,HALO-AC3,RF11,2022-03-30T09:37:43.000000,1,302,243,suggested
HALO-AC3_RF11_093743,HALO-AC3,RF11,2022-03-30T09:37:43.000000,1,304,244,suggested
HALO-AC3_RF11_093743,HALO-AC3,RF11,2022-03-30T09:37:43.000000,1,310,245,suggested
HALO-AC3_RF11_093743,HALO-AC3,RF11,2022-03-30T09:37:43.000000,1,303,249,suggested
HALO-AC3_RF11_093743,HALO-AC3,RF11,2022-03-30T09:37:43.000000,1,297,265,suggested
HALO-AC3_RF11_093743,HALO-AC3,RF11,2022-03-30T09:37:43.000000,1,302,280,suggested
HALO-AC3_RF11_093743,HALO-AC3,RF11,2022-03-30T09:37:43.000000,1,325,267,suggested
HALO-AC3_RF11_093743,HALO-AC3,RF11,2022-03-30T09:37:43.000000,1,330,268,suggested
HALO-AC3_RF11_093743,HALO-AC3,RF11,2022-03-30T09:37:43.000000,1,337,276,suggested
HALO-AC3_RF11_093743,HALO-AC3,RF11,2022-03-30T09:37:43.000000,1,350,286,suggested
HALO-AC3_RF11_093743,HALO-AC3,RF11,2022-03-30T09:37:43.000000,1,353,289,suggested
HALO-AC3_RF11_093743,HALO-AC3,RF11,2022-03-30T09:37:43.000000,1,361,296,suggested
HALO-AC3_RF11_093743,HALO-AC3,RF11,2022-03-30T09:37:43.000000,1,364,302,suggested
HALO-AC3_RF11_093743,HALO-AC3,RF11,2022-03-30T09:37:43.000000,1,364,314,suggested
HALO-AC3_RF11_093743,HALO-AC3,RF11,2022-03-30T09:37:43.000000,1,363,322,suggested
HALO-AC3_RF11_093743,HALO-AC3,RF11,2022-03-30T09:37:43.000000,1,368,340,suggested
HALO-AC3_RF11_093743,HALO-AC3,RF11,2022-03-30T09:37:43.000000,1,367,349,suggested
HALO-AC3_RF11_093743,HALO-AC3,RF11,2022-03-30T09:37:43.000000,1,369,361,suggested
HALO-AC3_RF11_093743,HALO-AC3,RF11,2022-03-30T09:37:43.000000,1,366,381,suggested
HALO-AC3_RF11_093743,HALO-AC3,RF11,2022-03-30T09:37:43.000000,1,367,388,suggested
HALO-AC3_RF11_093743,HALO-AC3,RF11,2022-03-30T09:37:43.000000,1,378,405,suggested
HALO-AC3_RF11_093743,HALO-AC3,RF11,2022-03-30T09:37:43.000000,1,380,406,suggested
HALO-AC3_RF11_093743,HALO-AC3,RF11,2022-03-30T09:37:43.000000,1,380,411,suggested
HALO-AC3_RF11_093743,HALO-AC3,RF11,2022-03-30T09:37:43.000000,1,380,412,suggested
HALO-AC3_RF11_093743,HALO-AC3,RF11,2022-03-30T09:37:43.000000,1,378,440,suggested
HALO-AC3_RF11_093743,HALO-AC3,RF11,2022-03-30T09:37:43.000000,1,386,448,suggested
HALO-AC3_RF11_093743,HALO-AC3,RF11,2022-03-30T09:37:43.000000,1,386,456,suggested
HALO-AC3_RF11_093743,HALO-AC3,RF11,2022-03-30T09:37:43.000000,1,41,309,suggested
HALO-AC3_RF11_093743,HALO-AC3,RF11,2022-03-30T09:37:43.000000,1,48,315,suggested
HALO-AC3_RF11_093743,HALO-AC3,RF11,2022-03-30T09:37:43.000000,1,61,316,suggested
HALO-AC3_RF11_093743,HALO-AC3,RF11,2022-03-30T09:37:43.000000,1,74,316,suggested
HALO-AC3_RF11_093743,HALO-AC3,RF11,2022-03-30T09:37:43.000000,1,87,313,suggested
HALO-AC3_RF11_093743,HALO-AC3,RF11,2022-03-30T09:37:43.000000,1,99,309,suggested
HALO-AC3_RF11_093950,HALO-AC3,RF11,2022-03-30T09:39:50.000000,1,583,118,suggested
HALO-AC3_RF11_093950,HALO-AC3,RF11,2022-03-30T09:39:50.000000,1,568,116,suggested
HALO-AC3_RF11_093950,HALO-AC3,RF11,2022-03-30T09:39:50.000000,1,555,113,suggested
HALO-AC3_RF11_093950,HALO-AC3,RF11,2022-03-30T09:39:50.000000,1,543,107,suggested
HALO-AC3_RF11_093950,HALO-AC3,RF11,2022-03-30T09:39:50.000000,1,525,109,suggested
HALO-AC3_RF11_093950,HALO-AC3,RF11,2022-03-30T09:39:50.000000,1,530,103,suggested
HALO-AC3_RF11_093950,HALO-AC3,RF11,2022-03-30T09:39:50.000000,1,512,110,suggested
HALO-AC3_RF11_093950,HALO-AC3,RF11,2022-03-30T09:39:50.000000,1,497,107,suggested
HALO-AC3_RF11_093950,HALO-AC3,RF11,2022-03-30T09:39:50.000000,1,485,106,suggested
HALO-AC3_RF11_093950,HALO-AC3,RF11,2022-03-30T09:39:50.000000,1,471,103,suggested
HALO-AC3_RF11_093950,HALO-AC3,RF11,2022-03-30T09:39:50.000000,1,461,103,suggested
HALO-AC3_RF11_093950,HALO-AC3,RF11,2022-03-30T09:39:50.000000,1,450,100,suggested
HALO-AC3_RF11_093950,HALO-AC3,RF11,2022-03-30T09:39:50.000000,1,435,100,suggested
HALO-AC3_RF11_093950,HALO-AC3,RF11,2022-03-30T09:39:50.000000,1,423,102,suggested
HALO-AC3_RF11_093950,HALO-AC3,RF11,2022-03-30T09:39:50.000000,1,401,106,suggested
HALO-AC3_RF11_093950,HALO-AC3,RF11,2022-03-30T09:39:50.000000,1,387,106,suggested
HALO-AC3_RF11_093950,HALO-AC3,RF11,2022-03-30T09:39:50.000000,1,373,109,suggested
HALO-AC3_RF11_093950,HALO-AC3,RF11,2022-03-30T09:39:50.000000,1,361,112,suggested
HALO-AC3_RF11_093950,HALO-AC3,RF11,2022-03-30T09:39:50.000000,1,351,115,suggested
HALO-AC3_RF11_093950,HALO-AC3,RF11,2022-03-30T09:39:50.000000,1,338,121,suggested
HALO-AC3_RF11_093950,HALO-AC3,RF11,2022-03-30T09:39:50.000000,1,327,125,suggested
HALO-AC3_RF11_093950,HALO-AC3,RF11,2022-03-30T09:39:50.000000,1,313,127,suggested
HALO-AC3_RF11_093950,HALO-AC3,RF11,2022-03-30T09:39:50.000000,1,306,133,suggested
HALO-AC3_RF11_093950,HALO-AC3,RF11,2022-03-30T09:39:50.000000,1,291,145,suggested
HALO-AC3_RF11_093950,HALO-AC3,RF11,2022-03-30T09:39:50.000000,1,278,150,suggested
HALO-AC3_RF11_093950,HALO-AC3,RF11,2022-03-30T09:39:50.000000,1,266,155,suggested
HALO-AC3_RF11_093950,HALO-AC3,RF11,2022-03-30T09:39:50.000000,1,258,161,suggested
HALO-AC3_RF11_093950,HALO-AC3,RF11,2022-03-30T09:39:50.000000,1,241,168,suggested
HALO-AC3_RF11_093950,HALO-AC3,RF11,2022-03-30T09:39:50.000000,1,235,174,suggested
HALO-AC3_RF11_093950,HALO-AC3,RF11,2022-03-30T09:39:50.000000,1,226,182,suggested
HALO-AC3_RF11_093950,HALO-AC3,RF11,2022-03-30T09:39:50.000000,1,217,192,suggested
HALO-AC3_RF11_093950,HALO-AC3,RF11,2022-03-30T09:39:50.000000,1,207,202,suggested
HALO-AC3_RF11_093950,HALO-AC3,RF11,2022-03-30T09:39:50.000000,1,198,213,suggested
HALO-AC3_RF11_093950,HALO-AC3,RF11,2022-03-30T09:39:50.000000,1,193,223,suggested
HALO-AC3_RF11_093950,HALO-AC3,RF11,2022-03-30T09:39:50.000000,1,189,233,suggested
HALO-AC3_RF11_093950,HALO-AC3,RF11,2022-03-30T09:39:50.000000,1,182,250,suggested
HALO-AC3_RF11_093950,HALO-AC3,RF11,2022-03-30T09:39:50.000000,1,179,261,suggested
HALO-AC3_RF11_093950,HALO-AC3,RF11,2022-03-30T09:39:50.000000,1,179,260,suggested
HALO-AC3_RF11_093950,HALO-AC3,RF11,2022-03-30T09:39:50.000000,1,186,271,suggested
HALO-AC3_RF11_093950,HALO-AC3,RF11,2022-03-30T09:39:50.000000,1,194,278,suggested
HALO-AC3_RF11_093950,HALO-AC3,RF11,2022-03-30T09:39:50.000000,1,200,292,suggested
HALO-AC3_RF11_093950,HALO-AC3,RF11,2022-03-30T09:39:50.000000,1,210,307,suggested
HALO-AC3_RF11_093950,HALO-AC3,RF11,2022-03-30T09:39:50.000000,1,210,309,suggested
HALO-AC3_RF11_093950,HALO-AC3,RF11,2022-03-30T09:39:50.000000,1,209,317,suggested
HALO-AC3_RF11_093950,HALO-AC3,RF11,2022-03-30T09:39:50.000000,1,217,332,suggested
HALO-AC3_RF11_093950,HALO-AC3,RF11,2022-03-30T09:39:50.000000,1,239,335,suggested
HALO-AC3_RF11_093950,HALO-AC3,RF11,2022-03-30T09:39:50.000000,1,250,327,suggested
HALO-AC3_RF11_093950,HALO-AC3,RF11,2022-03-30T09:39:50.000000,1,257,310,suggested
HALO-AC3_RF11_093950,HALO-AC3,RF11,2022-03-30T09:39:50.000000,1,262,297,suggested
HALO-AC3_RF11_093950,HALO-AC3,RF11,2022-03-30T09:39:50.000000,1,267,284,suggested
HALO-AC3_RF11_093950,HALO-AC3,RF11,2022-03-30T09:39:50.000000,1,271,282,suggested
HALO-AC3_RF11_093950,HALO-AC3,RF11,2022-03-30T09:39:50.000000,1,284,276,suggested
HALO-AC3_RF11_093950,HALO-AC3,RF11,2022-03-30T09:39:50.000000,1,299,266,suggested
HALO-AC3_RF11_093950,HALO-AC3,RF11,2022-03-30T09:39:50.000000,1,307,257,suggested
HALO-AC3_RF11_093950,HALO-AC3,RF11,2022-03-30T09:39:50.000000,1,309,256,suggested
HALO-AC3_RF11_093950,HALO-AC3,RF11,2022-03-30T09:39:50.000000,1,328,261,suggested
HALO-AC3_RF11_093950,HALO-AC3,RF11,2022-03-30T09:39:50.000000,1,343,257,suggested
HALO-AC3_RF11_093950,HALO-AC3,RF11,2022-03-30T09:39:50.000000,1,355,250,suggested
HALO-AC3_RF11_093950,HALO-AC3,RF11,2022-03-30T09:39:50.000000,1,367,245,suggested
HALO-AC3_RF11_093950,HALO-AC3,RF11,2022-03-30T09:39:50.000000,1,379,240,suggested
HALO-AC3_RF11_093950,HALO-AC3,RF11,2022-03-30T09:39:50.000000,1,392,237,suggested
HALO-AC3_RF11_093950,HALO-AC3,RF11,2022-03-30T09:39:50.000000,1,406,235,suggested
HALO-AC3_RF11_093950,HALO-AC3,RF11,2022-03-30T09:39:50.000000,1,447,227,suggested
HALO-AC3_RF11_093950,HALO-AC3,RF11,2022-03-30T09:39:50.000000,1,457,228,suggested
HALO-AC3_RF11_093950,HALO-AC3,RF11,2022-03-30T09:39:50.000000,1,470,229,suggested
HALO-AC3_RF11_093950,HALO-AC3,RF11,2022-03-30T09:39:50.000000,1,484,231,suggested
HALO-AC3_RF11_093950,HALO-AC3,RF11,2022-03-30T09:39:50.000000,1,496,233,suggested
HALO-AC3_RF11_093950,HALO-AC3,RF11,2022-03-30T09:39:50.000000,1,509,235,suggested
HALO-AC3_RF11_093950,HALO-AC3,RF11,2022-03-30T09:39:50.000000,1,520,238,suggested
HALO-AC3_RF11_093950,HALO-AC3,RF11,2022-03-30T09:39:50.000000,1,533,246,suggested
HALO-AC3_RF11_093950,HALO-AC3,RF11,2022-03-30T09:39:50.000000,1,548,235,suggested
HALO-AC3_RF11_093950,HALO-AC3,RF11,2022-03-30T09:39:50.000000,1,561,245,suggested
HALO-AC3_RF11_093950,HALO-AC3,RF11,2022-03-30T09:39:50.000000,1,569,256,suggested
HALO-AC3_RF11_093950,HALO-AC3,RF11,2022-03-30T09:39:50.000000,1,580,263,suggested
HALO-AC3_RF11_094023,HALO-AC3,RF11,2022-03-30T09:40:23.000000,1,591,136,suggested
HALO-AC3_RF11_094023,HALO-AC3,RF11,2022-03-30T09:40:23.000000,1,583,141,suggested
HALO-AC3_RF11_094023,HALO-AC3,RF11,2022-03-30T09:40:23.000000,1,574,148,suggested
HALO-AC3_RF11_094023,HALO-AC3,RF11,2022-03-30T09:40:23.000000,1,563,159,suggested
HALO-AC3_RF11_094023,HALO-AC3,RF11,2022-03-30T09:40:23.000000,1,557,172,suggested
HALO-AC3_RF11_094023,HALO-AC3,RF11,2022-03-30T09:40:23.000000,1,557,186,suggested
HALO-AC3_RF11_094023,HALO-AC3,RF11,2022-03-30T09:40:23.000000,1,546,206,suggested
HALO-AC3_RF11_094023,HALO-AC3,RF11,2022-03-30T09:40:23.000000,1,537,205,suggested
HALO-AC3_RF11_094023,HALO-AC3,RF11,2022-03-30T09:40:23.000000,1,518,210,suggested
HALO-AC3_RF11_094023,HALO-AC3,RF11,2022-03-30T09:40:23.000000,1,495,205,suggested
HALO-AC3_RF11_094023,HALO-AC3,RF11,2022-03-30T09:40:23.000000,1,489,228,suggested
HALO-AC3_RF11_094023,HALO-AC3,RF11,2022-03-30T09:40:23.000000,1,491,231,suggested
HALO-AC3_RF11_094023,HALO-AC3,RF11,2022-03-30T09:40:23.000000,1,489,245,suggested
HALO-AC3_RF11_094023,HALO-AC3,RF11,2022-03-30T09:40:23.000000,1,500,255,suggested
HALO-AC3_RF11_094023,HALO-AC3,RF11,2022-03-30T09:40:23.000000,1,501,257,suggested
HALO-AC3_RF11_094023,HALO-AC3,RF11,2022-03-30T09:40:23.000000,1,520,257,suggested
HALO-AC3_RF11_094023,HALO-AC3,RF11,2022-03-30T09:40:23.000000,1,529,263,suggested
HALO-AC3_RF11_094023,HALO-AC3,RF11,2022-03-30T09:40:23.000000,1,545,275,suggested
HALO-AC3_RF11_094023,HALO-AC3,RF11,2022-03-30T09:40:23.000000,1,558,273,suggested
HALO-AC3_RF11_094023,HALO-AC3,RF11,2022-03-30T09:40:23.000000,1,575,269,suggested
HALO-AC3_RF11_094023,HALO-AC3,RF11,2022-03-30T09:40:23.000000,1,587,262,suggested
HALO-AC3_RF11_094023,HALO-AC3,RF11,2022-03-30T09:40:23.000000,1,538,205,suggested
HALO-AC3_RF11_094023,HALO-AC3,RF11,2022-03-30T09:40:23.000000,1,542,206,suggested
HALO-AC3_RF11_094335,HALO-AC3,RF11,2022-03-30T09:43:35.000000,1,131,413,suggested
HALO-AC3_RF11_094335,HALO-AC3,RF11,2022-03-30T09:43:35.000000,1,81,377,suggested
HALO-AC3_RF11_094335,HALO-AC3,RF11,2022-03-30T09:43:35.000000,1,78,380,suggested
HALO-AC3_RF11_094335,HALO-AC3,RF11,2022-03-30T09:43:35.000000,1,345,159,suggested
HALO-AC3_RF11_094335,HALO-AC3,RF11,2022-03-30T09:43:35.000000,1,308,149,suggested
HALO-AC3_RF11_094335,HALO-AC3,RF11,2022-03-30T09:43:35.000000,1,290,157,suggested
HALO-AC3_RF11_094335,HALO-AC3,RF11,2022-03-30T09:43:35.000000,1,265,147,suggested
HALO-AC3_RF11_094335,HALO-AC3,RF11,2022-03-30T09:43:35.000000,1,265,127,suggested
HALO-AC3_RF11_094335,HALO-AC3,RF11,2022-03-30T09:43:35.000000,1,338,43,suggested
HALO-AC3_RF11_094509,HALO-AC3,RF11,2022-03-30T09:45:09.000000,1,562,107,suggested
HALO-AC3_RF11_094509,HALO-AC3,RF11,2022-03-30T09:45:09.000000,1,547,109,suggested
HALO-AC3_RF11_094509,HALO-AC3,RF11,2022-03-30T09:45:09.000000,1,531,112,suggested
HALO-AC3_RF11_094509,HALO-AC3,RF11,2022-03-30T09:45:09.000000,1,515,116,suggested
HALO-AC3_RF11_094509,HALO-AC3,RF11,2022-03-30T09:45:09.000000,1,500,121,suggested
HALO-AC3_RF11_094509,HALO-AC3,RF11,2022-03-30T09:45:09.000000,1,485,126,suggested
HALO-AC3_RF11_094509,HALO-AC3,RF11,2022-03-30T09:45:09.000000,1,470,132,suggested
HALO-AC3_RF11_094509,HALO-AC3,RF11,2022-03-30T09:45:09.000000,1,455,139,suggested
HALO-AC3_RF11_094509,HALO-AC3,RF11,2022-03-30T09:45:09.000000,1,426,153,suggested
HALO-AC3_RF11_094509,HALO-AC3,RF11,2022-03-30T09:45:09.000000,1,412,161,suggested
HALO-AC3_RF11_094509,HALO-AC3,RF11,2022-03-30T09:45:09.000000,1,398,170,suggested
HALO-AC3_RF11_094509,HALO-AC3,RF11,2022-03-30T09:45:09.000000,1,384,180,suggested
HALO-AC3_RF11_094509,HALO-AC3,RF11,2022-03-30T09:45:09.000000,1,371,189,suggested
HALO-AC3_RF11_094509,HALO-AC3,RF11,2022-03-30T09:45:09.000000,1,358,201,suggested
HALO-AC3_RF11_094509,HALO-AC3,RF11,2022-03-30T09:45:09.000000,1,331,259,suggested
HALO-AC3_RF11_094509,HALO-AC3,RF11,2022-03-30T09:45:09.000000,1,326,275,suggested
HALO-AC3_RF11_094509,HALO-AC3,RF11,2022-03-30T09:45:09.000000,1,321,292,suggested
HALO-AC3_RF11_094509,HALO-AC3,RF11,2022-03-30T09:45:09.000000,1,311,305,suggested
HALO-AC3_RF11_094509,HALO-AC3,RF11,2022-03-30T09:45:09.000000,1,303,320,suggested
HALO-AC3_RF11_094509,HALO-AC3,RF11,2022-03-30T09:45:09.000000,1,295,334,suggested
HALO-AC3_RF11_094509,HALO-AC3,RF11,2022-03-30T09:45:09.000000,1,287,349,suggested
HALO-AC3_RF11_094509,HALO-AC3,RF11,2022-03-30T09:45:09.000000,1,278,362,suggested
HALO-AC3_RF11_094509,HALO-AC3,RF11,2022-03-30T09:45:09.000000,1,271,377,suggested
HALO-AC3_RF11_094509,HALO-AC3,RF11,2022-03-30T09:45:09.000000,1,264,392,suggested
HALO-AC3_RF11_094509,HALO-AC3,RF11,2022-03-30T09:45:09.000000,1,257,407,suggested
HALO-AC3_RF11_094509,HALO-AC3,RF11,2022-03-30T09:45:09.000000,1,253,423,suggested
HALO-AC3_RF11_094509,HALO-AC3,RF11,2022-03-30T09:45:09.000000,1,245,437,suggested
HALO-AC3_RF11_094509,HALO-AC3,RF11,2022-03-30T09:45:09.000000,1,237,451,suggested
HALO-AC3_RF11_153741,HALO-AC3,RF11,2022-03-30T15:37:41.000000,1,562,346,manual
HALO-AC3_RF12_090657,HALO-AC3,RF12,2022-04-01T09:06:57.000000,1,130,454,suggested
HALO-AC3_RF12_090657,HALO-AC3,RF12,2022-04-01T09:06:57.000000,1,135,443,suggested
HALO-AC3_RF12_090657,HALO-AC3,RF12,2022-04-01T09:06:57.000000,1,137,430,suggested
HALO-AC3_RF12_090657,HALO-AC3,RF12,2022-04-01T09:06:57.000000,1,137,417,suggested
HALO-AC3_RF12_090657,HALO-AC3,RF12,2022-04-01T09:06:57.000000,1,136,404,suggested
HALO-AC3_RF12_090657,HALO-AC3,RF12,2022-04-01T09:06:57.000000,1,136,392,suggested
HALO-AC3_RF12_090657,HALO-AC3,RF12,2022-04-01T09:06:57.000000,1,133,377,suggested
HALO-AC3_RF12_090657,HALO-AC3,RF12,2022-04-01T09:06:57.000000,1,126,367,suggested
HALO-AC3_RF12_090657,HALO-AC3,RF12,2022-04-01T09:06:57.000000,1,125,354,suggested
HALO-AC3_RF12_090657,HALO-AC3,RF12,2022-04-01T09:06:57.000000,1,128,341,suggested
HALO-AC3_RF12_090657,HALO-AC3,RF12,2022-04-01T09:06:57.000000,1,128,328,suggested
HALO-AC3_RF12_090657,HALO-AC3,RF12,2022-04-01T09:06:57.000000,1,128,314,suggested
HALO-AC3_RF12_090657,HALO-AC3,RF12,2022-04-01T09:06:57.000000,1,124,302,suggested
HALO-AC3_RF12_090657,HALO-AC3,RF12,2022-04-01T09:06:57.000000,1,124,289,suggested
HALO-AC3_RF12_090657,HALO-AC3,RF12,2022-04-01T09:06:57.000000,1,125,358,suggested
HALO-AC3_RF12_090657,HALO-AC3,RF12,2022-04-01T09:06:57.000000,1,128,338,suggested
HALO-AC3_RF12_090657,HALO-AC3,RF12,2022-04-01T09:06:57.000000,1,128,323,suggested
HALO-AC3_RF12_090657,HALO-AC3,RF12,2022-04-01T09:06:57.000000,1,147,291,suggested
HALO-AC3_RF12_090657,HALO-AC3,RF12,2022-04-01T09:06:57.000000,1,157,292,suggested
HALO-AC3_RF12_090657,HALO-AC3,RF12,2022-04-01T09:06:57.000000,1,161,281,suggested
HALO-AC3_RF12_090657,HALO-AC3,RF12,2022-04-01T09:06:57.000000,1,160,269,suggested
HALO-AC3_RF12_090657,HALO-AC3,RF12,2022-04-01T09:06:57.000000,1,162,255,suggested
HALO-AC3_RF12_090657,HALO-AC3,RF12,2022-04-01T09:06:57.000000,1,158,243,suggested
HALO-AC3_RF12_090657,HALO-AC3,RF12,2022-04-01T09:06:57.000000,1,154,231,suggested
HALO-AC3_RF12_090657,HALO-AC3,RF12,2022-04-01T09:06:57.000000,1,150,217,suggested
HALO-AC3_RF12_090657,HALO-AC3,RF12,2022-04-01T09:06:57.000000,1,148,205,suggested
HALO-AC3_RF12_090657,HALO-AC3,RF12,2022-04-01T09:06:57.000000,1,145,193,suggested
HALO-AC3_RF12_090657,HALO-AC3,RF12,2022-04-01T09:06:57.000000,1,147,180,suggested
HALO-AC3_RF12_090657,HALO-AC3,RF12,2022-04-01T09:06:57.000000,1,147,166,suggested
HALO-AC3_RF12_090657,HALO-AC3,RF12,2022-04-01T09:06:57.000000,1,152,155,suggested
HALO-AC3_RF12_090657,HALO-AC3,RF12,2022-04-01T09:06:57.000000,1,155,142,suggested
HALO-AC3_RF12_090657,HALO-AC3,RF12,2022-04-01T09:06:57.000000,1,143,119,suggested
HALO-AC3_RF12_090657,HALO-AC3,RF12,2022-04-01T09:06:57.000000,1,149,82,suggested
HALO-AC3_RF12_090657,HALO-AC3,RF12,2022-04-01T09:06:57.000000,1,156,69,suggested
HALO-AC3_RF12_090657,HALO-AC3,RF12,2022-04-01T09:06:57.000000,1,160,85,suggested
HALO-AC3_RF12_090657,HALO-AC3,RF12,2022-04-01T09:06:57.000000,1,162,98,suggested
HALO-AC3_RF12_090657,HALO-AC3,RF12,2022-04-01T09:06:57.000000,1,161,109,suggested
HALO-AC3_RF12_090657,HALO-AC3,RF12,2022-04-01T09:06:57.000000,1,167,118,suggested
HALO-AC3_RF12_090657,HALO-AC3,RF12,2022-04-01T09:06:57.000000,1,172,119,suggested
HALO-AC3_RF12_090657,HALO-AC3,RF12,2022-04-01T09:06:57.000000,1,185,114,suggested
HALO-AC3_RF12_090657,HALO-AC3,RF12,2022-04-01T09:06:57.000000,1,192,120,suggested
HALO-AC3_RF12_090657,HALO-AC3,RF12,2022-04-01T09:06:57.000000,1,207,129,suggested
HALO-AC3_RF12_090657,HALO-AC3,RF12,2022-04-01T09:06:57.000000,1,206,130,suggested
HALO-AC3_RF12_090657,HALO-AC3,RF12,2022-04-01T09:06:57.000000,1,211,137,suggested
HALO-AC3_RF12_090657,HALO-AC3,RF12,2022-04-01T09:06:57.000000,1,223,143,suggested
HALO-AC3_RF12_090657,HALO-AC3,RF12,2022-04-01T09:06:57.000000,1,229,155,suggested
HALO-AC3_RF12_090657,HALO-AC3,RF12,2022-04-01T09:06:57.000000,1,233,157,suggested
HALO-AC3_RF12_090657,HALO-AC3,RF12,2022-04-01T09:06:57.000000,1,244,156,suggested
HALO-AC3_RF12_090657,HALO-AC3,RF12,2022-04-01T09:06:57.000000,1,266,161,suggested
HALO-AC3_RF12_090657,HALO-AC3,RF12,2022-04-01T09:06:57.000000,1,263,174,suggested
HALO-AC3_RF12_090657,HALO-AC3,RF12,2022-04-01T09:06:57.000000,1,258,187,suggested
HALO-AC3_RF12_090657,HALO-AC3,RF12,2022-04-01T09:06:57.000000,1,288,179,suggested
HALO-AC3_RF12_090657,HALO-AC3,RF12,2022-04-01T09:06:57.000000,1,291,192,suggested
HALO-AC3_RF12_090657,HALO-AC3,RF12,2022-04-01T09:06:57.000000,1,290,205,suggested
HALO-AC3_RF12_090657,HALO-AC3,RF12,2022-04-01T09:06:57.000000,1,294,216,suggested
HALO-AC3_RF12_090657,HALO-AC3,RF12,2022-04-01T09:06:57.000000,1,298,230,suggested
HALO-AC3_RF12_090657,HALO-AC3,RF12,2022-04-01T09:06:57.000000,1,299,234,suggested
HALO-AC3_RF12_090657,HALO-AC3,RF12,2022-04-01T09:06:57.000000,1,306,238,suggested
HALO-AC3_RF12_090657,HALO-AC3,RF12,2022-04-01T09:06:57.000000,1,313,248,suggested
HALO-AC3_RF12_090657,HALO-AC3,RF12,2022-04-01T09:06:57.000000,1,349,267,suggested
HALO-AC3_RF12_090657,HALO-AC3,RF12,2022-04-01T09:06:57.000000,1,329,256,suggested
HALO-AC3_RF12_090657,HALO-AC3,RF12,2022-04-01T09:06:57.000000,1,349,271,suggested
HALO-AC3_RF12_090657,HALO-AC3,RF12,2022-04-01T09:06:57.000000,1,350,285,suggested
HALO-AC3_RF12_090657,HALO-AC3,RF12,2022-04-01T09:06:57.000000,1,363,276,suggested
HALO-AC3_RF12_090657,HALO-AC3,RF12,2022-04-01T09:06:57.000000,1,375,291,suggested
HALO-AC3_RF12_090657,HALO-AC3,RF12,2022-04-01T09:06:57.000000,1,376,304,suggested
HALO-AC3_RF12_090657,HALO-AC3,RF12,2022-04-01T09:06:57.000000,1,380,319,suggested
HALO-AC3_RF12_090657,HALO-AC3,RF12,2022-04-01T09:06:57.000000,1,385,319,suggested
HALO-AC3_RF12_090657,HALO-AC3,RF12,2022-04-01T09:06:57.000000,1,396,325,suggested
HALO-AC3_RF12_090657,HALO-AC3,RF12,2022-04-01T09:06:57.000000,1,399,335,suggested
HALO-AC3_RF12_090657,HALO-AC3,RF12,2022-04-01T09:06:57.000000,1,406,340,suggested
HALO-AC3_RF12_090657,HALO-AC3,RF12,2022-04-01T09:06:57.000000,1,418,348,suggested
HALO-AC3_RF12_090657,HALO-AC3,RF12,2022-04-01T09:06:57.000000,1,420,360,suggested
HALO-AC3_RF12_090657,HALO-AC3,RF12,2022-04-01T09:06:57.000000,1,431,349,suggested
HALO-AC3_RF12_090657,HALO-AC3,RF12,2022-04-01T09:06:57.000000,1,448,315,suggested
HALO-AC3_RF12_090657,HALO-AC3,RF12,2022-04-01T09:06:57.000000,1,463,336,suggested
HALO-AC3_RF12_090657,HALO-AC3,RF12,2022-04-01T09:06:57.000000,1,463,338,suggested
HALO-AC3_RF12_090657,HALO-AC3,RF12,2022-04-01T09:06:57.000000,1,473,383,suggested
HALO-AC3_RF12_090657,HALO-AC3,RF12,2022-04-01T09:06:57.000000,1,472,379,suggested
HALO-AC3_RF12_090657,HALO-AC3,RF12,2022-04-01T09:06:57.000000,1,473,394,suggested
HALO-AC3_RF12_090657,HALO-AC3,RF12,2022-04-01T09:06:57.000000,1,506,380,suggested
HALO-AC3_RF12_090657,HALO-AC3,RF12,2022-04-01T09:06:57.000000,1,514,375,suggested
HALO-AC3_RF12_090657,HALO-AC3,RF12,2022-04-01T09:06:57.000000,1,515,358,suggested
HALO-AC3_RF12_090657,HALO-AC3,RF12,2022-04-01T09:06:57.000000,1,539,362,suggested
HALO-AC3_RF12_090657,HALO-AC3,RF12,2022-04-01T09:06:57.000000,1,539,366,suggested
HALO-AC3_RF12_090657,HALO-AC3,RF12,2022-04-01T09:06:57.000000,1,543,365,suggested
HALO-AC3_RF12_090657,HALO-AC3,RF12,2022-04-01T09:06:57.000000,1,562,386,suggested
HALO-AC3_RF12_090657,HALO-AC3,RF12,2022-04-01T09:06:57.000000,1,554,389,suggested
HALO-AC3_RF12_090657,HALO-AC3,RF12,2022-04-01T09:06:57.000000,1,559,402,suggested
HALO-AC3_RF12_090657,HALO-AC3,RF12,2022-04-01T09:06:57.000000,1,562,410,suggested
HALO-AC3_RF12_090657,HALO-AC3,RF12,2022-04-01T09:06:57.000000,1,567,425,suggested
HALO-AC3_RF12_090657,HALO-AC3,RF12,2022-04-01T09:06:57.000000,1,570,429,suggested
HALO-AC3_RF12_090657,HALO-AC3,RF12,2022-04-01T09:06:57.000000,1,572,432,suggested
HALO-AC3_RF12_090657,HALO-AC3,RF12,2022-04-01T09:06:57.000000,1,589,441,suggested
HALO-AC3_RF12_090657,HALO-AC3,RF12,2022-04-01T09:06:57.000000,1,591,444,suggested
HALO-AC3_RF12_090657,HALO-AC3,RF12,2022-04-01T09:06:57.000000,1,600,445,suggested
HALO-AC3_RF12_090657,HALO-AC3,RF12,2022-04-01T09:06:57.000000,1,505,368,suggested
HALO-AC3_RF12_090657,HALO-AC3,RF12,2022-04-01T09:06:57.000000,1,485,351,suggested
HALO-AC3_RF12_090657,HALO-AC3,RF12,2022-04-01T09:06:57.000000,1,487,362,suggested
HALO-AC3_RF12_090657,HALO-AC3,RF12,2022-04-01T09:06:57.000000,1,483,376,suggested
HALO-AC3_RF12_090657,HALO-AC3,RF12,2022-04-01T09:06:57.000000,1,531,255,manual
HALO-AC3_RF12_090657,HALO-AC3,RF12,2022-04-01T09:06:57.000000,1,532,257,manual
HALO-AC3_RF12_090657,HALO-AC3,RF12,2022-04-01T09:06:57.000000,1,536,263,manual
HALO-AC3_RF12_090657,HALO-AC3,RF12,2022-04-01T09:06:57.000000,1,541,259,manual
HALO-AC3_RF12_090657,HALO-AC3,RF12,2022-04-01T09:06:57.000000,1,537,251,manual
HALO-AC3_RF12_090657,HALO-AC3,RF12,2022-04-01T09:06:57.000000,1,537,242,manual
HALO-AC3_RF12_090657,HALO-AC3,RF12,2022-04-01T09:06:57.000000,1,535,238,manual
HALO-AC3_RF12_090657,HALO-AC3,RF12,2022-04-01T09:06:57.000000,1,539,234,manual
HALO-AC3_RF12_090657,HALO-AC3,RF12,2022-04-01T09:06:57.000000,1,541,241,manual
HALO-AC3_RF12_090755,HALO-AC3,RF12,2022-04-01T09:07:55.000000,1,117,461,suggested
HALO-AC3_RF12_090755,HALO-AC3,RF12,2022-04-01T09:07:55.000000,1,122,450,suggested
HALO-AC3_RF12_090755,HALO-AC3,RF12,2022-04-01T09:07:55.000000,1,126,438,suggested
HALO-AC3_RF12_090755,HALO-AC3,RF12,2022-04-01T09:07:55.000000,1,123,422,suggested
HALO-AC3_RF12_090755,HALO-AC3,RF12,2022-04-01T09:07:55.000000,1,125,413,suggested
HALO-AC3_RF12_090755,HALO-AC3,RF12,2022-04-01T09:07:55.000000,1,126,401,suggested
HALO-AC3_RF12_090755,HALO-AC3,RF12,2022-04-01T09:07:55.000000,1,129,389,suggested
HALO-AC3_RF12_090755,HALO-AC3,RF12,2022-04-01T09:07:55.000000,1,133,376,suggested
HALO-AC3_RF12_090755,HALO-AC3,RF12,2022-04-01T09:07:55.000000,1,137,364,suggested
HALO-AC3_RF12_090755,HALO-AC3,RF12,2022-04-01T09:07:55.000000,1,139,351,suggested
HALO-AC3_RF12_090755,HALO-AC3,RF12,2022-04-01T09:07:55.000000,1,140,338,suggested
HALO-AC3_RF12_090755,HALO-AC3,RF12,2022-04-01T09:07:55.000000,1,141,324,suggested
HALO-AC3_RF12_090755,HALO-AC3,RF12,2022-04-01T09:07:55.000000,1,142,311,suggested
HALO-AC3_RF12_090755,HALO-AC3,RF12,2022-04-01T09:07:55.000000,1,140,284,suggested
HALO-AC3_RF12_090755,HALO-AC3,RF12,2022-04-01T09:07:55.000000,1,137,258,suggested
HALO-AC3_RF12_090755,HALO-AC3,RF12,2022-04-01T09:07:55.000000,1,138,245,suggested
HALO-AC3_RF12_090755,HALO-AC3,RF12,2022-04-01T09:07:55.000000,1,141,232,suggested
HALO-AC3_RF12_090755,HALO-AC3,RF12,2022-04-01T09:07:55.000000,1,143,219,suggested
HALO-AC3_RF12_090755,HALO-AC3,RF12,2022-04-01T09:07:55.000000,1,145,206,suggested
HALO-AC3_RF12_090755,HALO-AC3,RF12,2022-04-01T09:07:55.000000,1,148,192,suggested
HALO-AC3_RF12_090755,HALO-AC3,RF12,2022-04-01T09:07:55.000000,1,148,179,suggested
HALO-AC3_RF12_090755,HALO-AC3,RF12,2022-04-01T09:07:55.000000,1,145,166,suggested
HALO-AC3_RF12_090755,HALO-AC3,RF12,2022-04-01T09:07:55.000000,1,140,155,suggested
HALO-AC3_RF12_090755,HALO-AC3,RF12,2022-04-01T09:07:55.000000,1,130,145,suggested
HALO-AC3_RF12_090755,HALO-AC3,RF12,2022-04-01T09:07:55.000000,1,126,145,suggested
HALO-AC3_RF12_090755,HALO-AC3,RF12,2022-04-01T09:07:55.000000,1,113,134,suggested
HALO-AC3_RF12_090755,HALO-AC3,RF12,2022-04-01T09:07:55.000000,1,107,122,suggested
HALO-AC3_RF12_090755,HALO-AC3,RF12,2022-04-01T09:07:55.000000,1,107,109,suggested
HALO-AC3_RF12_090755,HALO-AC3,RF12,2022-04-01T09:07:55.000000,1,101,98,suggested
HALO-AC3_RF12_090755,HALO-AC3,RF12,2022-04-01T09:07:55.000000,1,88,69,suggested
HALO-AC3_RF12_090755,HALO-AC3,RF12,2022-04-01T09:07:55.000000,1,81,57,suggested
HALO-AC3_RF12_090755,HALO-AC3,RF12,2022-04-01T09:07:55.000000,1,83,45,suggested
HALO-AC3_RF12_090755,HALO-AC3,RF12,2022-04-01T09:07:55.000000,1,526,43,suggested
HALO-AC3_RF12_090755,HALO-AC3,RF12,2022-04-01T09:07:55.000000,1,527,56,suggested
HALO-AC3_RF12_090755,HALO-AC3,RF12,2022-04-01T09:07:55.000000,1,529,69,suggested
HALO-AC3_RF12_090755,HALO-AC3,RF12,2022-04-01T09:07:55.000000,1,531,81,suggested
HALO-AC3_RF12_090755,HALO-AC3,RF12,2022-04-01T09:07:55.000000,1,524,90,suggested
HALO-AC3_RF12_090755,HALO-AC3,RF12,2022-04-01T09:07:55.000000,1,525,103,suggested
HALO-AC3_RF12_090755,HALO-AC3,RF12,2022-04-01T09:07:55.000000,1,531,117,suggested
HALO-AC3_RF12_090755,HALO-AC3,RF12,2022-04-01T09:07:55.000000,1,537,128,suggested
HALO-AC3_RF12_090755,HALO-AC3,RF12,2022-04-01T09:07:55.000000,1,540,140,suggested
HALO-AC3_RF12_090755,HALO-AC3,RF12,2022-04-01T09:07:55.000000,1,544,152,suggested
HALO-AC3_RF12_090755,HALO-AC3,RF12,2022-04-01T09:07:55.000000,1,551,164,suggested
HALO-AC3_RF12_090755,HALO-AC3,RF12,2022-04-01T09:07:55.000000,1,556,176,suggested
HALO-AC3_RF12_090755,HALO-AC3,RF12,2022-04-01T09:07:55.000000,1,559,188,suggested
HALO-AC3_RF12_090755,HALO-AC3,RF12,2022-04-01T09:07:55.000000,1,561,201,suggested
HALO-AC3_RF12_090755,HALO-AC3,RF12,2022-04-01T09:07:55.000000,1,561,214,suggested
HALO-AC3_RF12_090755,HALO-AC3,RF12,2022-04-01T09:07:55.000000,1,564,227,suggested
HALO-AC3_RF12_090755,HALO-AC3,RF12,2022-04-01T09:07:55.000000,1,569,239,suggested
HALO-AC3_RF12_090755,HALO-AC3,RF12,2022-04-01T09:07:55.000000,1,575,251,suggested
HALO-AC3_RF12_090755,HALO-AC3,RF12,2022-04-01T09:07:55.000000,1,578,263,suggested
HALO-AC3_RF12_090755,HALO-AC3,RF12,2022-04-01T09:07:55.000000,1,580,276,suggested
HALO-AC3_RF12_090755,HALO-AC3,RF12,2022-04-01T09:07:55.000000,1,582,288,suggested
HALO-AC3_RF12_090755,HALO-AC3,RF12,2022-04-01T09:07:55.000000,1,586,301,suggested
HALO-AC3_RF12_090755,HALO-AC3,RF12,2022-04-01T09:07:55.000000,1,611,368,manual
HALO-AC3_RF12_090755,HALO-AC3,RF12,2022-04-01T09:07:55.000000,1,620,384,manual
HALO-AC3_RF12_090921,HALO-AC3,RF12,2022-04-01T09:09:21.000000,1,535,464,suggested
HALO-AC3_RF12_090921,HALO-AC3,RF12,2022-04-01T09:09:21.000000,1,537,438,suggested
HALO-AC3_RF12_090921,HALO-AC3,RF12,2022-04-01T09:09:21.000000,1,533,426,suggested
HALO-AC3_RF12_090921,HALO-AC3,RF12,2022-04-01T09:09:21.000000,1,530,414,suggested
HALO-AC3_RF12_090921,HALO-AC3,RF12,2022-04-01T09:09:21.000000,1,528,401,suggested
HALO-AC3_RF12_090921,HALO-AC3,RF12,2022-04-01T09:09:21.000000,1,523,389,suggested
HALO-AC3_RF12_090921,HALO-AC3,RF12,2022-04-01T09:09:21.000000,1,517,379,suggested
HALO-AC3_RF12_090921,HALO-AC3,RF12,2022-04-01T09:09:21.000000,1,452,93,manual
HALO-AC3_RF12_090921,HALO-AC3,RF12,2022-04-01T09:09:21.000000,1,489,198,manual
HALO-AC3_RF12_090921,HALO-AC3,RF12,2022-04-01T09:09:21.000000,1,493,239,manual
HALO-AC3_RF12_090921,HALO-AC3,RF12,2022-04-01T09:09:21.000000,1,498,301,manual
HALO-AC3_RF12_090921,HALO-AC3,RF12,2022-04-01T09:09:21.000000,1,507,331,manual
HALO-AC3_RF12_090921,HALO-AC3,RF12,2022-04-01T09:09:21.000000,1,404,4,manual
HALO-AC3_RF12_090921,HALO-AC3,RF12,2022-04-01T09:09:21.000000,1,405,45,manual
HALO-AC3_RF12_090921,HALO-AC3,RF12,2022-04-01T09:09:21.000000,1,426,64,manual
HALO-AC3_RF12_091152,HALO-AC3,RF12,2022-04-01T09:11:52.000000,1,589,459,suggested
HALO-AC3_RF12_091152,HALO-AC3,RF12,2022-04-01T09:11:52.000000,1,582,449,suggested
HALO-AC3_RF12_091152,HALO-AC3,RF12,2022-04-01T09:11:52.000000,1,574,440,suggested
HALO-AC3_RF12_091152,HALO-AC3,RF12,2022-04-01T09:11:52.000000,1,567,430,suggested
HALO-AC3_RF12_091152,HALO-AC3,RF12,2022-04-01T09:11:52.000000,1,559,421,suggested
HALO-AC3_RF12_091152,HALO-AC3,RF12,2022-04-01T09:11:52.000000,1,549,413,suggested
HALO-AC3_RF12_091152,HALO-AC3,RF12,2022-04-01T09:11:52.000000,1,541,404,suggested
HALO-AC3_RF12_091152,HALO-AC3,RF12,2022-04-01T09:11:52.000000,1,531,396,suggested
HALO-AC3_RF12_091152,HALO-AC3,RF12,2022-04-01T09:11:52.000000,1,523,387,suggested
HALO-AC3_RF12_091152,HALO-AC3,RF12,2022-04-01T09:11:52.000000,1,513,378,suggested
HALO-AC3_RF12_091152,HALO-AC3,RF12,2022-04-01T09:11:52.000000,1,504,370,suggested
HALO-AC3_RF12_091152,HALO-AC3,RF12,2022-04-01T09:11:52.000000,1,496,363,suggested
HALO-AC3_RF12_091152,HALO-AC3,RF12,2022-04-01T09:11:52.000000,1,489,351,suggested
HALO-AC3_RF12_091152,HALO-AC3,RF12,2022-04-01T09:11:52.000000,1,482,343,suggested
HALO-AC3_RF12_091152,HALO-AC3,RF12,2022-04-01T09:11:52.000000,1,479,330,suggested
HALO-AC3_RF12_091152,HALO-AC3,RF12,2022-04-01T09:11:52.000000,1,474,318,suggested
HALO-AC3_RF12_091152,HALO-AC3,RF12,2022-04-01T09:11:52.000000,1,469,305,suggested
HALO-AC3_RF12_091152,HALO-AC3,RF12,2022-04-01T09:11:52.000000,1,462,294,suggested
HALO-AC3_RF12_091152,HALO-AC3,RF12,2022-04-01T09:11:52.000000,1,457,283,suggested
HALO-AC3_RF12_091152,HALO-AC3,RF12,2022-04-01T09:11:52.000000,1,450,271,suggested
HALO-AC3_RF12_091152,HALO-AC3,RF12,2022-04-01T09:11:52.000000,1,450,257,suggested
HALO-AC3_RF12_091152,HALO-AC3,RF12,2022-04-01T09:11:52.000000,1,453,244,suggested
HALO-AC3_RF12_091152,HALO-AC3,RF12,2022-04-01T09:11:52.000000,1,453,232,suggested
HALO-AC3_RF12_091152,HALO-AC3,RF12,2022-04-01T09:11:52.000000,1,449,219,suggested
HALO-AC3_RF12_091152,HALO-AC3,RF12,2022-04-01T09:11:52.000000,1,445,206,suggested
HALO-AC3_RF12_091152,HALO-AC3,RF12,2022-04-01T09:11:52.000000,1,443,193,suggested
HALO-AC3_RF12_091152,HALO-AC3,RF12,2022-04-01T09:11:52.000000,1,438,180,suggested
HALO-AC3_RF12_091152,HALO-AC3,RF12,2022-04-01T09:11:52.000000,1,438,167,suggested
HALO-AC3_RF12_091152,HALO-AC3,RF12,2022-04-01T09:11:52.000000,1,440,154,suggested
HALO-AC3_RF12_091152,HALO-AC3,RF12,2022-04-01T09:11:52.000000,1,441,140,suggested
HALO-AC3_RF12_091152,HALO-AC3,RF12,2022-04-01T09:11:52.000000,1,445,127,suggested
HALO-AC3_RF12_091152,HALO-AC3,RF12,2022-04-01T09:11:52.000000,1,446,116,suggested
HALO-AC3_RF12_091152,HALO-AC3,RF12,2022-04-01T09:11:52.000000,1,445,104,suggested
HALO-AC3_RF12_091152,HALO-AC3,RF12,2022-04-01T09:11:52.000000,1,442,91,suggested
HALO-AC3_RF12_091152,HALO-AC3,RF12,2022-04-01T09:11:52.000000,1,438,78,suggested
HALO-AC3_RF12_091152,HALO-AC3,RF12,2022-04-01T09:11:52.000000,1,434,66,suggested
HALO-AC3_RF12_091152,HALO-AC3,RF12,2022-04-01T09:11:52.000000,1,431,53,suggested
HALO-AC3_RF12_091229,HALO-AC3,RF12,2022-04-01T09:12:29.000000,1,534,464,suggested
HALO-AC3_RF12_091229,HALO-AC3,RF12,2022-04-01T09:12:29.000000,1,532,449,suggested
HALO-AC3_RF12_091229,HALO-AC3,RF12,2022-04-01T09:12:29.000000,1,525,439,suggested
HALO-AC3_RF12_091229,HALO-AC3,RF12,2022-04-01T09:12:29.000000,1,516,430,suggested
HALO-AC3_RF12_091229,HALO-AC3,RF12,2022-04-01T09:12:29.000000,1,510,426,suggested
HALO-AC3_RF12_091229,HALO-AC3,RF12,2022-04-01T09:12:29.000000,1,512,412,suggested
HALO-AC3_RF12_091229,HALO-AC3,RF12,2022-04-01T09:12:29.000000,1,504,402,suggested
HALO-AC3_RF12_091229,HALO-AC3,RF12,2022-04-01T09:12:29.000000,1,500,395,suggested
HALO-AC3_RF12_091229,HALO-AC3,RF12,2022-04-01T09:12:29.000000,1,497,381,suggested
HALO-AC3_RF12_091229,HALO-AC3,RF12,2022-04-01T09:12:29.000000,1,492,367,suggested
HALO-AC3_RF12_091229,HALO-AC3,RF12,2022-04-01T09:12:29.000000,1,487,359,suggested
HALO-AC3_RF12_091229,HALO-AC3,RF12,2022-04-01T09:12:29.000000,1,482,349,suggested
HALO-AC3_RF12_091229,HALO-AC3,RF12,2022-04-01T09:12:29.000000,1,483,334,suggested
HALO-AC3_RF12_091229,HALO-AC3,RF12,2022-04-01T09:12:29.000000,1,480,321,suggested
HALO-AC3_RF12_091229,HALO-AC3,RF12,2022-04-01T09:12:29.000000,1,477,311,suggested
HALO-AC3_RF12_091229,HALO-AC3,RF12,2022-04-01T09:12:29.000000,1,474,296,suggested
HALO-AC3_RF12_091229,HALO-AC3,RF12,2022-04-01T09:12:29.000000,1,470,284,suggested
HALO-AC3_RF12_091229,HALO-AC3,RF12,2022-04-01T09:12:29.000000,1,467,272,suggested
HALO-AC3_RF12_091229,HALO-AC3,RF12,2022-04-01T09:12:29.000000,1,466,259,suggested
HALO-AC3_RF12_091229,HALO-AC3,RF12,2022-04-01T09:12:29.000000,1,466,246,suggested
HALO-AC3_RF12_091229,HALO-AC3,RF12,2022-04-01T09:12:29.000000,1,467,233,suggested
HALO-AC3_RF12_091229,HALO-AC3,RF12,2022-04-01T09:12:29.000000,1,471,220,suggested
HALO-AC3_RF12_091229,HALO-AC3,RF12,2022-04-01T09:12:29.000000,1,477,208,suggested
HALO-AC3_RF12_091229,HALO-AC3,RF12,2022-04-01T09:12:29.000000,1,485,197,suggested
HALO-AC3_RF12_091229,HALO-AC3,RF12,2022-04-01T09:12:29.000000,1,495,187,suggested
HALO-AC3_RF12_091229,HALO-AC3,RF12,2022-04-01T09:12:29.000000,1,505,179,suggested
HALO-AC3_RF12_091229,HALO-AC3,RF12,2022-04-01T09:12:29.000000,1,515,171,suggested
HALO-AC3_RF12_091229,HALO-AC3,RF12,2022-04-01T09:12:29.000000,1,523,163,suggested
HALO-AC3_RF12_091229,HALO-AC3,RF12,2022-04-01T09:12:29.000000,1,529,152,suggested
HALO-AC3_RF12_091229,HALO-AC3,RF12,2022-04-01T09:12:29.000000,1,534,140,suggested
HALO-AC3_RF12_091229,HALO-AC3,RF12,2022-04-01T09:12:29.000000,1,539,127,suggested
HALO-AC3_RF12_091229,HALO-AC3,RF12,2022-04-01T09:12:29.000000,1,546,115,suggested
HALO-AC3_RF12_091229,HALO-AC3,RF12,2022-04-01T09:12:29.000000,1,558,102,suggested
HALO-AC3_RF12_091229,HALO-AC3,RF12,2022-04-01T09:12:29.000000,1,571,99,suggested
HALO-AC3_RF12_091229,HALO-AC3,RF12,2022-04-01T09:12:29.000000,1,586,108,suggested
HALO-AC3_RF13_074313,HALO-AC3,RF13,2022-04-04T07:43:13.000000,1,51,269,suggested
HALO-AC3_RF13_074313,HALO-AC3,RF13,2022-04-04T07:43:13.000000,1,60,291,suggested
HALO-AC3_RF13_074313,HALO-AC3,RF13,2022-04-04T07:43:13.000000,1,58,316,suggested
HALO-AC3_RF13_074313,HALO-AC3,RF13,2022-04-04T07:43:13.000000,1,46,322,suggested
HALO-AC3_RF13_074313,HALO-AC3,RF13,2022-04-04T07:43:13.000000,1,586,374,suggested
HALO-AC3_RF13_074313,HALO-AC3,RF13,2022-04-04T07:43:13.000000,1,575,365,suggested
HALO-AC3_RF13_074313,HALO-AC3,RF13,2022-04-04T07:43:13.000000,1,538,357,suggested
HALO-AC3_RF13_074313,HALO-AC3,RF13,2022-04-04T07:43:13.000000,1,546,358,suggested
HALO-AC3_RF13_074313,HALO-AC3,RF13,2022-04-04T07:43:13.000000,1,533,361,suggested
HALO-AC3_RF13_074313,HALO-AC3,RF13,2022-04-04T07:43:13.000000,1,500,387,suggested
HALO-AC3_RF13_074313,HALO-AC3,RF13,2022-04-04T07:43:13.000000,1,490,383,suggested
HALO-AC3_RF13_074313,HALO-AC3,RF13,2022-04-04T07:43:13.000000,1,473,373,suggested
HALO-AC3_RF13_074313,HALO-AC3,RF13,2022-04-04T07:43:13.000000,1,462,368,suggested
HALO-AC3_RF13_074313,HALO-AC3,RF13,2022-04-04T07:43:13.000000,1,451,363,suggested
HALO-AC3_RF13_074313,HALO-AC3,RF13,2022-04-04T07:43:13.000000,1,424,366,suggested
HALO-AC3_RF13_074313,HALO-AC3,RF13,2022-04-04T07:43:13.000000,1,397,363,suggested
HALO-AC3_RF13_074313,HALO-AC3,RF13,2022-04-04T07:43:13.000000,1,395,364,suggested
HALO-AC3_RF13_074313,HALO-AC3,RF13,2022-04-04T07:43:13.000000,1,376,366,suggested
HALO-AC3_RF13_074313,HALO-AC3,RF13,2022-04-04T07:43:13.000000,1,366,374,suggested
HALO-AC3_RF13_074313,HALO-AC3,RF13,2022-04-04T07:43:13.000000,1,346,369,suggested
HALO-AC3_RF13_074313,HALO-AC3,RF13,2022-04-04T07:43:13.000000,1,322,369,suggested
HALO-AC3_RF13_074313,HALO-AC3,RF13,2022-04-04T07:43:13.000000,1,308,369,suggested
HALO-AC3_RF13_074313,HALO-AC3,RF13,2022-04-04T07:43:13.000000,1,295,365,suggested
HALO-AC3_RF13_074313,HALO-AC3,RF13,2022-04-04T07:43:13.000000,1,281,360,suggested
HALO-AC3_RF13_074313,HALO-AC3,RF13,2022-04-04T07:43:13.000000,1,271,356,suggested
HALO-AC3_RF13_074313,HALO-AC3,RF13,2022-04-04T07:43:13.000000,1,247,346,suggested
HALO-AC3_RF13_074313,HALO-AC3,RF13,2022-04-04T07:43:13.000000,1,240,343,suggested
HALO-AC3_RF13_074313,HALO-AC3,RF13,2022-04-04T07:43:13.000000,1,234,343,suggested
HALO-AC3_RF13_074313,HALO-AC3,RF13,2022-04-04T07:43:13.000000,1,225,336,suggested
HALO-AC3_RF13_074313,HALO-AC3,RF13,2022-04-04T07:43:13.000000,1,216,323,suggested
HALO-AC3_RF13_074313,HALO-AC3,RF13,2022-04-04T07:43:13.000000,1,213,305,suggested
HALO-AC3_RF13_074313,HALO-AC3,RF13,2022-04-04T07:43:13.000000,1,191,299,suggested
HALO-AC3_RF13_074313,HALO-AC3,RF13,2022-04-04T07:43:13.000000,1,178,296,suggested
HALO-AC3_RF13_074313,HALO-AC3,RF13,2022-04-04T07:43:13.000000,1,164,296,suggested
HALO-AC3_RF13_074313,HALO-AC3,RF13,2022-04-04T07:43:13.000000,1,156,292,suggested
HALO-AC3_RF13_074313,HALO-AC3,RF13,2022-04-04T07:43:13.000000,1,147,279,suggested
HALO-AC3_RF13_074313,HALO-AC3,RF13,2022-04-04T07:43:13.000000,1,135,267,suggested
HALO-AC3_RF13_074313,HALO-AC3,RF13,2022-04-04T07:43:13.000000,1,118,258,suggested
HALO-AC3_RF13_074313,HALO-AC3,RF13,2022-04-04T07:43:13.000000,1,114,257,suggested
HALO-AC3_RF13_074313,HALO-AC3,RF13,2022-04-04T07:43:13.000000,1,118,233,suggested
HALO-AC3_RF13_074313,HALO-AC3,RF13,2022-04-04T07:43:13.000000,1,113,214,suggested
HALO-AC3_RF13_074313,HALO-AC3,RF13,2022-04-04T07:43:13.000000,1,101,208,suggested
HALO-AC3_RF13_074313,HALO-AC3,RF13,2022-04-04T07:43:13.000000,1,93,197,suggested
HALO-AC3_RF13_074313,HALO-AC3,RF13,2022-04-04T07:43:13.000000,1,85,177,suggested
HALO-AC3_RF13_074313,HALO-AC3,RF13,2022-04-04T07:43:13.000000,1,67,179,suggested
HALO-AC3_RF13_074313,HALO-AC3,RF13,2022-04-04T07:43:13.000000,1,52,186,suggested
HALO-AC3_RF13_074313,HALO-AC3,RF13,2022-04-04T07:43:13.000000,1,144,58,suggested
HALO-AC3_RF13_074313,HALO-AC3,RF13,2022-04-04T07:43:13.000000,1,166,74,suggested
HALO-AC3_RF13_074313,HALO-AC3,RF13,2022-04-04T07:43:13.000000,1,175,76,suggested
HALO-AC3_RF13_074313,HALO-AC3,RF13,2022-04-04T07:43:13.000000,1,210,66,suggested
HALO-AC3_RF13_074313,HALO-AC3,RF13,2022-04-04T07:43:13.000000,1,101,33,manual
HALO-AC3_RF13_074313,HALO-AC3,RF13,2022-04-04T07:43:13.000000,1,44,26,manual
HALO-AC3_RF13_074313,HALO-AC3,RF13,2022-04-04T07:43:13.000000,1,17,34,manual
HALO-AC3_RF13_074313,HALO-AC3,RF13,2022-04-04T07:43:13.000000,1,23,268,manual
HALO-AC3_RF13_074338,HALO-AC3,RF13,2022-04-04T07:43:38.000000,1,366,241,manual
HALO-AC3_RF13_074338,HALO-AC3,RF13,2022-04-04T07:43:38.000000,1,275,187,manual
HALO-AC3_RF13_074338,HALO-AC3,RF13,2022-04-04T07:43:38.000000,1,199,138,manual
HALO-AC3_RF13_074338,HALO-AC3,RF13,2022-04-04T07:43:38.000000,1,104,83,manual
HALO-AC3_RF13_074338,HALO-AC3,RF13,2022-04-04T07:43:38.000000,1,140,90,manual
HALO-AC3_RF13_074338,HALO-AC3,RF13,2022-04-04T07:43:38.000000,1,166,111,manual
HALO-AC3_RF13_074338,HALO-AC3,RF13,2022-04-04T07:43:38.000000,1,407,241,manual
HALO-AC3_RF13_074338,HALO-AC3,RF13,2022-04-04T07:43:38.000000,1,446,256,manual
HALO-AC3_RF13_074338,HALO-AC3,RF13,2022-04-04T07:43:38.000000,1,434,276,manual
HALO-AC3_RF13_074338,HALO-AC3,RF13,2022-04-04T07:43:38.000000,1,483,300,manual
HALO-AC3_RF13_074338,HALO-AC3,RF13,2022-04-04T07:43:38.000000,1,530,297,manual
HALO-AC3_RF13_074338,HALO-AC3,RF13,2022-04-04T07:43:38.000000,1,548,311,manual
HALO-AC3_RF13_074338,HALO-AC3,RF13,2022-04-04T07:43:38.000000,1,580,323,manual
HALO-AC3_RF13_074338,HALO-AC3,RF13,2022-04-04T07:43:38.000000,1,67,56,manual
HALO-AC3_RF13_074431,HALO-AC3,RF13,2022-04-04T07:44:31.000000,1,138,342,manual
HALO-AC3_RF13_074431,HALO-AC3,RF13,2022-04-04T07:44:31.000000,1,94,371,manual
HALO-AC3_RF13_074431,HALO-AC3,RF13,2022-04-04T07:44:31.000000,1,44,369,manual
HALO-AC3_RF13_074431,HALO-AC3,RF13,2022-04-04T07:44:31.000000,1,9,374,manual
HALO-AC3_RF13_074431,HALO-AC3,RF13,2022-04-04T07:44:31.000000,1,150,311,manual
HALO-AC3_RF13_074431,HALO-AC3,RF13,2022-04-04T07:44:31.000000,1,158,281,manual
HALO-AC3_RF13_074431,HALO-AC3,RF13,2022-04-04T07:44:31.000000,1,159,235,manual
HALO-AC3_RF13_074431,HALO-AC3,RF13,2022-04-04T07:44:31.000000,1,153,192,manual
HALO-AC3_RF13_074431,HALO-AC3,RF13,2022-04-04T07:44:31.000000,1,144,157,manual
HALO-AC3_RF13_074431,HALO-AC3,RF13,2022-04-04T07:44:31.000000,1,112,156,manual
HALO-AC3_RF13_074431,HALO-AC3,RF13,2022-04-04T07:44:31.000000,1,69,150,manual
HALO-AC3_RF13_074431,HALO-AC3,RF13,2022-04-04T07:44:31.000000,1,42,146,manual
HALO-AC3_RF13_074537,HALO-AC3,RF13,2022-04-04T07:45:37.000000,1,436,49,suggested
HALO-AC3_RF13_074537,HALO-AC3,RF13,2022-04-04T07:45:37.000000,1,420,49,suggested
HALO-AC3_RF13_074537,HALO-AC3,RF13,2022-04-04T07:45:37.000000,1,579,162,suggested
HALO-AC3_RF13_074537,HALO-AC3,RF13,2022-04-04T07:45:37.000000,1,572,165,suggested
HALO-AC3_RF13_074537,HALO-AC3,RF13,2022-04-04T07:45:37.000000,1,583,153,suggested
HALO-AC3_RF13_074537,HALO-AC3,RF13,2022-04-04T07:45:37.000000,1,563,155,suggested
HALO-AC3_RF13_074537,HALO-AC3,RF13,2022-04-04T07:45:37.000000,1,552,148,suggested
HALO-AC3_RF13_074537,HALO-AC3,RF13,2022-04-04T07:45:37.000000,1,534,135,suggested
HALO-AC3_RF13_074537,HALO-AC3,RF13,2022-04-04T07:45:37.000000,1,542,135,suggested
HALO-AC3_RF13_074537,HALO-AC3,RF13,2022-04-04T07:45:37.000000,1,535,107,suggested
HALO-AC3_RF13_074537,HALO-AC3,RF13,2022-04-04T07:45:37.000000,1,538,103,suggested
HALO-AC3_RF13_074537,HALO-AC3,RF13,2022-04-04T07:45:37.000000,1,555,93,suggested
HALO-AC3_RF13_074537,HALO-AC3,RF13,2022-04-04T07:45:37.000000,1,535,90,suggested
HALO-AC3_RF13_074537,HALO-AC3,RF13,2022-04-04T07:45:37.000000,1,521,83,suggested
HALO-AC3_RF13_074537,HALO-AC3,RF13,2022-04-04T07:45:37.000000,1,505,80,suggested
HALO-AC3_RF13_074537,HALO-AC3,RF13,2022-04-04T07:45:37.000000,1,511,72,suggested
HALO-AC3_RF13_074537,HALO-AC3,RF13,2022-04-04T07:45:37.000000,1,501,77,suggested
HALO-AC3_RF13_074537,HALO-AC3,RF13,2022-04-04T07:45:37.000000,1,528,60,suggested
HALO-AC3_RF13_074537,HALO-AC3,RF13,2022-04-04T07:45:37.000000,1,513,53,suggested
HALO-AC3_RF13_074537,HALO-AC3,RF13,2022-04-04T07:45:37.000000,1,498,52,suggested
HALO-AC3_RF13_074537,HALO-AC3,RF13,2022-04-04T07:45:37.000000,1,487,47,suggested
HALO-AC3_RF13_074537,HALO-AC3,RF13,2022-04-04T07:45:37.000000,1,318,60,suggested
HALO-AC3_RF13_074537,HALO-AC3,RF13,2022-04-04T07:45:37.000000,1,315,68,suggested
HALO-AC3_RF13_074537,HALO-AC3,RF13,2022-04-04T07:45:37.000000,1,307,80,suggested
HALO-AC3_RF13_074537,HALO-AC3,RF13,2022-04-04T07:45:37.000000,1,318,91,suggested
HALO-AC3_RF13_074537,HALO-AC3,RF13,2022-04-04T07:45:37.000000,1,333,90,suggested
HALO-AC3_RF13_074537,HALO-AC3,RF13,2022-04-04T07:45:37.000000,1,341,94,suggested
HALO-AC3_RF13_074537,HALO-AC3,RF13,2022-04-04T07:45:37.000000,1,345,110,suggested
HALO-AC3_RF13_074537,HALO-AC3,RF13,2022-04-04T07:45:37.000000,1,350,121,suggested
HALO-AC3_RF13_074537,HALO-AC3,RF13,2022-04-04T07:45:37.000000,1,348,112,suggested
HALO-AC3_RF13_074537,HALO-AC3,RF13,2022-04-04T07:45:37.000000,1,353,135,suggested
HALO-AC3_RF13_074537,HALO-AC3,RF13,2022-04-04T07:45:37.000000,1,369,142,suggested
HALO-AC3_RF13_074537,HALO-AC3,RF13,2022-04-04T07:45:37.000000,1,383,137,suggested
HALO-AC3_RF13_074537,HALO-AC3,RF13,2022-04-04T07:45:37.000000,1,397,135,suggested
HALO-AC3_RF13_074537,HALO-AC3,RF13,2022-04-04T07:45:37.000000,1,414,118,suggested
HALO-AC3_RF13_074537,HALO-AC3,RF13,2022-04-04T07:45:37.000000,1,421,124,suggested
HALO-AC3_RF13_074537,HALO-AC3,RF13,2022-04-04T07:45:37.000000,1,445,149,suggested
HALO-AC3_RF13_074537,HALO-AC3,RF13,2022-04-04T07:45:37.000000,1,442,135,suggested
HALO-AC3_RF13_074537,HALO-AC3,RF13,2022-04-04T07:45:37.000000,1,455,130,suggested
HALO-AC3_RF13_074537,HALO-AC3,RF13,2022-04-04T07:45:37.000000,1,480,131,suggested
HALO-AC3_RF13_074537,HALO-AC3,RF13,2022-04-04T07:45:37.000000,1,493,138,suggested
HALO-AC3_RF13_074537,HALO-AC3,RF13,2022-04-04T07:45:37.000000,1,509,130,suggested
HALO-AC3_RF13_074537,HALO-AC3,RF13,2022-04-04T07:45:37.000000,1,533,143,suggested
HALO-AC3_RF13_074537,HALO-AC3,RF13,2022-04-04T07:45:37.000000,1,515,156,suggested
HALO-AC3_RF13_074537,HALO-AC3,RF13,2022-04-04T07:45:37.000000,1,516,156,suggested
HALO-AC3_RF13_074537,HALO-AC3,RF13,2022-04-04T07:45:37.000000,1,508,168,suggested
HALO-AC3_RF13_074537,HALO-AC3,RF13,2022-04-04T07:45:37.000000,1,515,189,suggested
HALO-AC3_RF13_074537,HALO-AC3,RF13,2022-04-04T07:45:37.000000,1,495,195,suggested
HALO-AC3_RF13_074537,HALO-AC3,RF13,2022-04-04T07:45:37.000000,1,485,204,suggested
HALO-AC3_RF13_074537,HALO-AC3,RF13,2022-04-04T07:45:37.000000,1,493,215,suggested
HALO-AC3_RF13_074537,HALO-AC3,RF13,2022-04-04T07:45:37.000000,1,505,240,suggested
HALO-AC3_RF13_074537,HALO-AC3,RF13,2022-04-04T07:45:37.000000,1,494,246,suggested
HALO-AC3_RF13_074537,HALO-AC3,RF13,2022-04-04T07:45:37.000000,1,482,243,suggested
HALO-AC3_RF13_074537,HALO-AC3,RF13,2022-04-04T07:45:37.000000,1,469,239,suggested
HALO-AC3_RF13_074537,HALO-AC3,RF13,2022-04-04T07:45:37.000000,1,460,217,suggested
HALO-AC3_RF13_074537,HALO-AC3,RF13,2022-04-04T07:45:37.000000,1,448,215,suggested
HALO-AC3_RF13_074537,HALO-AC3,RF13,2022-04-04T07:45:37.000000,1,438,221,suggested
HALO-AC3_RF13_074537,HALO-AC3,RF13,2022-04-04T07:45:37.000000,1,430,200,suggested
HALO-AC3_RF13_074537,HALO-AC3,RF13,2022-04-04T07:45:37.000000,1,433,201,suggested
HALO-AC3_RF13_074537,HALO-AC3,RF13,2022-04-04T07:45:37.000000,1,410,231,suggested
HALO-AC3_RF13_074537,HALO-AC3,RF13,2022-04-04T07:45:37.000000,1,429,227,suggested
HALO-AC3_RF13_074537,HALO-AC3,RF13,2022-04-04T07:45:37.000000,1,409,231,suggested
HALO-AC3_RF13_074537,HALO-AC3,RF13,2022-04-04T07:45:37.000000,1,399,237,suggested
HALO-AC3_RF13_074537,HALO-AC3,RF13,2022-04-04T07:45:37.000000,1,388,237,suggested
HALO-AC3_RF13_074537,HALO-AC3,RF13,2022-04-04T07:45:37.000000,1,382,223,suggested
HALO-AC3_RF13_074537,HALO-AC3,RF13,2022-04-04T07:45:37.000000,1,381,210,suggested
HALO-AC3_RF13_074537,HALO-AC3,RF13,2022-04-04T07:45:37.000000,1,367,207,suggested
HALO-AC3_RF13_074537,HALO-AC3,RF13,2022-04-04T07:45:37.000000,1,363,195,suggested
HALO-AC3_RF13_074537,HALO-AC3,RF13,2022-04-04T07:45:37.000000,1,345,177,suggested
HALO-AC3_RF13_074537,HALO-AC3,RF13,2022-04-04T07:45:37.000000,1,351,171,suggested
HALO-AC3_RF13_074537,HALO-AC3,RF13,2022-04-04T07:45:37.000000,1,324,182,suggested
HALO-AC3_RF13_074537,HALO-AC3,RF13,2022-04-04T07:45:37.000000,1,332,173,suggested
HALO-AC3_RF13_074537,HALO-AC3,RF13,2022-04-04T07:45:37.000000,1,323,180,suggested
HALO-AC3_RF13_074537,HALO-AC3,RF13,2022-04-04T07:45:37.000000,1,311,183,suggested
HALO-AC3_RF13_074537,HALO-AC3,RF13,2022-04-04T07:45:37.000000,1,315,164,suggested
HALO-AC3_RF13_074537,HALO-AC3,RF13,2022-04-04T07:45:37.000000,1,302,157,suggested
HALO-AC3_RF13_074537,HALO-AC3,RF13,2022-04-04T07:45:37.000000,1,287,158,suggested
HALO-AC3_RF13_074537,HALO-AC3,RF13,2022-04-04T07:45:37.000000,1,293,156,suggested
HALO-AC3_RF13_074537,HALO-AC3,RF13,2022-04-04T07:45:37.000000,1,281,152,suggested
HALO-AC3_RF13_074537,HALO-AC3,RF13,2022-04-04T07:45:37.000000,1,269,160,suggested
HALO-AC3_RF13_074537,HALO-AC3,RF13,2022-04-04T07:45:37.000000,1,251,164,suggested
HALO-AC3_RF13_074537,HALO-AC3,RF13,2022-04-04T07:45:37.000000,1,240,164,suggested
HALO-AC3_RF13_074537,HALO-AC3,RF13,2022-04-04T07:45:37.000000,1,231,153,suggested
HALO-AC3_RF13_074537,HALO-AC3,RF13,2022-04-04T07:45:37.000000,1,236,166,suggested
HALO-AC3_RF13_074537,HALO-AC3,RF13,2022-04-04T07:45:37.000000,1,214,162,suggested
HALO-AC3_RF13_074537,HALO-AC3,RF13,2022-04-04T07:45:37.000000,1,201,170,suggested
HALO-AC3_RF13_074537,HALO-AC3,RF13,2022-04-04T07:45:37.000000,1,192,168,suggested
HALO-AC3_RF13_074537,HALO-AC3,RF13,2022-04-04T07:45:37.000000,1,181,166,suggested
HALO-AC3_RF13_074537,HALO-AC3,RF13,2022-04-04T07:45:37.000000,1,167,161,suggested
HALO-AC3_RF13_074537,HALO-AC3,RF13,2022-04-04T07:45:37.000000,1,161,154,suggested
HALO-AC3_RF13_074537,HALO-AC3,RF13,2022-04-04T07:45:37.000000,1,171,139,suggested
HALO-AC3_RF13_074537,HALO-AC3,RF13,2022-04-04T07:45:37.000000,1,162,154,suggested
HALO-AC3_RF13_074537,HALO-AC3,RF13,2022-04-04T07:45:37.000000,1,168,136,suggested
HALO-AC3_RF13_074537,HALO-AC3,RF13,2022-04-04T07:45:37.000000,1,150,124,suggested
HALO-AC3_RF13_074537,HALO-AC3,RF13,2022-04-04T07:45:37.000000,1,136,122,suggested
HALO-AC3_RF13_074537,HALO-AC3,RF13,2022-04-04T07:45:37.000000,1,120,110,suggested
HALO-AC3_RF13_074537,HALO-AC3,RF13,2022-04-04T07:45:37.000000,1,131,95,suggested
HALO-AC3_RF13_074537,HALO-AC3,RF13,2022-04-04T07:45:37.000000,1,111,107,suggested
HALO-AC3_RF13_074537,HALO-AC3,RF13,2022-04-04T07:45:37.000000,1,100,93,suggested
HALO-AC3_RF13_074537,HALO-AC3,RF13,2022-04-04T07:45:37.000000,1,89,98,suggested
HALO-AC3_RF13_074537,HALO-AC3,RF13,2022-04-04T07:45:37.000000,1,82,102,suggested
HALO-AC3_RF13_074537,HALO-AC3,RF13,2022-04-04T07:45:37.000000,1,76,113,suggested
HALO-AC3_RF13_074537,HALO-AC3,RF13,2022-04-04T07:45:37.000000,1,74,116,suggested
HALO-AC3_RF13_074537,HALO-AC3,RF13,2022-04-04T07:45:37.000000,1,62,124,suggested
HALO-AC3_RF13_074537,HALO-AC3,RF13,2022-04-04T07:45:37.000000,1,47,120,suggested
HALO-AC3_RF13_074537,HALO-AC3,RF13,2022-04-04T07:45:37.000000,1,49,239,suggested
HALO-AC3_RF13_074537,HALO-AC3,RF13,2022-04-04T07:45:37.000000,1,62,245,suggested
HALO-AC3_RF13_074537,HALO-AC3,RF13,2022-04-04T07:45:37.000000,1,75,250,suggested
HALO-AC3_RF13_074537,HALO-AC3,RF13,2022-04-04T07:45:37.000000,1,88,255,suggested
HALO-AC3_RF13_074537,HALO-AC3,RF13,2022-04-04T07:45:37.000000,1,101,262,suggested
HALO-AC3_RF13_074537,HALO-AC3,RF13,2022-04-04T07:45:37.000000,1,115,268,suggested
HALO-AC3_RF13_074537,HALO-AC3,RF13,2022-04-04T07:45:37.000000,1,126,275,suggested
HALO-AC3_RF13_074537,HALO-AC3,RF13,2022-04-04T07:45:37.000000,1,138,284,suggested
HALO-AC3_RF13_074537,HALO-AC3,RF13,2022-04-04T07:45:37.000000,1,146,294,suggested
HALO-AC3_RF13_074537,HALO-AC3,RF13,2022-04-04T07:45:37.000000,1,158,303,suggested
HALO-AC3_RF13_074537,HALO-AC3,RF13,2022-04-04T07:45:37.000000,1,170,307,suggested
HALO-AC3_RF13_074537,HALO-AC3,RF13,2022-04-04T07:45:37.000000,1,194,324,suggested
HALO-AC3_RF13_074537,HALO-AC3,RF13,2022-04-04T07:45:37.000000,1,203,328,suggested
HALO-AC3_RF13_074537,HALO-AC3,RF13,2022-04-04T07:45:37.000000,1,214,339,suggested
HALO-AC3_RF13_074537,HALO-AC3,RF13,2022-04-04T07:45:37.000000,1,223,341,suggested
HALO-AC3_RF13_074537,HALO-AC3,RF13,2022-04-04T07:45:37.000000,1,225,350,suggested
HALO-AC3_RF13_074537,HALO-AC3,RF13,2022-04-04T07:45:37.000000,1,238,357,suggested
HALO-AC3_RF13_074537,HALO-AC3,RF13,2022-04-04T07:45:37.000000,1,231,376,suggested
HALO-AC3_RF13_074537,HALO-AC3,RF13,2022-04-04T07:45:37.000000,1,216,380,suggested
HALO-AC3_RF13_074537,HALO-AC3,RF13,2022-04-04T07:45:37.000000,1,208,383,suggested
HALO-AC3_RF13_074537,HALO-AC3,RF13,2022-04-04T07:45:37.000000,1,228,398,suggested
HALO-AC3_RF13_074537,HALO-AC3,RF13,2022-04-04T07:45:37.000000,1,261,400,suggested
HALO-AC3_RF13_074537,HALO-AC3,RF13,2022-04-04T07:45:37.000000,1,270,384,suggested
HALO-AC3_RF13_074537,HALO-AC3,RF13,2022-04-04T07:45:37.000000,1,289,397,suggested
HALO-AC3_RF13_074537,HALO-AC3,RF13,2022-04-04T07:45:37.000000,1,298,385,suggested
HALO-AC3_RF13_074537,HALO-AC3,RF13,2022-04-04T07:45:37.000000,1,300,385,suggested
HALO-AC3_RF13_074537,HALO-AC3,RF13,2022-04-04T07:45:37.000000,1,317,393,suggested
HALO-AC3_RF13_074537,HALO-AC3,RF13,2022-04-04T07:45:37.000000,1,329,398,suggested
HALO-AC3_RF13_074537,HALO-AC3,RF13,2022-04-04T07:45:37.000000,1,343,409,suggested
HALO-AC3_RF13_074537,HALO-AC3,RF13,2022-04-04T07:45:37.000000,1,350,411,suggested
HALO-AC3_RF13_074537,HALO-AC3,RF13,2022-04-04T07:45:37.000000,1,366,401,suggested
HALO-AC3_RF13_074537,HALO-AC3,RF13,2022-04-04T07:45:37.000000,1,358,399,suggested
HALO-AC3_RF13_074537,HALO-AC3,RF13,2022-04-04T07:45:37.000000,1,353,433,suggested
HALO-AC3_RF13_074537,HALO-AC3,RF13,2022-04-04T07:45:37.000000,1,386,430,suggested
HALO-AC3_RF13_074537,HALO-AC3,RF13,2022-04-04T07:45:37.000000,1,396,422,suggested
HALO-AC3_RF13_074537,HALO-AC3,RF13,2022-04-04T07:45:37.000000,1,410,438,suggested
HALO-AC3_RF13_074537,HALO-AC3,RF13,2022-04-04T07:45:37.000000,1,398,450,suggested
HALO-AC3_RF13_074537,HALO-AC3,RF13,2022-04-04T07:45:37.000000,1,387,460,suggested
HALO-AC3_RF13_074537,HALO-AC3,RF13,2022-04-04T07:45:37.000000,1,368,461,suggested
HALO-AC3_RF13_074537,HALO-AC3,RF13,2022-04-04T07:45:37.000000,1,453,243,suggested
HALO-AC3_RF13_074537,HALO-AC3,RF13,2022-04-04T07:45:37.000000,1,440,243,suggested
HALO-AC3_RF13_074537,HALO-AC3,RF13,2022-04-04T07:45:37.000000,1,527,259,suggested
HALO-AC3_RF13_074537,HALO-AC3,RF13,2022-04-04T07:45:37.000000,1,514,258,suggested
HALO-AC3_RF13_074537,HALO-AC3,RF13,2022-04-04T07:45:37.000000,1,491,271,suggested
HALO-AC3_RF13_074537,HALO-AC3,RF13,2022-04-04T07:45:37.000000,1,515,259,suggested
HALO-AC3_RF13_074545,HALO-AC3,RF13,2022-04-04T07:45:45.000000,1,500,70,suggested
HALO-AC3_RF13_074545,HALO-AC3,RF13,2022-04-04T07:45:45.000000,1,490,73,suggested
HALO-AC3_RF13_074545,HALO-AC3,RF13,2022-04-04T07:45:45.000000,1,479,70,suggested
HALO-AC3_RF13_074545,HALO-AC3,RF13,2022-04-04T07:45:45.000000,1,467,67,suggested
HALO-AC3_RF13_074545,HALO-AC3,RF13,2022-04-04T07:45:45.000000,1,437,69,suggested
HALO-AC3_RF13_074545,HALO-AC3,RF13,2022-04-04T07:45:45.000000,1,448,48,suggested
HALO-AC3_RF13_074545,HALO-AC3,RF13,2022-04-04T07:45:45.000000,1,431,30,suggested
HALO-AC3_RF13_074545,HALO-AC3,RF13,2022-04-04T07:45:45.000000,1,410,57,suggested
HALO-AC3_RF13_074545,HALO-AC3,RF13,2022-04-04T07:45:45.000000,1,440,58,suggested
HALO-AC3_RF13_074545,HALO-AC3,RF13,2022-04-04T07:45:45.000000,1,408,57,suggested
HALO-AC3_RF13_074545,HALO-AC3,RF13,2022-04-04T07:45:45.000000,1,396,62,suggested
HALO-AC3_RF13_074545,HALO-AC3,RF13,2022-04-04T07:45:45.000000,1,387,63,suggested
HALO-AC3_RF13_074545,HALO-AC3,RF13,2022-04-04T07:45:45.000000,1,379,52,suggested
HALO-AC3_RF13_074545,HALO-AC3,RF13,2022-04-04T07:45:45.000000,1,52,68,suggested
HALO-AC3_RF13_074545,HALO-AC3,RF13,2022-04-04T07:45:45.000000,1,65,73,suggested
HALO-AC3_RF13_074545,HALO-AC3,RF13,2022-04-04T07:45:45.000000,1,77,79,suggested
HALO-AC3_RF13_074545,HALO-AC3,RF13,2022-04-04T07:45:45.000000,1,90,83,suggested
HALO-AC3_RF13_074545,HALO-AC3,RF13,2022-04-04T07:45:45.000000,1,103,89,suggested
HALO-AC3_RF13_074545,HALO-AC3,RF13,2022-04-04T07:45:45.000000,1,116,94,suggested
HALO-AC3_RF13_074545,HALO-AC3,RF13,2022-04-04T07:45:45.000000,1,128,102,suggested
HALO-AC3_RF13_074545,HALO-AC3,RF13,2022-04-04T07:45:45.000000,1,139,110,suggested
HALO-AC3_RF13_074545,HALO-AC3,RF13,2022-04-04T07:45:45.000000,1,146,121,suggested
HALO-AC3_RF13_074545,HALO-AC3,RF13,2022-04-04T07:45:45.000000,1,158,128,suggested
HALO-AC3_RF13_074545,HALO-AC3,RF13,2022-04-04T07:45:45.000000,1,171,132,suggested
HALO-AC3_RF13_074545,HALO-AC3,RF13,2022-04-04T07:45:45.000000,1,192,147,suggested
HALO-AC3_RF13_074545,HALO-AC3,RF13,2022-04-04T07:45:45.000000,1,202,155,suggested
HALO-AC3_RF13_074545,HALO-AC3,RF13,2022-04-04T07:45:45.000000,1,193,147,suggested
HALO-AC3_RF13_074545,HALO-AC3,RF13,2022-04-04T07:45:45.000000,1,218,168,suggested
HALO-AC3_RF13_074545,HALO-AC3,RF13,2022-04-04T07:45:45.000000,1,237,180,suggested
HALO-AC3_RF13_074545,HALO-AC3,RF13,2022-04-04T07:45:45.000000,1,227,199,suggested
HALO-AC3_RF13_074545,HALO-AC3,RF13,2022-04-04T07:45:45.000000,1,204,211,suggested
HALO-AC3_RF13_074545,HALO-AC3,RF13,2022-04-04T07:45:45.000000,1,227,224,suggested
HALO-AC3_RF13_074545,HALO-AC3,RF13,2022-04-04T07:45:45.000000,1,249,229,suggested
HALO-AC3_RF13_074545,HALO-AC3,RF13,2022-04-04T07:45:45.000000,1,249,223,suggested
HALO-AC3_RF13_074545,HALO-AC3,RF13,2022-04-04T07:45:45.000000,1,269,210,suggested
HALO-AC3_RF13_074545,HALO-AC3,RF13,2022-04-04T07:45:45.000000,1,286,221,suggested
HALO-AC3_RF13_074545,HALO-AC3,RF13,2022-04-04T07:45:45.000000,1,293,209,suggested
HALO-AC3_RF13_074545,HALO-AC3,RF13,2022-04-04T07:45:45.000000,1,296,209,suggested
HALO-AC3_RF13_074545,HALO-AC3,RF13,2022-04-04T07:45:45.000000,1,315,217,suggested
HALO-AC3_RF13_074545,HALO-AC3,RF13,2022-04-04T07:45:45.000000,1,328,224,suggested
HALO-AC3_RF13_074545,HALO-AC3,RF13,2022-04-04T07:45:45.000000,1,349,236,suggested
HALO-AC3_RF13_074545,HALO-AC3,RF13,2022-04-04T07:45:45.000000,1,366,226,suggested
HALO-AC3_RF13_074545,HALO-AC3,RF13,2022-04-04T07:45:45.000000,1,358,224,suggested
HALO-AC3_RF13_074545,HALO-AC3,RF13,2022-04-04T07:45:45.000000,1,357,248,suggested
HALO-AC3_RF13_074545,HALO-AC3,RF13,2022-04-04T07:45:45.000000,1,385,256,suggested
HALO-AC3_RF13_074545,HALO-AC3,RF13,2022-04-04T07:45:45.000000,1,397,245,suggested
HALO-AC3_RF13_074545,HALO-AC3,RF13,2022-04-04T07:45:45.000000,1,407,265,suggested
HALO-AC3_RF13_074545,HALO-AC3,RF13,2022-04-04T07:45:45.000000,1,409,269,suggested
HALO-AC3_RF13_074545,HALO-AC3,RF13,2022-04-04T07:45:45.000000,1,393,279,suggested
HALO-AC3_RF13_074545,HALO-AC3,RF13,2022-04-04T07:45:45.000000,1,387,288,suggested
HALO-AC3_RF13_074545,HALO-AC3,RF13,2022-04-04T07:45:45.000000,1,354,300,suggested
HALO-AC3_RF13_074545,HALO-AC3,RF13,2022-04-04T07:45:45.000000,1,364,281,suggested
HALO-AC3_RF13_074545,HALO-AC3,RF13,2022-04-04T07:45:45.000000,1,365,292,suggested
HALO-AC3_RF13_074545,HALO-AC3,RF13,2022-04-04T07:45:45.000000,1,348,296,suggested
HALO-AC3_RF13_074545,HALO-AC3,RF13,2022-04-04T07:45:45.000000,1,342,309,suggested
HALO-AC3_RF13_074545,HALO-AC3,RF13,2022-04-04T07:45:45.000000,1,353,299,suggested
HALO-AC3_RF13_074545,HALO-AC3,RF13,2022-04-04T07:45:45.000000,1,350,341,suggested
HALO-AC3_RF13_074545,HALO-AC3,RF13,2022-04-04T07:45:45.000000,1,326,357,suggested
HALO-AC3_RF13_074545,HALO-AC3,RF13,2022-04-04T07:45:45.000000,1,350,346,suggested
HALO-AC3_RF13_074545,HALO-AC3,RF13,2022-04-04T07:45:45.000000,1,369,371,suggested
HALO-AC3_RF13_074545,HALO-AC3,RF13,2022-04-04T07:45:45.000000,1,367,369,suggested
HALO-AC3_RF13_074545,HALO-AC3,RF13,2022-04-04T07:45:45.000000,1,365,382,suggested
HALO-AC3_RF13_074545,HALO-AC3,RF13,2022-04-04T07:45:45.000000,1,373,395,suggested
HALO-AC3_RF13_074545,HALO-AC3,RF13,2022-04-04T07:45:45.000000,1,368,390,suggested
HALO-AC3_RF13_074545,HALO-AC3,RF13,2022-04-04T07:45:45.000000,1,378,402,suggested
HALO-AC3_RF13_074545,HALO-AC3,RF13,2022-04-04T07:45:45.000000,1,398,420,suggested
HALO-AC3_RF13_074545,HALO-AC3,RF13,2022-04-04T07:45:45.000000,1,407,427,suggested
HALO-AC3_RF13_074545,HALO-AC3,RF13,2022-04-04T07:45:45.000000,1,421,430,suggested
HALO-AC3_RF13_074545,HALO-AC3,RF13,2022-04-04T07:45:45.000000,1,448,447,suggested
HALO-AC3_RF13_074545,HALO-AC3,RF13,2022-04-04T07:45:45.000000,1,448,434,suggested
HALO-AC3_RF13_074545,HALO-AC3,RF13,2022-04-04T07:45:45.000000,1,457,444,suggested
HALO-AC3_RF13_074545,HALO-AC3,RF13,2022-04-04T07:45:45.000000,1,466,451,suggested
HALO-AC3_RF13_074545,HALO-AC3,RF13,2022-04-04T07:45:45.000000,1,483,459,suggested
HALO-AC3_RF13_074545,HALO-AC3,RF13,2022-04-04T07:45:45.000000,1,551,456,suggested
HALO-AC3_RF13_074545,HALO-AC3,RF13,2022-04-04T07:45:45.000000,1,568,451,suggested
HALO-AC3_RF13_074545,HALO-AC3,RF13,2022-04-04T07:45:45.000000,1,581,451,suggested
HALO-AC3_RF13_074545,HALO-AC3,RF13,2022-04-04T07:45:45.000000,1,438,70,suggested
HALO-AC3_RF13_074545,HALO-AC3,RF13,2022-04-04T07:45:45.000000,1,429,62,suggested
HALO-AC3_RF13_074545,HALO-AC3,RF13,2022-04-04T07:45:45.000000,1,522,87,suggested
HALO-AC3_RF13_074545,HALO-AC3,RF13,2022-04-04T07:45:45.000000,1,513,87,suggested
HALO-AC3_RF13_074545,HALO-AC3,RF13,2022-04-04T07:45:45.000000,1,501,88,suggested
HALO-AC3_RF13_074545,HALO-AC3,RF13,2022-04-04T07:45:45.000000,1,365,296,suggested
HALO-AC3_RF13_074918,HALO-AC3,RF13,2022-04-04T07:49:18.000000,1,292,120,suggested
HALO-AC3_RF13_074918,HALO-AC3,RF13,2022-04-04T07:49:18.000000,1,284,112,suggested
HALO-AC3_RF13_074918,HALO-AC3,RF13,2022-04-04T07:49:18.000000,1,355,66,suggested
HALO-AC3_RF13_074918,HALO-AC3,RF13,2022-04-04T07:49:18.000000,1,340,70,suggested
HALO-AC3_RF13_074918,HALO-AC3,RF13,2022-04-04T07:49:18.000000,1,331,81,suggested
HALO-AC3_RF13_074918,HALO-AC3,RF13,2022-04-04T07:49:18.000000,1,330,68,suggested
HALO-AC3_RF13_074918,HALO-AC3,RF13,2022-04-04T07:49:18.000000,1,311,84,suggested
HALO-AC3_RF13_074918,HALO-AC3,RF13,2022-04-04T07:49:18.000000,1,300,89,suggested
HALO-AC3_RF13_074918,HALO-AC3,RF13,2022-04-04T07:49:18.000000,1,295,102,suggested
HALO-AC3_RF13_074918,HALO-AC3,RF13,2022-04-04T07:49:18.000000,1,275,114,suggested
HALO-AC3_RF13_074918,HALO-AC3,RF13,2022-04-04T07:49:18.000000,1,274,104,suggested
HALO-AC3_RF13_074918,HALO-AC3,RF13,2022-04-04T07:49:18.000000,1,268,105,suggested
HALO-AC3_RF13_074918,HALO-AC3,RF13,2022-04-04T07:49:18.000000,1,273,102,suggested
HALO-AC3_RF13_074918,HALO-AC3,RF13,2022-04-04T07:49:18.000000,1,271,110,suggested
HALO-AC3_RF13_074918,HALO-AC3,RF13,2022-04-04T07:49:18.000000,1,262,96,suggested
HALO-AC3_RF13_074918,HALO-AC3,RF13,2022-04-04T07:49:18.000000,1,260,71,suggested
HALO-AC3_RF13_074918,HALO-AC3,RF13,2022-04-04T07:49:18.000000,1,255,66,suggested
HALO-AC3_RF13_074918,HALO-AC3,RF13,2022-04-04T07:49:18.000000,1,260,70,suggested
HALO-AC3_RF13_074918,HALO-AC3,RF13,2022-04-04T07:49:18.000000,1,233,81,suggested
HALO-AC3_RF13_074918,HALO-AC3,RF13,2022-04-04T07:49:18.000000,1,226,93,suggested
HALO-AC3_RF13_074918,HALO-AC3,RF13,2022-04-04T07:49:18.000000,1,267,55,suggested
HALO-AC3_RF13_074918,HALO-AC3,RF13,2022-04-04T07:49:18.000000,1,274,47,suggested
HALO-AC3_RF13_074918,HALO-AC3,RF13,2022-04-04T07:49:18.000000,1,596,142,suggested
HALO-AC3_RF13_074918,HALO-AC3,RF13,2022-04-04T07:49:18.000000,1,584,138,suggested
HALO-AC3_RF13_074918,HALO-AC3,RF13,2022-04-04T07:49:18.000000,1,577,137,suggested
HALO-AC3_RF13_074918,HALO-AC3,RF13,2022-04-04T07:49:18.000000,1,566,139,suggested
HALO-AC3_RF13_074918,HALO-AC3,RF13,2022-04-04T07:49:18.000000,1,567,138,suggested
HALO-AC3_RF13_074918,HALO-AC3,RF13,2022-04-04T07:49:18.000000,1,558,138,suggested
HALO-AC3_RF13_074918,HALO-AC3,RF13,2022-04-04T07:49:18.000000,1,545,123,suggested
HALO-AC3_RF13_074918,HALO-AC3,RF13,2022-04-04T07:49:18.000000,1,546,122,suggested
HALO-AC3_RF13_074918,HALO-AC3,RF13,2022-04-04T07:49:18.000000,1,534,119,suggested
HALO-AC3_RF13_074918,HALO-AC3,RF13,2022-04-04T07:49:18.000000,1,519,121,suggested
HALO-AC3_RF13_074918,HALO-AC3,RF13,2022-04-04T07:49:18.000000,1,512,121,suggested
HALO-AC3_RF13_074918,HALO-AC3,RF13,2022-04-04T07:49:18.000000,1,501,132,suggested
HALO-AC3_RF13_074918,HALO-AC3,RF13,2022-04-04T07:49:18.000000,1,493,140,suggested
HALO-AC3_RF13_074918,HALO-AC3,RF13,2022-04-04T07:49:18.000000,1,473,129,suggested
HALO-AC3_RF13_074918,HALO-AC3,RF13,2022-04-04T07:49:18.000000,1,465,137,suggested
HALO-AC3_RF13_074918,HALO-AC3,RF13,2022-04-04T07:49:18.000000,1,456,136,suggested
HALO-AC3_RF13_074918,HALO-AC3,RF13,2022-04-04T07:49:18.000000,1,459,137,suggested
HALO-AC3_RF13_074918,HALO-AC3,RF13,2022-04-04T07:49:18.000000,1,444,125,suggested
HALO-AC3_RF13_074918,HALO-AC3,RF13,2022-04-04T07:49:18.000000,1,446,133,suggested
HALO-AC3_RF13_074918,HALO-AC3,RF13,2022-04-04T07:49:18.000000,1,436,117,suggested
HALO-AC3_RF13_074918,HALO-AC3,RF13,2022-04-04T07:49:18.000000,1,433,102,suggested
HALO-AC3_RF13_074918,HALO-AC3,RF13,2022-04-04T07:49:18.000000,1,429,95,suggested
HALO-AC3_RF13_074918,HALO-AC3,RF13,2022-04-04T07:49:18.000000,1,418,86,suggested
HALO-AC3_RF13_074918,HALO-AC3,RF13,2022-04-04T07:49:18.000000,1,404,89,suggested
HALO-AC3_RF13_074918,HALO-AC3,RF13,2022-04-04T07:49:18.000000,1,396,93,suggested
HALO-AC3_RF13_074918,HALO-AC3,RF13,2022-04-04T07:49:18.000000,1,393,79,suggested
HALO-AC3_RF13_074918,HALO-AC3,RF13,2022-04-04T07:49:18.000000,1,384,72,suggested
HALO-AC3_RF13_074918,HALO-AC3,RF13,2022-04-04T07:49:18.000000,1,372,67,suggested
HALO-AC3_RF13_090320,HALO-AC3,RF13,2022-04-04T09:03:20.000000,1,53,196,suggested
HALO-AC3_RF13_090320,HALO-AC3,RF13,2022-04-04T09:03:20.000000,1,65,193,suggested
HALO-AC3_RF13_090320,HALO-AC3,RF13,2022-04-04T09:03:20.000000,1,77,188,suggested
HALO-AC3_RF13_090320,HALO-AC3,RF13,2022-04-04T09:03:20.000000,1,88,181,suggested
HALO-AC3_RF13_090320,HALO-AC3,RF13,2022-04-04T09:03:20.000000,1,98,175,suggested
HALO-AC3_RF13_090320,HALO-AC3,RF13,2022-04-04T09:03:20.000000,1,110,171,suggested
HALO-AC3_RF13_090320,HALO-AC3,RF13,2022-04-04T09:03:20.000000,1,119,163,suggested
HALO-AC3_RF13_090320,HALO-AC3,RF13,2022-04-04T09:03:20.000000,1,127,153,suggested
HALO-AC3_RF13_090320,HALO-AC3,RF13,2022-04-04T09:03:20.000000,1,136,147,suggested
HALO-AC3_RF13_090320,HALO-AC3,RF13,2022-04-04T09:03:20.000000,1,148,143,suggested
HALO-AC3_RF13_090320,HALO-AC3,RF13,2022-04-04T09:03:20.000000,1,159,136,suggested
HALO-AC3_RF13_090320,HALO-AC3,RF13,2022-04-04T09:03:20.000000,1,163,125,suggested
HALO-AC3_RF13_090320,HALO-AC3,RF13,2022-04-04T09:03:20.000000,1,172,115,suggested
HALO-AC3_RF13_090320,HALO-AC3,RF13,2022-04-04T09:03:20.000000,1,176,102,suggested
HALO-AC3_RF13_090320,HALO-AC3,RF13,2022-04-04T09:03:20.000000,1,178,91,suggested
HALO-AC3_RF13_090320,HALO-AC3,RF13,2022-04-04T09:03:20.000000,1,181,82,suggested
HALO-AC3_RF13_090320,HALO-AC3,RF13,2022-04-04T09:03:20.000000,1,188,72,suggested
HALO-AC3_RF13_090320,HALO-AC3,RF13,2022-04-04T09:03:20.000000,1,193,66,suggested
HALO-AC3_RF13_090320,HALO-AC3,RF13,2022-04-04T09:03:20.000000,1,205,63,suggested
HALO-AC3_RF13_090320,HALO-AC3,RF13,2022-04-04T09:03:20.000000,1,214,63,suggested
HALO-AC3_RF13_090320,HALO-AC3,RF13,2022-04-04T09:03:20.000000,1,218,75,suggested
HALO-AC3_RF13_090320,HALO-AC3,RF13,2022-04-04T09:03:20.000000,1,226,85,suggested
HALO-AC3_RF13_090320,HALO-AC3,RF13,2022-04-04T09:03:20.000000,1,225,96,suggested
HALO-AC3_RF13_090320,HALO-AC3,RF13,2022-04-04T09:03:20.000000,1,233,107,suggested
HALO-AC3_RF13_090320,HALO-AC3,RF13,2022-04-04T09:03:20.000000,1,244,113,suggested
HALO-AC3_RF13_090320,HALO-AC3,RF13,2022-04-04T09:03:20.000000,1,253,122,suggested
HALO-AC3_RF13_090320,HALO-AC3,RF13,2022-04-04T09:03:20.000000,1,261,131,suggested
HALO-AC3_RF13_090320,HALO-AC3,RF13,2022-04-04T09:03:20.000000,1,269,141,suggested
HALO-AC3_RF13_090320,HALO-AC3,RF13,2022-04-04T09:03:20.000000,1,277,152,suggested
HALO-AC3_RF13_090320,HALO-AC3,RF13,2022-04-04T09:03:20.000000,1,285,161,suggested
HALO-AC3_RF13_090320,HALO-AC3,RF13,2022-04-04T09:03:20.000000,1,295,170,suggested
HALO-AC3_RF13_090320,HALO-AC3,RF13,2022-04-04T09:03:20.000000,1,302,181,suggested
HALO-AC3_RF13_090320,HALO-AC3,RF13,2022-04-04T09:03:20.000000,1,300,195,suggested
HALO-AC3_RF13_090320,HALO-AC3,RF13,2022-04-04T09:03:20.000000,1,305,206,suggested
HALO-AC3_RF13_090320,HALO-AC3,RF13,2022-04-04T09:03:20.000000,1,313,216,suggested
HALO-AC3_RF13_090320,HALO-AC3,RF13,2022-04-04T09:03:20.000000,1,323,224,suggested
HALO-AC3_RF13_090320,HALO-AC3,RF13,2022-04-04T09:03:20.000000,1,331,233,suggested
HALO-AC3_RF13_090320,HALO-AC3,RF13,2022-04-04T09:03:20.000000,1,338,244,suggested
HALO-AC3_RF13_090320,HALO-AC3,RF13,2022-04-04T09:03:20.000000,1,343,256,suggested
HALO-AC3_RF13_090320,HALO-AC3,RF13,2022-04-04T09:03:20.000000,1,344,269,suggested
HALO-AC3_RF13_090320,HALO-AC3,RF13,2022-04-04T09:03:20.000000,1,342,282,suggested
HALO-AC3_RF13_090320,HALO-AC3,RF13,2022-04-04T09:03:20.000000,1,337,292,suggested
HALO-AC3_RF13_090320,HALO-AC3,RF13,2022-04-04T09:03:20.000000,1,338,305,suggested
HALO-AC3_RF13_090320,HALO-AC3,RF13,2022-04-04T09:03:20.000000,1,340,317,suggested
HALO-AC3_RF13_090320,HALO-AC3,RF13,2022-04-04T09:03:20.000000,1,341,327,suggested
HALO-AC3_RF13_090320,HALO-AC3,RF13,2022-04-04T09:03:20.000000,1,344,339,suggested
HALO-AC3_RF13_090320,HALO-AC3,RF13,2022-04-04T09:03:20.000000,1,338,350,suggested
HALO-AC3_RF13_090320,HALO-AC3,RF13,2022-04-04T09:03:20.000000,1,335,363,suggested
HALO-AC3_RF13_090320,HALO-AC3,RF13,2022-04-04T09:03:20.000000,1,336,374,suggested
HALO-AC3_RF13_090320,HALO-AC3,RF13,2022-04-04T09:03:20.000000,1,341,384,suggested
HALO-AC3_RF13_090320,HALO-AC3,RF13,2022-04-04T09:03:20.000000,1,336,395,suggested
HALO-AC3_RF13_090320,HALO-AC3,RF13,2022-04-04T09:03:20.000000,1,339,404,suggested
HALO-AC3_RF13_090320,HALO-AC3,RF13,2022-04-04T09:03:20.000000,1,349,402,suggested
HALO-AC3_RF13_090320,HALO-AC3,RF13,2022-04-04T09:03:20.000000,1,359,415,suggested
HALO-AC3_RF13_090320,HALO-AC3,RF13,2022-04-04T09:03:20.000000,1,353,423,suggested
HALO-AC3_RF13_090320,HALO-AC3,RF13,2022-04-04T09:03:20.000000,1,346,434,suggested
HALO-AC3_RF13_090320,HALO-AC3,RF13,2022-04-04T09:03:20.000000,1,355,446,suggested
HALO-AC3_RF13_090320,HALO-AC3,RF13,2022-04-04T09:03:20.000000,1,349,456,suggested
HALO-AC3_RF13_090434,HALO-AC3,RF13,2022-04-04T09:04:34.000000,1,337,47,suggested
HALO-AC3_RF13_090434,HALO-AC3,RF13,2022-04-04T09:04:34.000000,1,341,59,suggested
HALO-AC3_RF13_090434,HALO-AC3,RF13,2022-04-04T09:04:34.000000,1,348,70,suggested
HALO-AC3_RF13_090434,HALO-AC3,RF13,2022-04-04T09:04:34.000000,1,349,80,suggested
HALO-AC3_RF13_090434,HALO-AC3,RF13,2022-04-04T09:04:34.000000,1,351,93,suggested
HALO-AC3_RF13_090434,HALO-AC3,RF13,2022-04-04T09:04:34.000000,1,355,105,suggested
HALO-AC3_RF13_090434,HALO-AC3,RF13,2022-04-04T09:04:34.000000,1,358,118,suggested
HALO-AC3_RF13_090434,HALO-AC3,RF13,2022-04-04T09:04:34.000000,1,360,130,suggested
HALO-AC3_RF13_090434,HALO-AC3,RF13,2022-04-04T09:04:34.000000,1,365,142,suggested
HALO-AC3_RF13_090434,HALO-AC3,RF13,2022-04-04T09:04:34.000000,1,367,152,suggested
HALO-AC3_RF13_090434,HALO-AC3,RF13,2022-04-04T09:04:34.000000,1,369,164,suggested
HALO-AC3_RF13_090434,HALO-AC3,RF13,2022-04-04T09:04:34.000000,1,372,177,suggested
HALO-AC3_RF13_090434,HALO-AC3,RF13,2022-04-04T09:04:34.000000,1,377,189,suggested
HALO-AC3_RF13_090434,HALO-AC3,RF13,2022-04-04T09:04:34.000000,1,382,201,suggested
HALO-AC3_RF13_090434,HALO-AC3,RF13,2022-04-04T09:04:34.000000,1,387,213,suggested
HALO-AC3_RF13_090434,HALO-AC3,RF13,2022-04-04T09:04:34.000000,1,390,225,suggested
HALO-AC3_RF13_090434,HALO-AC3,RF13,2022-04-04T09:04:34.000000,1,395,237,suggested
HALO-AC3_RF13_090434,HALO-AC3,RF13,2022-04-04T09:04:34.000000,1,400,248,suggested
HALO-AC3_RF13_090434,HALO-AC3,RF13,2022-04-04T09:04:34.000000,1,394,260,suggested
HALO-AC3_RF13_090434,HALO-AC3,RF13,2022-04-04T09:04:34.000000,1,392,271,suggested
HALO-AC3_RF13_090434,HALO-AC3,RF13,2022-04-04T09:04:34.000000,1,396,283,suggested
HALO-AC3_RF13_090434,HALO-AC3,RF13,2022-04-04T09:04:34.000000,1,400,295,suggested
HALO-AC3_RF13_090434,HALO-AC3,RF13,2022-04-04T09:04:34.000000,1,406,307,suggested
HALO-AC3_RF13_090434,HALO-AC3,RF13,2022-04-04T09:04:34.000000,1,414,317,suggested
HALO-AC3_RF13_090434,HALO-AC3,RF13,2022-04-04T09:04:34.000000,1,419,328,suggested
HALO-AC3_RF13_090434,HALO-AC3,RF13,2022-04-04T09:04:34.000000,1,416,339,suggested
HALO-AC3_RF13_090434,HALO-AC3,RF13,2022-04-04T09:04:34.000000,1,412,350,suggested
HALO-AC3_RF13_090434,HALO-AC3,RF13,2022-04-04T09:04:34.000000,1,414,360,suggested
HALO-AC3_RF13_090434,HALO-AC3,RF13,2022-04-04T09:04:34.000000,1,421,371,suggested
HALO-AC3_RF13_090434,HALO-AC3,RF13,2022-04-04T09:04:34.000000,1,428,381,suggested
HALO-AC3_RF13_090434,HALO-AC3,RF13,2022-04-04T09:04:34.000000,1,435,391,suggested
HALO-AC3_RF13_090434,HALO-AC3,RF13,2022-04-04T09:04:34.000000,1,443,401,suggested
HALO-AC3_RF13_090434,HALO-AC3,RF13,2022-04-04T09:04:34.000000,1,451,411,suggested
HALO-AC3_RF13_090434,HALO-AC3,RF13,2022-04-04T09:04:34.000000,1,457,421,suggested
HALO-AC3_RF13_090434,HALO-AC3,RF13,2022-04-04T09:04:34.000000,1,464,432,suggested
HALO-AC3_RF13_090434,HALO-AC3,RF13,2022-04-04T09:04:34.000000,1,459,445,suggested
HALO-AC3_RF13_090434,HALO-AC3,RF13,2022-04-04T09:04:34.000000,1,456,456,suggested
HALO-AC3_RF13_090442,HALO-AC3,RF13,2022-04-04T09:04:42.000000,1,386,41,suggested
HALO-AC3_RF13_090442,HALO-AC3,RF13,2022-04-04T09:04:42.000000,1,392,53,suggested
HALO-AC3_RF13_090442,HALO-AC3,RF13,2022-04-04T09:04:42.000000,1,395,64,suggested
HALO-AC3_RF13_090442,HALO-AC3,RF13,2022-04-04T09:04:42.000000,1,400,76,suggested
HALO-AC3_RF13_090442,HALO-AC3,RF13,2022-04-04T09:04:42.000000,1,404,86,suggested
HALO-AC3_RF13_090442,HALO-AC3,RF13,2022-04-04T09:04:42.000000,1,399,96,suggested
HALO-AC3_RF13_090442,HALO-AC3,RF13,2022-04-04T09:04:42.000000,1,397,109,suggested
HALO-AC3_RF13_090442,HALO-AC3,RF13,2022-04-04T09:04:42.000000,1,401,121,suggested
HALO-AC3_RF13_090442,HALO-AC3,RF13,2022-04-04T09:04:42.000000,1,405,133,suggested
HALO-AC3_RF13_090442,HALO-AC3,RF13,2022-04-04T09:04:42.000000,1,411,144,suggested
HALO-AC3_RF13_090442,HALO-AC3,RF13,2022-04-04T09:04:42.000000,1,419,155,suggested
HALO-AC3_RF13_090442,HALO-AC3,RF13,2022-04-04T09:04:42.000000,1,423,165,suggested
HALO-AC3_RF13_090442,HALO-AC3,RF13,2022-04-04T09:04:42.000000,1,422,176,suggested
HALO-AC3_RF13_090442,HALO-AC3,RF13,2022-04-04T09:04:42.000000,1,417,185,suggested
HALO-AC3_RF13_090442,HALO-AC3,RF13,2022-04-04T09:04:42.000000,1,419,198,suggested
HALO-AC3_RF13_090442,HALO-AC3,RF13,2022-04-04T09:04:42.000000,1,427,209,suggested
HALO-AC3_RF13_090442,HALO-AC3,RF13,2022-04-04T09:04:42.000000,1,434,219,suggested
HALO-AC3_RF13_090442,HALO-AC3,RF13,2022-04-04T09:04:42.000000,1,442,229,suggested
HALO-AC3_RF13_090442,HALO-AC3,RF13,2022-04-04T09:04:42.000000,1,450,239,suggested
HALO-AC3_RF13_090442,HALO-AC3,RF13,2022-04-04T09:04:42.000000,1,458,250,suggested
HALO-AC3_RF13_090442,HALO-AC3,RF13,2022-04-04T09:04:42.000000,1,465,261,suggested
HALO-AC3_RF13_090442,HALO-AC3,RF13,2022-04-04T09:04:42.000000,1,470,273,suggested
HALO-AC3_RF13_090442,HALO-AC3,RF13,2022-04-04T09:04:42.000000,1,465,284,suggested
HALO-AC3_RF13_090442,HALO-AC3,RF13,2022-04-04T09:04:42.000000,1,462,297,suggested
HALO-AC3_RF13_090442,HALO-AC3,RF13,2022-04-04T09:04:42.000000,1,460,309,suggested
HALO-AC3_RF13_090442,HALO-AC3,RF13,2022-04-04T09:04:42.000000,1,457,322,suggested
HALO-AC3_RF13_090442,HALO-AC3,RF13,2022-04-04T09:04:42.000000,1,456,335,suggested
HALO-AC3_RF13_090442,HALO-AC3,RF13,2022-04-04T09:04:42.000000,1,460,346,suggested
HALO-AC3_RF13_090442,HALO-AC3,RF13,2022-04-04T09:04:42.000000,1,454,357,suggested
HALO-AC3_RF13_090442,HALO-AC3,RF13,2022-04-04T09:04:42.000000,1,451,370,suggested
HALO-AC3_RF13_090442,HALO-AC3,RF13,2022-04-04T09:04:42.000000,1,453,381,suggested
HALO-AC3_RF13_090442,HALO-AC3,RF13,2022-04-04T09:04:42.000000,1,457,392,suggested
HALO-AC3_RF13_090442,HALO-AC3,RF13,2022-04-04T09:04:42.000000,1,456,405,suggested
HALO-AC3_RF13_090442,HALO-AC3,RF13,2022-04-04T09:04:42.000000,1,458,416,suggested
HALO-AC3_RF13_090442,HALO-AC3,RF13,2022-04-04T09:04:42.000000,1,460,429,suggested
HALO-AC3_RF13_090442,HALO-AC3,RF13,2022-04-04T09:04:42.000000,1,460,441,suggested
HALO-AC3_RF13_090442,HALO-AC3,RF13,2022-04-04T09:04:42.000000,1,461,454,suggested
HALO-AC3_RF13_090442,HALO-AC3,RF13,2022-04-04T09:04:42.000000,1,461,466,suggested
HALO-AC3_RF13_090649,HALO-AC3,RF13,2022-04-04T09:06:49.000000,1,527,43,suggested
HALO-AC3_RF13_090649,HALO-AC3,RF13,2022-04-04T09:06:49.000000,1,532,53,suggested
HALO-AC3_RF13_090649,HALO-AC3,RF13,2022-04-04T09:06:49.000000,1,537,64,suggested
HALO-AC3_RF13_090649,HALO-AC3,RF13,2022-04-04T09:06:49.000000,1,538,76,suggested
HALO-AC3_RF13_090649,HALO-AC3,RF13,2022-04-04T09:06:49.000000,1,540,88,suggested
HALO-AC3_RF13_090649,HALO-AC3,RF13,2022-04-04T09:06:49.000000,1,544,100,suggested
HALO-AC3_RF13_090649,HALO-AC3,RF13,2022-04-04T09:06:49.000000,1,546,113,suggested
HALO-AC3_RF13_090649,HALO-AC3,RF13,2022-04-04T09:06:49.000000,1,548,125,suggested
HALO-AC3_RF13_090649,HALO-AC3,RF13,2022-04-04T09:06:49.000000,1,554,136,suggested
HALO-AC3_RF13_090649,HALO-AC3,RF13,2022-04-04T09:06:49.000000,1,557,148,suggested
HALO-AC3_RF13_090649,HALO-AC3,RF13,2022-04-04T09:06:49.000000,1,563,158,suggested
HALO-AC3_RF13_090649,HALO-AC3,RF13,2022-04-04T09:06:49.000000,1,564,170,suggested
HALO-AC3_RF13_090649,HALO-AC3,RF13,2022-04-04T09:06:49.000000,1,565,182,suggested
HALO-AC3_RF13_090649,HALO-AC3,RF13,2022-04-04T09:06:49.000000,1,571,195,suggested
HALO-AC3_RF13_090649,HALO-AC3,RF13,2022-04-04T09:06:49.000000,1,570,208,suggested
HALO-AC3_RF13_090649,HALO-AC3,RF13,2022-04-04T09:06:49.000000,1,575,219,suggested
HALO-AC3_RF13_090649,HALO-AC3,RF13,2022-04-04T09:06:49.000000,1,574,228,suggested
HALO-AC3_RF13_090649,HALO-AC3,RF13,2022-04-04T09:06:49.000000,1,579,240,suggested
HALO-AC3_RF13_090649,HALO-AC3,RF13,2022-04-04T09:06:49.000000,1,579,252,suggested
HALO-AC3_RF13_090649,HALO-AC3,RF13,2022-04-04T09:06:49.000000,1,581,264,suggested
HALO-AC3_RF13_090649,HALO-AC3,RF13,2022-04-04T09:06:49.000000,1,585,276,suggested
HALO-AC3_RF13_090649,HALO-AC3,RF13,2022-04-04T09:06:49.000000,1,584,288,suggested
HALO-AC3_RF13_090649,HALO-AC3,RF13,2022-04-04T09:06:49.000000,1,586,299,suggested
HALO-AC3_RF13_090649,HALO-AC3,RF13,2022-04-04T09:06:49.000000,1,590,311,suggested
HALO-AC3_RF13_090649,HALO-AC3,RF13,2022-04-04T09:06:49.000000,1,587,372,suggested
HALO-AC3_RF13_090649,HALO-AC3,RF13,2022-04-04T09:06:49.000000,1,581,368,suggested
HALO-AC3_RF13_090649,HALO-AC3,RF13,2022-04-04T09:06:49.000000,1,567,365,suggested
HALO-AC3_RF13_090649,HALO-AC3,RF13,2022-04-04T09:06:49.000000,1,558,375,suggested
HALO-AC3_RF13_090649,HALO-AC3,RF13,2022-04-04T09:06:49.000000,1,544,377,suggested
HALO-AC3_RF13_090649,HALO-AC3,RF13,2022-04-04T09:06:49.000000,1,548,376,suggested
HALO-AC3_RF13_090649,HALO-AC3,RF13,2022-04-04T09:06:49.000000,1,533,369,suggested
HALO-AC3_RF13_090649,HALO-AC3,RF13,2022-04-04T09:06:49.000000,1,519,370,suggested
HALO-AC3_RF13_090649,HALO-AC3,RF13,2022-04-04T09:06:49.000000,1,515,374,suggested
HALO-AC3_RF13_090649,HALO-AC3,RF13,2022-04-04T09:06:49.000000,1,510,373,suggested
HALO-AC3_RF13_090649,HALO-AC3,RF13,2022-04-04T09:06:49.000000,1,504,363,suggested
HALO-AC3_RF13_090649,HALO-AC3,RF13,2022-04-04T09:06:49.000000,1,495,360,suggested
HALO-AC3_RF13_090649,HALO-AC3,RF13,2022-04-04T09:06:49.000000,1,481,358,suggested
HALO-AC3_RF13_090649,HALO-AC3,RF13,2022-04-04T09:06:49.000000,1,486,357,suggested
HALO-AC3_RF13_090649,HALO-AC3,RF13,2022-04-04T09:06:49.000000,1,462,353,suggested
HALO-AC3_RF13_090649,HALO-AC3,RF13,2022-04-04T09:06:49.000000,1,454,351,suggested
HALO-AC3_RF13_090649,HALO-AC3,RF13,2022-04-04T09:06:49.000000,1,449,341,suggested
HALO-AC3_RF13_090649,HALO-AC3,RF13,2022-04-04T09:06:49.000000,1,442,333,suggested
HALO-AC3_RF13_090649,HALO-AC3,RF13,2022-04-04T09:06:49.000000,1,441,322,suggested
HALO-AC3_RF13_090649,HALO-AC3,RF13,2022-04-04T09:06:49.000000,1,434,311,suggested
HALO-AC3_RF13_090649,HALO-AC3,RF13,2022-04-04T09:06:49.000000,1,425,305,suggested
HALO-AC3_RF13_090649,HALO-AC3,RF13,2022-04-04T09:06:49.000000,1,413,296,suggested
HALO-AC3_RF13_090649,HALO-AC3,RF13,2022-04-04T09:06:49.000000,1,401,290,suggested
HALO-AC3_RF13_090649,HALO-AC3,RF13,2022-04-04T09:06:49.000000,1,396,282,suggested
HALO-AC3_RF13_090649,HALO-AC3,RF13,2022-04-04T09:06:49.000000,1,392,270,suggested
HALO-AC3_RF13_090649,HALO-AC3,RF13,2022-04-04T09:06:49.000000,1,382,261,suggested
HALO-AC3_RF13_090649,HALO-AC3,RF13,2022-04-04T09:06:49.000000,1,373,253,suggested
HALO-AC3_RF13_090649,HALO-AC3,RF13,2022-04-04T09:06:49.000000,1,361,246,suggested
HALO-AC3_RF13_090649,HALO-AC3,RF13,2022-04-04T09:06:49.000000,1,353,236,suggested
HALO-AC3_RF13_090649,HALO-AC3,RF13,2022-04-04T09:06:49.000000,1,341,233,suggested
HALO-AC3_RF13_090649,HALO-AC3,RF13,2022-04-04T09:06:49.000000,1,328,231,suggested
HALO-AC3_RF13_090649,HALO-AC3,RF13,2022-04-04T09:06:49.000000,1,315,230,suggested
HALO-AC3_RF13_090649,HALO-AC3,RF13,2022-04-04T09:06:49.000000,1,302,230,suggested
HALO-AC3_RF13_090649,HALO-AC3,RF13,2022-04-04T09:06:49.000000,1,289,229,suggested
HALO-AC3_RF13_090649,HALO-AC3,RF13,2022-04-04T09:06:49.000000,1,276,229,suggested
HALO-AC3_RF13_090649,HALO-AC3,RF13,2022-04-04T09:06:49.000000,1,263,231,suggested
HALO-AC3_RF13_090649,HALO-AC3,RF13,2022-04-04T09:06:49.000000,1,251,229,suggested
HALO-AC3_RF13_090649,HALO-AC3,RF13,2022-04-04T09:06:49.000000,1,243,219,suggested
HALO-AC3_RF13_090649,HALO-AC3,RF13,2022-04-04T09:06:49.000000,1,238,207,suggested
HALO-AC3_RF13_090649,HALO-AC3,RF13,2022-04-04T09:06:49.000000,1,230,199,suggested
HALO-AC3_RF13_090649,HALO-AC3,RF13,2022-04-04T09:06:49.000000,1,220,194,suggested
HALO-AC3_RF13_090649,HALO-AC3,RF13,2022-04-04T09:06:49.000000,1,209,189,suggested
HALO-AC3_RF13_090649,HALO-AC3,RF13,2022-04-04T09:06:49.000000,1,196,187,suggested
HALO-AC3_RF13_090649,HALO-AC3,RF13,2022-04-04T09:06:49.000000,1,183,186,suggested
HALO-AC3_RF13_090649,HALO-AC3,RF13,2022-04-04T09:06:49.000000,1,171,185,suggested
HALO-AC3_RF13_090649,HALO-AC3,RF13,2022-04-04T09:06:49.000000,1,158,185,suggested
HALO-AC3_RF13_090649,HALO-AC3,RF13,2022-04-04T09:06:49.000000,1,148,178,suggested
HALO-AC3_RF13_090649,HALO-AC3,RF13,2022-04-04T09:06:49.000000,1,143,167,suggested
HALO-AC3_RF13_090649,HALO-AC3,RF13,2022-04-04T09:06:49.000000,1,132,160,suggested
HALO-AC3_RF13_090649,HALO-AC3,RF13,2022-04-04T09:06:49.000000,1,121,155,suggested
HALO-AC3_RF13_090649,HALO-AC3,RF13,2022-04-04T09:06:49.000000,1,111,148,suggested
HALO-AC3_RF13_090649,HALO-AC3,RF13,2022-04-04T09:06:49.000000,1,101,142,suggested
HALO-AC3_RF13_090649,HALO-AC3,RF13,2022-04-04T09:06:49.000000,1,99,133,suggested
HALO-AC3_RF13_090649,HALO-AC3,RF13,2022-04-04T09:06:49.000000,1,97,121,suggested
HALO-AC3_RF13_090649,HALO-AC3,RF13,2022-04-04T09:06:49.000000,1,87,113,suggested
HALO-AC3_RF13_090649,HALO-AC3,RF13,2022-04-04T09:06:49.000000,1,78,106,suggested
HALO-AC3_RF13_090649,HALO-AC3,RF13,2022-04-04T09:06:49.000000,1,68,101,suggested
HALO-AC3_RF13_090649,HALO-AC3,RF13,2022-04-04T09:06:49.000000,1,58,92,suggested
HALO-AC3_RF13_090649,HALO-AC3,RF13,2022-04-04T09:06:49.000000,1,50,86,suggested
HALO-AC3_RF13_090649,HALO-AC3,RF13,2022-04-04T09:06:49.000000,1,42,79,suggested
HALO-AC3_RF13_154555,HALO-AC3,RF13,2022-04-04T15:45:55.000000,1,297,458,suggested
HALO-AC3_RF13_154555,HALO-AC3,RF13,2022-04-04T15:45:55.000000,1,281,458,suggested
HALO-AC3_RF13_154555,HALO-AC3,RF13,2022-04-04T15:45:55.000000,1,261,465,suggested
HALO-AC3_RF13_154555,HALO-AC3,RF13,2022-04-04T15:45:55.000000,1,261,433,suggested
HALO-AC3_RF13_154555,HALO-AC3,RF13,2022-04-04T15:45:55.000000,1,264,424,suggested
HALO-AC3_RF13_154555,HALO-AC3,RF13,2022-04-04T15:45:55.000000,1,291,433,suggested
HALO-AC3_RF13_154555,HALO-AC3,RF13,2022-04-04T15:45:55.000000,1,282,419,suggested
HALO-AC3_RF13_154555,HALO-AC3,RF13,2022-04-04T15:45:55.000000,1,313,409,suggested
HALO-AC3_RF13_154555,HALO-AC3,RF13,2022-04-04T15:45:55.000000,1,305,417,suggested
HALO-AC3_RF13_154555,HALO-AC3,RF13,2022-04-04T15:45:55.000000,1,311,405,suggested
HALO-AC3_RF13_154555,HALO-AC3,RF13,2022-04-04T15:45:55.000000,1,299,414,suggested
HALO-AC3_RF13_154555,HALO-AC3,RF13,2022-04-04T15:45:55.000000,1,310,384,suggested
HALO-AC3_RF13_154555,HALO-AC3,RF13,2022-04-04T15:45:55.000000,1,323,369,suggested
HALO-AC3_RF13_154555,HALO-AC3,RF13,2022-04-04T15:45:55.000000,1,322,365,suggested
HALO-AC3_RF13_154555,HALO-AC3,RF13,2022-04-04T15:45:55.000000,1,309,359,suggested
HALO-AC3_RF13_154555,HALO-AC3,RF13,2022-04-04T15:45:55.000000,1,294,342,suggested
HALO-AC3_RF13_154555,HALO-AC3,RF13,2022-04-04T15:45:55.000000,1,296,337,suggested
HALO-AC3_RF13_154555,HALO-AC3,RF13,2022-04-04T15:45:55.000000,1,296,331,suggested
HALO-AC3_RF13_154555,HALO-AC3,RF13,2022-04-04T15:45:55.000000,1,290,314,suggested
HALO-AC3_RF13_154555,HALO-AC3,RF13,2022-04-04T15:45:55.000000,1,292,318,suggested
HALO-AC3_RF13_154555,HALO-AC3,RF13,2022-04-04T15:45:55.000000,1,284,304,suggested
HALO-AC3_RF13_154555,HALO-AC3,RF13,2022-04-04T15:45:55.000000,1,273,295,suggested
HALO-AC3_RF13_154555,HALO-AC3,RF13,2022-04-04T15:45:55.000000,1,264,284,suggested
HALO-AC3_RF13_154555,HALO-AC3,RF13,2022-04-04T15:45:55.000000,1,254,276,suggested
HALO-AC3_RF13_154555,HALO-AC3,RF13,2022-04-04T15:45:55.000000,1,239,274,suggested
HALO-AC3_RF13_154555,HALO-AC3,RF13,2022-04-04T15:45:55.000000,1,216,253,suggested
HALO-AC3_RF13_154555,HALO-AC3,RF13,2022-04-04T15:45:55.000000,1,213,263,suggested
HALO-AC3_RF13_154555,HALO-AC3,RF13,2022-04-04T15:45:55.000000,1,204,251,suggested
HALO-AC3_RF13_154555,HALO-AC3,RF13,2022-04-04T15:45:55.000000,1,193,247,suggested
HALO-AC3_RF13_154555,HALO-AC3,RF13,2022-04-04T15:45:55.000000,1,182,235,suggested
HALO-AC3_RF13_154555,HALO-AC3,RF13,2022-04-04T15:45:55.000000,1,176,223,suggested
HALO-AC3_RF13_154555,HALO-AC3,RF13,2022-04-04T15:45:55.000000,1,171,225,suggested
HALO-AC3_RF13_154555,HALO-AC3,RF13,2022-04-04T15:45:55.000000,1,167,225,suggested
HALO-AC3_RF13_154555,HALO-AC3,RF13,2022-04-04T15:45:55.000000,1,150,224,suggested
HALO-AC3_RF13_154555,HALO-AC3,RF13,2022-04-04T15:45:55.000000,1,135,220,suggested
HALO-AC3_RF13_154555,HALO-AC3,RF13,2022-04-04T15:45:55.000000,1,127,220,suggested
HALO-AC3_RF13_154555,HALO-AC3,RF13,2022-04-04T15:45:55.000000,1,116,226,suggested
HALO-AC3_RF13_154555,HALO-AC3,RF13,2022-04-04T15:45:55.000000,1,107,233,suggested
HALO-AC3_RF13_154555,HALO-AC3,RF13,2022-04-04T15:45:55.000000,1,87,232,suggested
HALO-AC3_RF13_154555,HALO-AC3,RF13,2022-04-04T15:45:55.000000,1,74,230,suggested
HALO-AC3_RF13_154555,HALO-AC3,RF13,2022-04-04T15:45:55.000000,1,64,230,suggested
HALO-AC3_RF13_154555,HALO-AC3,RF13,2022-04-04T15:45:55.000000,1,50,230,suggested
HALO-AC3_RF13_154555,HALO-AC3,RF13,2022-04-04T15:45:55.000000,1,51,230,suggested
HALO-AC3_RF13_154555,HALO-AC3,RF13,2022-04-04T15:45:55.000000,1,291,418,suggested
HALO-AC3_RF13_154615,HALO-AC3,RF13,2022-04-04T15:46:15.000000,1,205,399,suggested
HALO-AC3_RF13_154615,HALO-AC3,RF13,2022-04-04T15:46:15.000000,1,174,390,suggested
HALO-AC3_RF13_154615,HALO-AC3,RF13,2022-04-04T15:46:15.000000,1,181,375,suggested
HALO-AC3_RF13_154615,HALO-AC3,RF13,2022-04-04T15:46:15.000000,1,200,377,suggested
HALO-AC3_RF13_154615,HALO-AC3,RF13,2022-04-04T15:46:15.000000,1,208,386,suggested
HALO-AC3_RF13_154615,HALO-AC3,RF13,2022-04-04T15:46:15.000000,1,53,244,suggested
HALO-AC3_RF13_154615,HALO-AC3,RF13,2022-04-04T15:46:15.000000,1,59,255,suggested
HALO-AC3_RF13_154615,HALO-AC3,RF13,2022-04-04T15:46:15.000000,1,72,263,suggested
HALO-AC3_RF13_154615,HALO-AC3,RF13,2022-04-04T15:46:15.000000,1,88,298,suggested
HALO-AC3_RF13_154615,HALO-AC3,RF13,2022-04-04T15:46:15.000000,1,83,309,suggested
HALO-AC3_RF13_154615,HALO-AC3,RF13,2022-04-04T15:46:15.000000,1,75,313,suggested
HALO-AC3_RF13_154615,HALO-AC3,RF13,2022-04-04T15:46:15.000000,1,86,308,suggested
HALO-AC3_RF13_154615,HALO-AC3,RF13,2022-04-04T15:46:15.000000,1,84,326,suggested
HALO-AC3_RF13_154615,HALO-AC3,RF13,2022-04-04T15:46:15.000000,1,96,332,suggested
HALO-AC3_RF13_154615,HALO-AC3,RF13,2022-04-04T15:46:15.000000,1,114,337,suggested
HALO-AC3_RF13_154615,HALO-AC3,RF13,2022-04-04T15:46:15.000000,1,114,350,suggested
HALO-AC3_RF13_154615,HALO-AC3,RF13,2022-04-04T15:46:15.000000,1,117,339,suggested
HALO-AC3_RF13_154615,HALO-AC3,RF13,2022-04-04T15:46:15.000000,1,118,368,suggested
HALO-AC3_RF13_154615,HALO-AC3,RF13,2022-04-04T15:46:15.000000,1,127,374,suggested
HALO-AC3_RF13_154615,HALO-AC3,RF13,2022-04-04T15:46:15.000000,1,137,383,suggested
HALO-AC3_RF13_154615,HALO-AC3,RF13,2022-04-04T15:46:15.000000,1,151,398,suggested
HALO-AC3_RF13_154615,HALO-AC3,RF13,2022-04-04T15:46:15.000000,1,151,397,suggested
HALO-AC3_RF13_154615,HALO-AC3,RF13,2022-04-04T15:46:15.000000,1,158,409,suggested
HALO-AC3_RF13_154615,HALO-AC3,RF13,2022-04-04T15:46:15.000000,1,164,415,suggested
HALO-AC3_RF13_154615,HALO-AC3,RF13,2022-04-04T15:46:15.000000,1,178,423,suggested
HALO-AC3_RF13_154615,HALO-AC3,RF13,2022-04-04T15:46:15.000000,1,194,432,suggested
HALO-AC3_RF13_154615,HALO-AC3,RF13,2022-04-04T15:46:15.000000,1,206,438,suggested
HALO-AC3_RF13_154615,HALO-AC3,RF13,2022-04-04T15:46:15.000000,1,220,446,suggested
HALO-AC3_RF13_154615,HALO-AC3,RF13,2022-04-04T15:46:15.000000,1,269,438,suggested
HALO-AC3_RF13_154615,HALO-AC3,RF13,2022-04-04T15:46:15.000000,1,265,430,suggested
HALO-AC3_RF13_154615,HALO-AC3,RF13,2022-04-04T15:46:15.000000,1,265,415,suggested
HALO-AC3_RF13_154615,HALO-AC3,RF13,2022-04-04T15:46:15.000000,1,286,398,suggested
HALO-AC3_RF13_154615,HALO-AC3,RF13,2022-04-04T15:46:15.000000,1,299,393,suggested
HALO-AC3_RF13_154615,HALO-AC3,RF13,2022-04-04T15:46:15.000000,1,316,375,suggested
HALO-AC3_RF13_154615,HALO-AC3,RF13,2022-04-04T15:46:15.000000,1,326,352,suggested
HALO-AC3_RF13_154615,HALO-AC3,RF13,2022-04-04T15:46:15.000000,1,310,338,suggested
HALO-AC3_RF13_154615,HALO-AC3,RF13,2022-04-04T15:46:15.000000,1,293,337,suggested
HALO-AC3_RF13_154615,HALO-AC3,RF13,2022-04-04T15:46:15.000000,1,288,336,suggested
HALO-AC3_RF13_154615,HALO-AC3,RF13,2022-04-04T15:46:15.000000,1,285,317,suggested
HALO-AC3_RF13_154615,HALO-AC3,RF13,2022-04-04T15:46:15.000000,1,290,293,suggested
HALO-AC3_RF13_154615,HALO-AC3,RF13,2022-04-04T15:46:15.000000,1,278,291,suggested
HALO-AC3_RF13_154615,HALO-AC3,RF13,2022-04-04T15:46:15.000000,1,274,279,suggested
HALO-AC3_RF13_154615,HALO-AC3,RF13,2022-04-04T15:46:15.000000,1,260,282,suggested
HALO-AC3_RF13_154615,HALO-AC3,RF13,2022-04-04T15:46:15.000000,1,243,285,suggested
HALO-AC3_RF13_154615,HALO-AC3,RF13,2022-04-04T15:46:15.000000,1,230,286,suggested
HALO-AC3_RF13_154615,HALO-AC3,RF13,2022-04-04T15:46:15.000000,1,212,304,suggested
HALO-AC3_RF13_154615,HALO-AC3,RF13,2022-04-04T15:46:15.000000,1,204,297,suggested
HALO-AC3_RF13_154615,HALO-AC3,RF13,2022-04-04T15:46:15.000000,1,188,286,suggested
HALO-AC3_RF13_154615,HALO-AC3,RF13,2022-04-04T15:46:15.000000,1,184,284,suggested
HALO-AC3_RF13_154615,HALO-AC3,RF13,2022-04-04T15:46:15.000000,1,167,289,suggested
HALO-AC3_RF13_154615,HALO-AC3,RF13,2022-04-04T15:46:15.000000,1,160,294,suggested
HALO-AC3_RF13_154615,HALO-AC3,RF13,2022-04-04T15:46:15.000000,1,142,289,suggested
HALO-AC3_RF13_154615,HALO-AC3,RF13,2022-04-04T15:46:15.000000,1,128,284,suggested
HALO-AC3_RF13_154615,HALO-AC3,RF13,2022-04-04T15:46:15.000000,1,114,283,suggested
HALO-AC3_RF13_154615,HALO-AC3,RF13,2022-04-04T15:46:15.000000,1,90,267,suggested
HALO-AC3_RF13_154615,HALO-AC3,RF13,2022-04-04T15:46:15.000000,1,101,259,suggested
HALO-AC3_RF13_154615,HALO-AC3,RF13,2022-04-04T15:46:15.000000,1,107,259,suggested
HALO-AC3_RF13_154615,HALO-AC3,RF13,2022-04-04T15:46:15.000000,1,118,247,suggested
HALO-AC3_RF13_154615,HALO-AC3,RF13,2022-04-04T15:46:15.000000,1,104,221,suggested
HALO-AC3_RF13_154615,HALO-AC3,RF13,2022-04-04T15:46:15.000000,1,132,212,suggested
HALO-AC3_RF13_154615,HALO-AC3,RF13,2022-04-04T15:46:15.000000,1,146,211,suggested
HALO-AC3_RF13_154615,HALO-AC3,RF13,2022-04-04T15:46:15.000000,1,127,190,suggested
HALO-AC3_RF13_154615,HALO-AC3,RF13,2022-04-04T15:46:15.000000,1,125,173,suggested
HALO-AC3_RF13_154615,HALO-AC3,RF13,2022-04-04T15:46:15.000000,1,136,160,suggested
HALO-AC3_RF13_154615,HALO-AC3,RF13,2022-04-04T15:46:15.000000,1,151,168,suggested
HALO-AC3_RF13_154615,HALO-AC3,RF13,2022-04-04T15:46:15.000000,1,166,174,suggested
HALO-AC3_RF13_154615,HALO-AC3,RF13,2022-04-04T15:46:15.000000,1,176,184,suggested
HALO-AC3_RF13_154615,HALO-AC3,RF13,2022-04-04T15:46:15.000000,1,183,199,suggested
HALO-AC3_RF13_154615,HALO-AC3,RF13,2022-04-04T15:46:15.000000,1,193,201,suggested
HALO-AC3_RF13_154615,HALO-AC3,RF13,2022-04-04T15:46:15.000000,1,196,208,suggested
HALO-AC3_RF13_154615,HALO-AC3,RF13,2022-04-04T15:46:15.000000,1,200,211,suggested
HALO-AC3_RF13_154615,HALO-AC3,RF13,2022-04-04T15:46:15.000000,1,208,192,suggested
HALO-AC3_RF13_154615,HALO-AC3,RF13,2022-04-04T15:46:15.000000,1,227,186,suggested
HALO-AC3_RF13_154615,HALO-AC3,RF13,2022-04-04T15:46:15.000000,1,232,172,suggested
HALO-AC3_RF13_154615,HALO-AC3,RF13,2022-04-04T15:46:15.000000,1,249,181,suggested
HALO-AC3_RF13_154615,HALO-AC3,RF13,2022-04-04T15:46:15.000000,1,253,199,suggested
HALO-AC3_RF13_154615,HALO-AC3,RF13,2022-04-04T15:46:15.000000,1,255,210,suggested
HALO-AC3_RF13_154615,HALO-AC3,RF13,2022-04-04T15:46:15.000000,1,268,214,suggested
HALO-AC3_RF13_154615,HALO-AC3,RF13,2022-04-04T15:46:15.000000,1,273,228,suggested
HALO-AC3_RF13_154615,HALO-AC3,RF13,2022-04-04T15:46:15.000000,1,275,246,suggested
HALO-AC3_RF13_154615,HALO-AC3,RF13,2022-04-04T15:46:15.000000,1,313,245,suggested
HALO-AC3_RF13_154615,HALO-AC3,RF13,2022-04-04T15:46:15.000000,1,324,245,suggested
HALO-AC3_RF13_154615,HALO-AC3,RF13,2022-04-04T15:46:15.000000,1,332,281,suggested
HALO-AC3_RF13_154615,HALO-AC3,RF13,2022-04-04T15:46:15.000000,1,346,271,suggested
HALO-AC3_RF13_154615,HALO-AC3,RF13,2022-04-04T15:46:15.000000,1,340,272,suggested
HALO-AC3_RF13_154615,HALO-AC3,RF13,2022-04-04T15:46:15.000000,1,364,272,suggested
HALO-AC3_RF13_154615,HALO-AC3,RF13,2022-04-04T15:46:15.000000,1,386,268,suggested
HALO-AC3_RF13_154615,HALO-AC3,RF13,2022-04-04T15:46:15.000000,1,395,270,suggested
HALO-AC3_RF13_154615,HALO-AC3,RF13,2022-04-04T15:46:15.000000,1,410,269,suggested
HALO-AC3_RF13_154615,HALO-AC3,RF13,2022-04-04T15:46:15.000000,1,399,268,suggested
HALO-AC3_RF13_154615,HALO-AC3,RF13,2022-04-04T15:46:15.000000,1,422,272,suggested
HALO-AC3_RF13_154615,HALO-AC3,RF13,2022-04-04T15:46:15.000000,1,437,266,suggested
HALO-AC3_RF13_154615,HALO-AC3,RF13,2022-04-04T15:46:15.000000,1,446,268,suggested
HALO-AC3_RF13_154615,HALO-AC3,RF13,2022-04-04T15:46:15.000000,1,456,271,suggested
HALO-AC3_RF13_154615,HALO-AC3,RF13,2022-04-04T15:46:15.000000,1,474,279,suggested
HALO-AC3_RF13_154615,HALO-AC3,RF13,2022-04-04T15:46:15.000000,1,478,286,suggested
HALO-AC3_RF13_154615,HALO-AC3,RF13,2022-04-04T15:46:15.000000,1,469,302,suggested
HALO-AC3_RF13_154615,HALO-AC3,RF13,2022-04-04T15:46:15.000000,1,486,318,suggested
HALO-AC3_RF13_154615,HALO-AC3,RF13,2022-04-04T15:46:15.000000,1,502,321,suggested
HALO-AC3_RF13_154615,HALO-AC3,RF13,2022-04-04T15:46:15.000000,1,517,337,suggested
HALO-AC3_RF13_154615,HALO-AC3,RF13,2022-04-04T15:46:15.000000,1,523,360,suggested
HALO-AC3_RF13_154615,HALO-AC3,RF13,2022-04-04T15:46:15.000000,1,524,347,suggested
HALO-AC3_RF13_154615,HALO-AC3,RF13,2022-04-04T15:46:15.000000,1,542,355,suggested
HALO-AC3_RF13_154615,HALO-AC3,RF13,2022-04-04T15:46:15.000000,1,525,364,suggested
HALO-AC3_RF13_154615,HALO-AC3,RF13,2022-04-04T15:46:15.000000,1,537,355,suggested
HALO-AC3_RF13_154615,HALO-AC3,RF13,2022-04-04T15:46:15.000000,1,548,353,suggested
HALO-AC3_RF13_154615,HALO-AC3,RF13,2022-04-04T15:46:15.000000,1,560,352,suggested
HALO-AC3_RF13_154615,HALO-AC3,RF13,2022-04-04T15:46:15.000000,1,566,340,suggested
HALO-AC3_RF13_154615,HALO-AC3,RF13,2022-04-04T15:46:15.000000,1,566,336,suggested
HALO-AC3_RF13_154615,HALO-AC3,RF13,2022-04-04T15:46:15.000000,1,578,327,suggested
HALO-AC3_RF13_154615,HALO-AC3,RF13,2022-04-04T15:46:15.000000,1,585,199,suggested
HALO-AC3_RF13_154615,HALO-AC3,RF13,2022-04-04T15:46:15.000000,1,572,193,suggested
HALO-AC3_RF13_154615,HALO-AC3,RF13,2022-04-04T15:46:15.000000,1,560,186,suggested
HALO-AC3_RF13_154615,HALO-AC3,RF13,2022-04-04T15:46:15.000000,1,547,179,suggested
HALO-AC3_RF13_154615,HALO-AC3,RF13,2022-04-04T15:46:15.000000,1,533,172,suggested
HALO-AC3_RF13_154615,HALO-AC3,RF13,2022-04-04T15:46:15.000000,1,524,165,suggested
HALO-AC3_RF13_154615,HALO-AC3,RF13,2022-04-04T15:46:15.000000,1,512,154,suggested
HALO-AC3_RF13_154615,HALO-AC3,RF13,2022-04-04T15:46:15.000000,1,505,141,suggested
HALO-AC3_RF13_154615,HALO-AC3,RF13,2022-04-04T15:46:15.000000,1,490,132,suggested
HALO-AC3_RF13_154615,HALO-AC3,RF13,2022-04-04T15:46:15.000000,1,479,127,suggested
HALO-AC3_RF13_154615,HALO-AC3,RF13,2022-04-04T15:46:15.000000,1,471,116,suggested
HALO-AC3_RF13_154615,HALO-AC3,RF13,2022-04-04T15:46:15.000000,1,454,109,suggested
HALO-AC3_RF13_154615,HALO-AC3,RF13,2022-04-04T15:46:15.000000,1,448,106,suggested
HALO-AC3_RF13_154615,HALO-AC3,RF13,2022-04-04T15:46:15.000000,1,440,92,suggested
HALO-AC3_RF13_154615,HALO-AC3,RF13,2022-04-04T15:46:15.000000,1,425,79,suggested
HALO-AC3_RF13_154615,HALO-AC3,RF13,2022-04-04T15:46:15.000000,1,411,74,suggested
HALO-AC3_RF13_154615,HALO-AC3,RF13,2022-04-04T15:46:15.000000,1,396,70,suggested
HALO-AC3_RF13_154615,HALO-AC3,RF13,2022-04-04T15:46:15.000000,1,419,56,suggested
HALO-AC3_RF13_154615,HALO-AC3,RF13,2022-04-04T15:46:15.000000,1,441,51,suggested
HALO-AC3_RF13_154615,HALO-AC3,RF13,2022-04-04T15:46:15.000000,1,365,43,suggested
HALO-AC3_RF13_154615,HALO-AC3,RF13,2022-04-04T15:46:15.000000,1,197,172,suggested
HALO-AC3_RF13_154615,HALO-AC3,RF13,2022-04-04T15:46:15.000000,1,203,185,suggested
HALO-AC3_RF13_154615,HALO-AC3,RF13,2022-04-04T15:46:15.000000,1,134,151,suggested
HALO-AC3_RF13_154644,HALO-AC3,RF13,2022-04-04T15:46:44.000000,1,447,410,suggested
HALO-AC3_RF13_154644,HALO-AC3,RF13,2022-04-04T15:46:44.000000,1,456,394,suggested
HALO-AC3_RF13_154644,HALO-AC3,RF13,2022-04-04T15:46:44.000000,1,464,384,suggested
HALO-AC3_RF13_154644,HALO-AC3,RF13,2022-04-04T15:46:44.000000,1,476,384,suggested
HALO-AC3_RF13_154644,HALO-AC3,RF13,2022-04-04T15:46:44.000000,1,495,370,suggested
HALO-AC3_RF13_154644,HALO-AC3,RF13,2022-04-04T15:46:44.000000,1,506,351,suggested
HALO-AC3_RF13_154644,HALO-AC3,RF13,2022-04-04T15:46:44.000000,1,520,355,suggested
HALO-AC3_RF13_154644,HALO-AC3,RF13,2022-04-04T15:46:44.000000,1,520,367,suggested
HALO-AC3_RF13_154644,HALO-AC3,RF13,2022-04-04T15:46:44.000000,1,515,387,suggested
HALO-AC3_RF13_154644,HALO-AC3,RF13,2022-04-04T15:46:44.000000,1,500,389,suggested
HALO-AC3_RF13_154644,HALO-AC3,RF13,2022-04-04T15:46:44.000000,1,487,390,suggested
HALO-AC3_RF13_154644,HALO-AC3,RF13,2022-04-04T15:46:44.000000,1,471,410,suggested
HALO-AC3_RF13_154644,HALO-AC3,RF13,2022-04-04T15:46:44.000000,1,482,56,suggested
HALO-AC3_RF13_154644,HALO-AC3,RF13,2022-04-04T15:46:44.000000,1,471,67,suggested
HALO-AC3_RF13_154644,HALO-AC3,RF13,2022-04-04T15:46:44.000000,1,472,74,suggested
HALO-AC3_RF13_154644,HALO-AC3,RF13,2022-04-04T15:46:44.000000,1,477,87,suggested
HALO-AC3_RF13_154644,HALO-AC3,RF13,2022-04-04T15:46:44.000000,1,474,89,suggested
HALO-AC3_RF13_154644,HALO-AC3,RF13,2022-04-04T15:46:44.000000,1,580,172,suggested
HALO-AC3_RF13_154644,HALO-AC3,RF13,2022-04-04T15:46:44.000000,1,572,181,suggested
HALO-AC3_RF13_154644,HALO-AC3,RF13,2022-04-04T15:46:44.000000,1,560,187,suggested
HALO-AC3_RF13_154644,HALO-AC3,RF13,2022-04-04T15:46:44.000000,1,557,201,suggested
HALO-AC3_RF13_154644,HALO-AC3,RF13,2022-04-04T15:46:44.000000,1,547,212,suggested
HALO-AC3_RF13_154644,HALO-AC3,RF13,2022-04-04T15:46:44.000000,1,539,224,suggested
HALO-AC3_RF13_154644,HALO-AC3,RF13,2022-04-04T15:46:44.000000,1,533,237,suggested
HALO-AC3_RF13_154644,HALO-AC3,RF13,2022-04-04T15:46:44.000000,1,530,250,suggested
HALO-AC3_RF13_154644,HALO-AC3,RF13,2022-04-04T15:46:44.000000,1,518,258,suggested
HALO-AC3_RF13_154644,HALO-AC3,RF13,2022-04-04T15:46:44.000000,1,506,266,suggested
HALO-AC3_RF13_154644,HALO-AC3,RF13,2022-04-04T15:46:44.000000,1,492,275,suggested
HALO-AC3_RF13_154644,HALO-AC3,RF13,2022-04-04T15:46:44.000000,1,479,291,suggested
HALO-AC3_RF13_154644,HALO-AC3,RF13,2022-04-04T15:46:44.000000,1,464,291,suggested
HALO-AC3_RF13_154644,HALO-AC3,RF13,2022-04-04T15:46:44.000000,1,450,291,suggested
HALO-AC3_RF13_154644,HALO-AC3,RF13,2022-04-04T15:46:44.000000,1,437,300,suggested
HALO-AC3_RF13_154644,HALO-AC3,RF13,2022-04-04T15:46:44.000000,1,426,308,suggested
HALO-AC3_RF13_154644,HALO-AC3,RF13,2022-04-04T15:46:44.000000,1,402,305,suggested
HALO-AC3_RF13_154644,HALO-AC3,RF13,2022-04-04T15:46:44.000000,1,388,299,suggested
HALO-AC3_RF13_154644,HALO-AC3,RF13,2022-04-04T15:46:44.000000,1,374,290,suggested
HALO-AC3_RF13_154644,HALO-AC3,RF13,2022-04-04T15:46:44.000000,1,349,279,suggested
HALO-AC3_RF13_154644,HALO-AC3,RF13,2022-04-04T15:46:44.000000,1,353,273,suggested
HALO-AC3_RF13_154644,HALO-AC3,RF13,2022-04-04T15:46:44.000000,1,362,266,suggested
HALO-AC3_RF13_154644,HALO-AC3,RF13,2022-04-04T15:46:44.000000,1,363,251,suggested
HALO-AC3_RF13_154644,HALO-AC3,RF13,2022-04-04T15:46:44.000000,1,352,236,suggested
HALO-AC3_RF13_154644,HALO-AC3,RF13,2022-04-04T15:46:44.000000,1,347,231,suggested
HALO-AC3_RF13_154644,HALO-AC3,RF13,2022-04-04T15:46:44.000000,1,346,225,suggested
HALO-AC3_RF13_154644,HALO-AC3,RF13,2022-04-04T15:46:44.000000,1,343,212,suggested
HALO-AC3_RF13_154644,HALO-AC3,RF13,2022-04-04T15:46:44.000000,1,338,200,suggested
HALO-AC3_RF13_154644,HALO-AC3,RF13,2022-04-04T15:46:44.000000,1,323,210,suggested
HALO-AC3_RF13_154644,HALO-AC3,RF13,2022-04-04T15:46:44.000000,1,309,209,suggested
HALO-AC3_RF13_154644,HALO-AC3,RF13,2022-04-04T15:46:44.000000,1,292,202,suggested
HALO-AC3_RF13_154644,HALO-AC3,RF13,2022-04-04T15:46:44.000000,1,283,203,suggested
HALO-AC3_RF13_154644,HALO-AC3,RF13,2022-04-04T15:46:44.000000,1,268,201,suggested
HALO-AC3_RF13_154644,HALO-AC3,RF13,2022-04-04T15:46:44.000000,1,261,187,suggested
HALO-AC3_RF13_154644,HALO-AC3,RF13,2022-04-04T15:46:44.000000,1,262,172,suggested
HALO-AC3_RF13_154644,HALO-AC3,RF13,2022-04-04T15:46:44.000000,1,252,162,suggested
HALO-AC3_RF13_154644,HALO-AC3,RF13,2022-04-04T15:46:44.000000,1,239,162,suggested
HALO-AC3_RF13_154644,HALO-AC3,RF13,2022-04-04T15:46:44.000000,1,226,154,suggested
HALO-AC3_RF13_154644,HALO-AC3,RF13,2022-04-04T15:46:44.000000,1,214,152,suggested
HALO-AC3_RF13_154644,HALO-AC3,RF13,2022-04-04T15:46:44.000000,1,182,159,suggested
HALO-AC3_RF13_154644,HALO-AC3,RF13,2022-04-04T15:46:44.000000,1,188,159,suggested
HALO-AC3_RF13_154644,HALO-AC3,RF13,2022-04-04T15:46:44.000000,1,172,151,suggested
HALO-AC3_RF13_154644,HALO-AC3,RF13,2022-04-04T15:46:44.000000,1,161,147,suggested
HALO-AC3_RF13_154644,HALO-AC3,RF13,2022-04-04T15:46:44.000000,1,146,139,suggested
HALO-AC3_RF13_154644,HALO-AC3,RF13,2022-04-04T15:46:44.000000,1,124,134,suggested
HALO-AC3_RF13_154644,HALO-AC3,RF13,2022-04-04T15:46:44.000000,1,123,119,suggested
HALO-AC3_RF13_154644,HALO-AC3,RF13,2022-04-04T15:46:44.000000,1,122,105,suggested
HALO-AC3_RF13_154644,HALO-AC3,RF13,2022-04-04T15:46:44.000000,1,118,85,suggested
HALO-AC3_RF13_154644,HALO-AC3,RF13,2022-04-04T15:46:44.000000,1,114,82,suggested
HALO-AC3_RF13_154644,HALO-AC3,RF13,2022-04-04T15:46:44.000000,1,104,75,suggested
HALO-AC3_RF13_154644,HALO-AC3,RF13,2022-04-04T15:46:44.000000,1,88,83,suggested
HALO-AC3_RF13_154644,HALO-AC3,RF13,2022-04-04T15:46:44.000000,1,78,83,suggested
HALO-AC3_RF13_154644,HALO-AC3,RF13,2022-04-04T15:46:44.000000,1,63,76,suggested
HALO-AC3_RF13_154644,HALO-AC3,RF13,2022-04-04T15:46:44.000000,1,53,60,suggested
HALO-AC3_RF13_154644,HALO-AC3,RF13,2022-04-04T15:46:44.000000,1,115,136,suggested
HALO-AC3_RF13_154644,HALO-AC3,RF13,2022-04-04T15:46:44.000000,1,123,134,suggested
HALO-AC3_RF13_154644,HALO-AC3,RF13,2022-04-04T15:46:44.000000,1,98,87,suggested
HALO-AC3_RF13_154644,HALO-AC3,RF13,2022-04-04T15:46:44.000000,1,182,160,suggested
HALO-AC3_RF13_154644,HALO-AC3,RF13,2022-04-04T15:46:44.000000,1,197,174,suggested
HALO-AC3_RF13_154644,HALO-AC3,RF13,2022-04-04T15:46:44.000000,1,206,168,suggested
HALO-AC3_RF13_154644,HALO-AC3,RF13,2022-04-04T15:46:44.000000,1,158,165,suggested
HALO-AC3_RF13_154810,HALO-AC3,RF13,2022-04-04T15:48:10.000000,1,578,369,suggested
HALO-AC3_RF13_154810,HALO-AC3,RF13,2022-04-04T15:48:10.000000,1,563,361,suggested
HALO-AC3_RF13_154810,HALO-AC3,RF13,2022-04-04T15:48:10.000000,1,548,352,suggested
HALO-AC3_RF13_154810,HALO-AC3,RF13,2022-04-04T15:48:10.000000,1,531,348,suggested
HALO-AC3_RF13_154810,HALO-AC3,RF13,2022-04-04T15:48:10.000000,1,516,341,suggested
HALO-AC3_RF13_154810,HALO-AC3,RF13,2022-04-04T15:48:10.000000,1,499,335,suggested
HALO-AC3_RF13_154810,HALO-AC3,RF13,2022-04-04T15:48:10.000000,1,484,323,suggested
HALO-AC3_RF13_154810,HALO-AC3,RF13,2022-04-04T15:48:10.000000,1,467,315,suggested
HALO-AC3_RF13_154810,HALO-AC3,RF13,2022-04-04T15:48:10.000000,1,452,308,suggested
HALO-AC3_RF13_154810,HALO-AC3,RF13,2022-04-04T15:48:10.000000,1,446,289,suggested
HALO-AC3_RF13_154810,HALO-AC3,RF13,2022-04-04T15:48:10.000000,1,426,282,suggested
HALO-AC3_RF13_154810,HALO-AC3,RF13,2022-04-04T15:48:10.000000,1,409,276,suggested
HALO-AC3_RF13_154810,HALO-AC3,RF13,2022-04-04T15:48:10.000000,1,398,262,suggested
HALO-AC3_RF13_154810,HALO-AC3,RF13,2022-04-04T15:48:10.000000,1,380,259,suggested
HALO-AC3_RF13_154810,HALO-AC3,RF13,2022-04-04T15:48:10.000000,1,363,253,suggested
HALO-AC3_RF13_154810,HALO-AC3,RF13,2022-04-04T15:48:10.000000,1,346,247,suggested
HALO-AC3_RF13_154810,HALO-AC3,RF13,2022-04-04T15:48:10.000000,1,332,236,suggested
HALO-AC3_RF13_154810,HALO-AC3,RF13,2022-04-04T15:48:10.000000,1,316,228,suggested
HALO-AC3_RF13_154810,HALO-AC3,RF13,2022-04-04T15:48:10.000000,1,312,234,suggested
HALO-AC3_RF13_154810,HALO-AC3,RF13,2022-04-04T15:48:10.000000,1,296,246,suggested
HALO-AC3_RF13_154810,HALO-AC3,RF13,2022-04-04T15:48:10.000000,1,282,242,suggested
HALO-AC3_RF13_154810,HALO-AC3,RF13,2022-04-04T15:48:10.000000,1,271,233,suggested
HALO-AC3_RF13_154810,HALO-AC3,RF13,2022-04-04T15:48:10.000000,1,258,235,suggested
HALO-AC3_RF13_154810,HALO-AC3,RF13,2022-04-04T15:48:10.000000,1,253,240,suggested
HALO-AC3_RF13_154810,HALO-AC3,RF13,2022-04-04T15:48:10.000000,1,240,220,suggested
HALO-AC3_RF13_154810,HALO-AC3,RF13,2022-04-04T15:48:10.000000,1,251,212,suggested
HALO-AC3_RF13_154810,HALO-AC3,RF13,2022-04-04T15:48:10.000000,1,260,196,suggested
HALO-AC3_RF13_154810,HALO-AC3,RF13,2022-04-04T15:48:10.000000,1,245,174,suggested
HALO-AC3_RF13_154810,HALO-AC3,RF13,2022-04-04T15:48:10.000000,1,235,179,suggested
HALO-AC3_RF13_154810,HALO-AC3,RF13,2022-04-04T15:48:10.000000,1,220,173,suggested
HALO-AC3_RF13_154810,HALO-AC3,RF13,2022-04-04T15:48:10.000000,1,203,175,suggested
HALO-AC3_RF13_154810,HALO-AC3,RF13,2022-04-04T15:48:10.000000,1,190,180,suggested
HALO-AC3_RF13_154810,HALO-AC3,RF13,2022-04-04T15:48:10.000000,1,172,184,suggested
HALO-AC3_RF13_154810,HALO-AC3,RF13,2022-04-04T15:48:10.000000,1,156,184,suggested
HALO-AC3_RF13_154810,HALO-AC3,RF13,2022-04-04T15:48:10.000000,1,137,181,suggested
HALO-AC3_RF13_154810,HALO-AC3,RF13,2022-04-04T15:48:10.000000,1,124,174,suggested
HALO-AC3_RF13_154810,HALO-AC3,RF13,2022-04-04T15:48:10.000000,1,107,165,suggested
HALO-AC3_RF13_154810,HALO-AC3,RF13,2022-04-04T15:48:10.000000,1,91,159,suggested
HALO-AC3_RF13_154810,HALO-AC3,RF13,2022-04-04T15:48:10.000000,1,80,155,suggested
HALO-AC3_RF13_154810,HALO-AC3,RF13,2022-04-04T15:48:10.000000,1,61,154,suggested
HALO-AC3_RF14_085148,HALO-AC3,RF14,2022-04-07T08:51:48.000000,1,468,48,manual
HALO-AC3_RF14_085452,HALO-AC3,RF14,2022-04-07T08:54:52.000000,1,117,311,suggested
HALO-AC3_RF14_085452,HALO-AC3,RF14,2022-04-07T08:54:52.000000,1,93,305,suggested
HALO-AC3_RF14_085452,HALO-AC3,RF14,2022-04-07T08:54:52.000000,1,82,302,suggested
HALO-AC3_RF14_085452,HALO-AC3,RF14,2022-04-07T08:54:52.000000,1,60,303,suggested
HALO-AC3_RF14_085452,HALO-AC3,RF14,2022-04-07T08:54:52.000000,1,53,291,suggested
HALO-AC3_RF14_085452,HALO-AC3,RF14,2022-04-07T08:54:52.000000,1,64,277,suggested
HALO-AC3_RF14_085452,HALO-AC3,RF14,2022-04-07T08:54:52.000000,1,487,38,suggested
HALO-AC3_RF14_085452,HALO-AC3,RF14,2022-04-07T08:54:52.000000,1,476,42,suggested
HALO-AC3_RF14_085452,HALO-AC3,RF14,2022-04-07T08:54:52.000000,1,457,46,suggested
HALO-AC3_RF14_085452,HALO-AC3,RF14,2022-04-07T08:54:52.000000,1,449,50,suggested
HALO-AC3_RF14_085452,HALO-AC3,RF14,2022-04-07T08:54:52.000000,1,438,55,suggested
HALO-AC3_RF14_085452,HALO-AC3,RF14,2022-04-07T08:54:52.000000,1,417,70,suggested
HALO-AC3_RF14_085452,HALO-AC3,RF14,2022-04-07T08:54:52.000000,1,425,80,suggested
HALO-AC3_RF14_085452,HALO-AC3,RF14,2022-04-07T08:54:52.000000,1,439,106,suggested
HALO-AC3_RF14_085452,HALO-AC3,RF14,2022-04-07T08:54:52.000000,1,414,103,suggested
HALO-AC3_RF14_085452,HALO-AC3,RF14,2022-04-07T08:54:52.000000,1,399,95,suggested
HALO-AC3_RF14_085452,HALO-AC3,RF14,2022-04-07T08:54:52.000000,1,391,93,suggested
HALO-AC3_RF14_085452,HALO-AC3,RF14,2022-04-07T08:54:52.000000,1,380,85,suggested
HALO-AC3_RF14_085452,HALO-AC3,RF14,2022-04-07T08:54:52.000000,1,368,74,suggested
HALO-AC3_RF14_085452,HALO-AC3,RF14,2022-04-07T08:54:52.000000,1,341,79,suggested
HALO-AC3_RF14_085452,HALO-AC3,RF14,2022-04-07T08:54:52.000000,1,337,92,suggested
HALO-AC3_RF14_085452,HALO-AC3,RF14,2022-04-07T08:54:52.000000,1,312,84,suggested
HALO-AC3_RF14_085452,HALO-AC3,RF14,2022-04-07T08:54:52.000000,1,303,83,suggested
HALO-AC3_RF14_085452,HALO-AC3,RF14,2022-04-07T08:54:52.000000,1,296,71,suggested
HALO-AC3_RF14_085452,HALO-AC3,RF14,2022-04-07T08:54:52.000000,1,290,60,suggested
HALO-AC3_RF14_085452,HALO-AC3,RF14,2022-04-07T08:54:52.000000,1,197,51,suggested
HALO-AC3_RF14_085452,HALO-AC3,RF14,2022-04-07T08:54:52.000000,1,189,57,suggested
HALO-AC3_RF14_085452,HALO-AC3,RF14,2022-04-07T08:54:52.000000,1,182,63,suggested
HALO-AC3_RF14_085452,HALO-AC3,RF14,2022-04-07T08:54:52.000000,1,177,68,suggested
HALO-AC3_RF14_085452,HALO-AC3,RF14,2022-04-07T08:54:52.000000,1,165,65,suggested
HALO-AC3_RF14_085452,HALO-AC3,RF14,2022-04-07T08:54:52.000000,1,156,58,suggested
HALO-AC3_RF14_085452,HALO-AC3,RF14,2022-04-07T08:54:52.000000,1,148,48,suggested
HALO-AC3_RF14_085452,HALO-AC3,RF14,2022-04-07T08:54:52.000000,1,340,86,suggested
HALO-AC3_RF14_085452,HALO-AC3,RF14,2022-04-07T08:54:52.000000,1,319,97,suggested
HALO-AC3_RF14_085452,HALO-AC3,RF14,2022-04-07T08:54:52.000000,1,335,384,suggested
HALO-AC3_RF14_085452,HALO-AC3,RF14,2022-04-07T08:54:52.000000,1,360,77,suggested
HALO-AC3_RF14_085452,HALO-AC3,RF14,2022-04-07T08:54:52.000000,1,382,463,suggested
HALO-AC3_RF14_085452,HALO-AC3,RF14,2022-04-07T08:54:52.000000,1,375,437,suggested
HALO-AC3_RF14_085452,HALO-AC3,RF14,2022-04-07T08:54:52.000000,1,370,427,suggested
HALO-AC3_RF14_085452,HALO-AC3,RF14,2022-04-07T08:54:52.000000,1,380,414,suggested
HALO-AC3_RF14_085452,HALO-AC3,RF14,2022-04-07T08:54:52.000000,1,401,413,suggested
HALO-AC3_RF14_085452,HALO-AC3,RF14,2022-04-07T08:54:52.000000,1,417,421,suggested
HALO-AC3_RF14_085452,HALO-AC3,RF14,2022-04-07T08:54:52.000000,1,426,421,suggested
HALO-AC3_RF14_153828,HALO-AC3,RF14,2022-04-07T15:38:28.000000,1,101,419,suggested
HALO-AC3_RF14_153828,HALO-AC3,RF14,2022-04-07T15:38:28.000000,1,114,403,suggested
HALO-AC3_RF14_153828,HALO-AC3,RF14,2022-04-07T15:38:28.000000,1,88,399,suggested
HALO-AC3_RF14_153828,HALO-AC3,RF14,2022-04-07T15:38:28.000000,1,73,380,suggested
HALO-AC3_RF14_153828,HALO-AC3,RF14,2022-04-07T15:38:28.000000,1,75,372,suggested
HALO-AC3_RF14_153828,HALO-AC3,RF14,2022-04-07T15:38:28.000000,1,80,356,suggested
HALO-AC3_RF14_153828,HALO-AC3,RF14,2022-04-07T15:38:28.000000,1,71,344,suggested
HALO-AC3_RF14_153828,HALO-AC3,RF14,2022-04-07T15:38:28.000000,1,60,337,suggested
HALO-AC3_RF14_153828,HALO-AC3,RF14,2022-04-07T15:38:28.000000,1,46,311,suggested
HALO-AC3_RF14_153828,HALO-AC3,RF14,2022-04-07T15:38:28.000000,1,335,47,suggested
HALO-AC3_RF14_153828,HALO-AC3,RF14,2022-04-07T15:38:28.000000,1,327,58,suggested
HALO-AC3_RF14_153828,HALO-AC3,RF14,2022-04-07T15:38:28.000000,1,317,69,suggested
HALO-AC3_RF14_153828,HALO-AC3,RF14,2022-04-07T15:38:28.000000,1,308,81,suggested
HALO-AC3_RF14_153828,HALO-AC3,RF14,2022-04-07T15:38:28.000000,1,300,94,suggested
HALO-AC3_RF14_153828,HALO-AC3,RF14,2022-04-07T15:38:28.000000,1,295,108,suggested
HALO-AC3_RF14_153828,HALO-AC3,RF14,2022-04-07T15:38:28.000000,1,292,117,suggested
HALO-AC3_RF14_153828,HALO-AC3,RF14,2022-04-07T15:38:28.000000,1,297,134,suggested
HALO-AC3_RF14_153828,HALO-AC3,RF14,2022-04-07T15:38:28.000000,1,294,147,suggested
HALO-AC3_RF14_153828,HALO-AC3,RF14,2022-04-07T15:38:28.000000,1,289,161,suggested
HALO-AC3_RF14_153828,HALO-AC3,RF14,2022-04-07T15:38:28.000000,1,282,173,suggested
HALO-AC3_RF14_153828,HALO-AC3,RF14,2022-04-07T15:38:28.000000,1,278,188,suggested
HALO-AC3_RF14_153828,HALO-AC3,RF14,2022-04-07T15:38:28.000000,1,272,202,suggested
HALO-AC3_RF14_153828,HALO-AC3,RF14,2022-04-07T15:38:28.000000,1,264,216,suggested
HALO-AC3_RF14_153828,HALO-AC3,RF14,2022-04-07T15:38:28.000000,1,259,229,suggested
HALO-AC3_RF14_153828,HALO-AC3,RF14,2022-04-07T15:38:28.000000,1,260,244,suggested
HALO-AC3_RF14_153828,HALO-AC3,RF14,2022-04-07T15:38:28.000000,1,262,259,suggested
HALO-AC3_RF14_153828,HALO-AC3,RF14,2022-04-07T15:38:28.000000,1,269,273,suggested
HALO-AC3_RF14_153828,HALO-AC3,RF14,2022-04-07T15:38:28.000000,1,275,288,suggested
HALO-AC3_RF14_153828,HALO-AC3,RF14,2022-04-07T15:38:28.000000,1,277,303,suggested
HALO-AC3_RF14_153828,HALO-AC3,RF14,2022-04-07T15:38:28.000000,1,278,319,suggested
HALO-AC3_RF14_153828,HALO-AC3,RF14,2022-04-07T15:38:28.000000,1,274,335,suggested
HALO-AC3_RF14_153828,HALO-AC3,RF14,2022-04-07T15:38:28.000000,1,274,351,suggested
HALO-AC3_RF14_153828,HALO-AC3,RF14,2022-04-07T15:38:28.000000,1,269,362,suggested
HALO-AC3_RF14_153828,HALO-AC3,RF14,2022-04-07T15:38:28.000000,1,280,383,suggested
HALO-AC3_RF14_153828,HALO-AC3,RF14,2022-04-07T15:38:28.000000,1,292,392,suggested
HALO-AC3_RF14_153828,HALO-AC3,RF14,2022-04-07T15:38:28.000000,1,307,397,suggested
HALO-AC3_RF14_153828,HALO-AC3,RF14,2022-04-07T15:38:28.000000,1,323,400,suggested
HALO-AC3_RF14_153828,HALO-AC3,RF14,2022-04-07T15:38:28.000000,1,340,399,suggested
HALO-AC3_RF14_153828,HALO-AC3,RF14,2022-04-07T15:38:28.000000,1,350,386,suggested
HALO-AC3_RF14_153828,HALO-AC3,RF14,2022-04-07T15:38:28.000000,1,359,376,suggested
HALO-AC3_RF14_153828,HALO-AC3,RF14,2022-04-07T15:38:28.000000,1,365,362,suggested
HALO-AC3_RF14_153828,HALO-AC3,RF14,2022-04-07T15:38:28.000000,1,367,345,suggested
HALO-AC3_RF14_153828,HALO-AC3,RF14,2022-04-07T15:38:28.000000,1,370,339,suggested
HALO-AC3_RF14_153828,HALO-AC3,RF14,2022-04-07T15:38:28.000000,1,369,328,suggested
HALO-AC3_RF14_153828,HALO-AC3,RF14,2022-04-07T15:38:28.000000,1,378,315,suggested
HALO-AC3_RF14_153828,HALO-AC3,RF14,2022-04-07T15:38:28.000000,1,377,299,suggested
HALO-AC3_RF14_153828,HALO-AC3,RF14,2022-04-07T15:38:28.000000,1,383,286,suggested
HALO-AC3_RF14_153828,HALO-AC3,RF14,2022-04-07T15:38:28.000000,1,385,271,suggested
HALO-AC3_RF14_153828,HALO-AC3,RF14,2022-04-07T15:38:28.000000,1,386,255,suggested
HALO-AC3_RF14_153828,HALO-AC3,RF14,2022-04-07T15:38:28.000000,1,388,227,suggested
HALO-AC3_RF14_153828,HALO-AC3,RF14,2022-04-07T15:38:28.000000,1,394,213,suggested
HALO-AC3_RF14_153828,HALO-AC3,RF14,2022-04-07T15:38:28.000000,1,397,200,suggested
HALO-AC3_RF14_153828,HALO-AC3,RF14,2022-04-07T15:38:28.000000,1,405,187,suggested
HALO-AC3_RF14_153828,HALO-AC3,RF14,2022-04-07T15:38:28.000000,1,413,175,suggested
HALO-AC3_RF14_153828,HALO-AC3,RF14,2022-04-07T15:38:28.000000,1,425,166,suggested
HALO-AC3_RF14_153828,HALO-AC3,RF14,2022-04-07T15:38:28.000000,1,435,156,suggested
HALO-AC3_RF14_153828,HALO-AC3,RF14,2022-04-07T15:38:28.000000,1,446,146,suggested
HALO-AC3_RF14_153828,HALO-AC3,RF14,2022-04-07T15:38:28.000000,1,458,137,suggested
HALO-AC3_RF14_153828,HALO-AC3,RF14,2022-04-07T15:38:28.000000,1,470,129,suggested
HALO-AC3_RF14_153828,HALO-AC3,RF14,2022-04-07T15:38:28.000000,1,506,90,suggested
HALO-AC3_RF14_153828,HALO-AC3,RF14,2022-04-07T15:38:28.000000,1,516,82,suggested
HALO-AC3_RF14_153828,HALO-AC3,RF14,2022-04-07T15:38:28.000000,1,524,82,suggested
HALO-AC3_RF14_153828,HALO-AC3,RF14,2022-04-07T15:38:28.000000,1,532,91,suggested
HALO-AC3_RF14_153828,HALO-AC3,RF14,2022-04-07T15:38:28.000000,1,539,104,suggested
HALO-AC3_RF14_153828,HALO-AC3,RF14,2022-04-07T15:38:28.000000,1,545,119,suggested
HALO-AC3_RF14_153828,HALO-AC3,RF14,2022-04-07T15:38:28.000000,1,550,131,suggested
HALO-AC3_RF14_153828,HALO-AC3,RF14,2022-04-07T15:38:28.000000,1,554,143,suggested
HALO-AC3_RF14_153828,HALO-AC3,RF14,2022-04-07T15:38:28.000000,1,557,156,suggested
HALO-AC3_RF14_153828,HALO-AC3,RF14,2022-04-07T15:38:28.000000,1,563,171,suggested
HALO-AC3_RF14_153828,HALO-AC3,RF14,2022-04-07T15:38:28.000000,1,569,183,suggested
HALO-AC3_RF14_153828,HALO-AC3,RF14,2022-04-07T15:38:28.000000,1,576,196,suggested
HALO-AC3_RF14_153828,HALO-AC3,RF14,2022-04-07T15:38:28.000000,1,579,210,suggested
HALO-AC3_RF14_153828,HALO-AC3,RF14,2022-04-07T15:38:28.000000,1,578,225,suggested
HALO-AC3_RF14_153828,HALO-AC3,RF14,2022-04-07T15:38:28.000000,1,576,240,suggested
HALO-AC3_RF14_153828,HALO-AC3,RF14,2022-04-07T15:38:28.000000,1,582,254,suggested
HALO-AC3_RF15_044411,HALO-AC3,RF15,2022-04-08T04:44:07.000000,1,441,39,suggested
HALO-AC3_RF15_044411,HALO-AC3,RF15,2022-04-08T04:44:07.000000,1,446,46,suggested
HALO-AC3_RF15_044411,HALO-AC3,RF15,2022-04-08T04:44:07.000000,1,421,38,suggested
HALO-AC3_RF15_044411,HALO-AC3,RF15,2022-04-08T04:44:07.000000,1,399,38,suggested
HALO-AC3_RF15_044411,HALO-AC3,RF15,2022-04-08T04:44:07.000000,1,395,45,suggested
HALO-AC3_RF15_044411,HALO-AC3,RF15,2022-04-08T04:44:07.000000,1,392,54,suggested
HALO-AC3_RF15_044411,HALO-AC3,RF15,2022-04-08T04:44:07.000000,1,69,39,suggested
HALO-AC3_RF15_044411,HALO-AC3,RF15,2022-04-08T04:44:07.000000,1,57,46,suggested
HALO-AC3_RF15_044411,HALO-AC3,RF15,2022-04-08T04:44:07.000000,1,42,57,suggested
HALO-AC3_RF15_044411,HALO-AC3,RF15,2022-04-08T04:44:07.000000,1,159,273,suggested
HALO-AC3_RF15_044411,HALO-AC3,RF15,2022-04-08T04:44:07.000000,1,137,267,suggested
HALO-AC3_RF15_044411,HALO-AC3,RF15,2022-04-08T04:44:07.000000,1,176,278,suggested
HALO-AC3_RF15_044411,HALO-AC3,RF15,2022-04-08T04:44:07.000000,1,179,282,suggested
HALO-AC3_RF15_044411,HALO-AC3,RF15,2022-04-08T04:44:07.000000,1,191,284,suggested
HALO-AC3_RF15_044411,HALO-AC3,RF15,2022-04-08T04:44:07.000000,1,196,300,suggested
HALO-AC3_RF15_044411,HALO-AC3,RF15,2022-04-08T04:44:07.000000,1,189,306,suggested
HALO-AC3_RF15_044411,HALO-AC3,RF15,2022-04-08T04:44:07.000000,1,180,311,suggested
HALO-AC3_RF15_044411,HALO-AC3,RF15,2022-04-08T04:44:07.000000,1,170,314,suggested
HALO-AC3_RF15_044411,HALO-AC3,RF15,2022-04-08T04:44:07.000000,1,156,314,suggested
HALO-AC3_RF15_044411,HALO-AC3,RF15,2022-04-08T04:44:07.000000,1,142,312,suggested
HALO-AC3_RF15_044411,HALO-AC3,RF15,2022-04-08T04:44:07.000000,1,124,307,suggested
HALO-AC3_RF15_044411,HALO-AC3,RF15,2022-04-08T04:44:07.000000,1,105,307,suggested
HALO-AC3_RF15_044411,HALO-AC3,RF15,2022-04-08T04:44:07.000000,1,89,302,suggested
HALO-AC3_RF15_044411,HALO-AC3,RF15,2022-04-08T04:44:07.000000,1,79,304,suggested
HALO-AC3_RF15_044411,HALO-AC3,RF15,2022-04-08T04:44:07.000000,1,75,290,suggested
HALO-AC3_RF15_044411,HALO-AC3,RF15,2022-04-08T04:44:07.000000,1,92,262,suggested
HALO-AC3_RF15_044411,HALO-AC3,RF15,2022-04-08T04:44:07.000000,1,98,260,suggested
HALO-AC3_RF15_044411,HALO-AC3,RF15,2022-04-08T04:44:07.000000,1,121,262,suggested
HALO-AC3_RF15_044411,HALO-AC3,RF15,2022-04-08T04:44:07.000000,1,132,265,suggested
HALO-AC3_RF15_044411,HALO-AC3,RF15,2022-04-08T04:44:07.000000,1,62,345,suggested
HALO-AC3_RF15_044411,HALO-AC3,RF15,2022-04-08T04:44:07.000000,1,75,354,suggested
HALO-AC3_RF15_044411,HALO-AC3,RF15,2022-04-08T04:44:07.000000,1,76,368,suggested
HALO-AC3_RF15_044411,HALO-AC3,RF15,2022-04-08T04:44:07.000000,1,84,375,suggested
HALO-AC3_RF15_044411,HALO-AC3,RF15,2022-04-08T04:44:07.000000,1,104,377,suggested
HALO-AC3_RF15_044411,HALO-AC3,RF15,2022-04-08T04:44:07.000000,1,112,389,suggested
HALO-AC3_RF15_044411,HALO-AC3,RF15,2022-04-08T04:44:07.000000,1,119,392,suggested
HALO-AC3_RF15_044411,HALO-AC3,RF15,2022-04-08T04:44:07.000000,1,130,395,suggested
HALO-AC3_RF15_044411,HALO-AC3,RF15,2022-04-08T04:44:07.000000,1,144,396,suggested
HALO-AC3_RF15_044411,HALO-AC3,RF15,2022-04-08T04:44:07.000000,1,155,394,suggested
HALO-AC3_RF15_044411,HALO-AC3,RF15,2022-04-08T04:44:07.000000,1,168,391,suggested
HALO-AC3_RF15_044411,HALO-AC3,RF15,2022-04-08T04:44:07.000000,1,194,398,suggested
HALO-AC3_RF15_044411,HALO-AC3,RF15,2022-04-08T04:44:07.000000,1,203,399,suggested
HALO-AC3_RF15_044411,HALO-AC3,RF15,2022-04-08T04:44:07.000000,1,218,400,suggested
HALO-AC3_RF15_044411,HALO-AC3,RF15,2022-04-08T04:44:07.000000,1,228,398,suggested
HALO-AC3_RF15_044411,HALO-AC3,RF15,2022-04-08T04:44:07.000000,1,238,403,suggested
HALO-AC3_RF15_044411,HALO-AC3,RF15,2022-04-08T04:44:07.000000,1,218,436,suggested
HALO-AC3_RF15_044411,HALO-AC3,RF15,2022-04-08T04:44:07.000000,1,220,439,suggested
HALO-AC3_RF15_044411,HALO-AC3,RF15,2022-04-08T04:44:07.000000,1,232,435,suggested
HALO-AC3_RF15_044411,HALO-AC3,RF15,2022-04-08T04:44:07.000000,1,248,431,suggested
HALO-AC3_RF15_044411,HALO-AC3,RF15,2022-04-08T04:44:07.000000,1,265,427,suggested
HALO-AC3_RF15_044411,HALO-AC3,RF15,2022-04-08T04:44:07.000000,1,279,429,suggested
HALO-AC3_RF15_044411,HALO-AC3,RF15,2022-04-08T04:44:07.000000,1,295,427,suggested
HALO-AC3_RF15_044411,HALO-AC3,RF15,2022-04-08T04:44:07.000000,1,308,426,suggested
HALO-AC3_RF15_044411,HALO-AC3,RF15,2022-04-08T04:44:07.000000,1,319,425,suggested
HALO-AC3_RF15_044411,HALO-AC3,RF15,2022-04-08T04:44:07.000000,1,331,416,suggested
HALO-AC3_RF15_044411,HALO-AC3,RF15,2022-04-08T04:44:07.000000,1,337,415,suggested
HALO-AC3_RF15_044411,HALO-AC3,RF15,2022-04-08T04:44:07.000000,1,356,425,suggested
HALO-AC3_RF15_044411,HALO-AC3,RF15,2022-04-08T04:44:07.000000,1,368,431,suggested
HALO-AC3_RF15_044411,HALO-AC3,RF15,2022-04-08T04:44:07.000000,1,365,431,suggested
HALO-AC3_RF15_044411,HALO-AC3,RF15,2022-04-08T04:44:07.000000,1,385,445,suggested
HALO-AC3_RF15_044411,HALO-AC3,RF15,2022-04-08T04:44:07.000000,1,395,445,suggested
HALO-AC3_RF15_044411,HALO-AC3,RF15,2022-04-08T04:44:07.000000,1,455,446,suggested
HALO-AC3_RF15_044411,HALO-AC3,RF15,2022-04-08T04:44:07.000000,1,469,435,suggested
HALO-AC3_RF15_044411,HALO-AC3,RF15,2022-04-08T04:44:07.000000,1,474,433,suggested
HALO-AC3_RF15_044411,HALO-AC3,RF15,2022-04-08T04:44:07.000000,1,488,422,suggested
HALO-AC3_RF15_044411,HALO-AC3,RF15,2022-04-08T04:44:07.000000,1,502,408,suggested
HALO-AC3_RF15_044411,HALO-AC3,RF15,2022-04-08T04:44:07.000000,1,509,403,suggested
HALO-AC3_RF15_044411,HALO-AC3,RF15,2022-04-08T04:44:07.000000,1,524,388,suggested
HALO-AC3_RF15_044411,HALO-AC3,RF15,2022-04-08T04:44:07.000000,1,537,380,suggested
HALO-AC3_RF15_044411,HALO-AC3,RF15,2022-04-08T04:44:07.000000,1,551,374,suggested
HALO-AC3_RF15_044411,HALO-AC3,RF15,2022-04-08T04:44:07.000000,1,567,367,suggested
HALO-AC3_RF15_044550,HALO-AC3,RF15,2022-04-08T04:45:50.000000,1,352,376,suggested
HALO-AC3_RF15_044550,HALO-AC3,RF15,2022-04-08T04:45:50.000000,1,355,366,suggested
HALO-AC3_RF15_044550,HALO-AC3,RF15,2022-04-08T04:45:50.000000,1,364,366,suggested
HALO-AC3_RF15_044550,HALO-AC3,RF15,2022-04-08T04:45:50.000000,1,365,365,suggested
HALO-AC3_RF15_044550,HALO-AC3,RF15,2022-04-08T04:45:50.000000,1,369,348,suggested
HALO-AC3_RF15_044550,HALO-AC3,RF15,2022-04-08T04:45:50.000000,1,381,339,suggested
HALO-AC3_RF15_044550,HALO-AC3,RF15,2022-04-08T04:45:50.000000,1,385,325,suggested
HALO-AC3_RF15_044550,HALO-AC3,RF15,2022-04-08T04:45:50.000000,1,387,314,suggested
HALO-AC3_RF15_044550,HALO-AC3,RF15,2022-04-08T04:45:50.000000,1,394,303,suggested
HALO-AC3_RF15_044550,HALO-AC3,RF15,2022-04-08T04:45:50.000000,1,399,289,suggested
HALO-AC3_RF15_044550,HALO-AC3,RF15,2022-04-08T04:45:50.000000,1,401,274,suggested
HALO-AC3_RF15_044550,HALO-AC3,RF15,2022-04-08T04:45:50.000000,1,399,259,suggested
HALO-AC3_RF15_044550,HALO-AC3,RF15,2022-04-08T04:45:50.000000,1,391,247,suggested
HALO-AC3_RF15_044550,HALO-AC3,RF15,2022-04-08T04:45:50.000000,1,384,237,suggested
HALO-AC3_RF15_044550,HALO-AC3,RF15,2022-04-08T04:45:50.000000,1,387,225,suggested
HALO-AC3_RF15_044550,HALO-AC3,RF15,2022-04-08T04:45:50.000000,1,385,212,suggested
HALO-AC3_RF15_044550,HALO-AC3,RF15,2022-04-08T04:45:50.000000,1,380,198,suggested
HALO-AC3_RF15_044550,HALO-AC3,RF15,2022-04-08T04:45:50.000000,1,382,183,suggested
HALO-AC3_RF15_044550,HALO-AC3,RF15,2022-04-08T04:45:50.000000,1,387,169,suggested
HALO-AC3_RF15_044550,HALO-AC3,RF15,2022-04-08T04:45:50.000000,1,394,156,suggested
HALO-AC3_RF15_044550,HALO-AC3,RF15,2022-04-08T04:45:50.000000,1,402,144,suggested
HALO-AC3_RF15_044550,HALO-AC3,RF15,2022-04-08T04:45:50.000000,1,407,130,suggested
HALO-AC3_RF15_044550,HALO-AC3,RF15,2022-04-08T04:45:50.000000,1,411,115,suggested
HALO-AC3_RF15_044550,HALO-AC3,RF15,2022-04-08T04:45:50.000000,1,415,101,suggested
HALO-AC3_RF15_044550,HALO-AC3,RF15,2022-04-08T04:45:50.000000,1,416,87,suggested
HALO-AC3_RF15_044550,HALO-AC3,RF15,2022-04-08T04:45:50.000000,1,418,73,suggested
HALO-AC3_RF15_044550,HALO-AC3,RF15,2022-04-08T04:45:50.000000,1,422,60,suggested
HALO-AC3_RF15_044550,HALO-AC3,RF15,2022-04-08T04:45:50.000000,1,420,49,suggested
HALO-AC3_RF15_044550,HALO-AC3,RF15,2022-04-08T04:45:50.000000,1,341,49,suggested
HALO-AC3_RF15_044550,HALO-AC3,RF15,2022-04-08T04:45:50.000000,1,340,64,suggested
HALO-AC3_RF15_044550,HALO-AC3,RF15,2022-04-08T04:45:50.000000,1,341,78,suggested
HALO-AC3_RF15_044550,HALO-AC3,RF15,2022-04-08T04:45:50.000000,1,341,93,suggested
HALO-AC3_RF15_044550,HALO-AC3,RF15,2022-04-08T04:45:50.000000,1,341,108,suggested
HALO-AC3_RF15_044550,HALO-AC3,RF15,2022-04-08T04:45:50.000000,1,340,122,suggested
HALO-AC3_RF15_044550,HALO-AC3,RF15,2022-04-08T04:45:50.000000,1,335,136,suggested
HALO-AC3_RF15_044550,HALO-AC3,RF15,2022-04-08T04:45:50.000000,1,329,149,suggested
HALO-AC3_RF15_044550,HALO-AC3,RF15,2022-04-08T04:45:50.000000,1,324,163,suggested
HALO-AC3_RF15_044550,HALO-AC3,RF15,2022-04-08T04:45:50.000000,1,319,176,suggested
HALO-AC3_RF15_044550,HALO-AC3,RF15,2022-04-08T04:45:50.000000,1,313,190,suggested
HALO-AC3_RF15_044550,HALO-AC3,RF15,2022-04-08T04:45:50.000000,1,306,203,suggested
HALO-AC3_RF15_044550,HALO-AC3,RF15,2022-04-08T04:45:50.000000,1,300,217,suggested
HALO-AC3_RF15_044550,HALO-AC3,RF15,2022-04-08T04:45:50.000000,1,294,231,suggested
HALO-AC3_RF15_044550,HALO-AC3,RF15,2022-04-08T04:45:50.000000,1,289,245,suggested
HALO-AC3_RF15_044550,HALO-AC3,RF15,2022-04-08T04:45:50.000000,1,284,259,suggested
HALO-AC3_RF15_044550,HALO-AC3,RF15,2022-04-08T04:45:50.000000,1,278,273,suggested
HALO-AC3_RF15_044550,HALO-AC3,RF15,2022-04-08T04:45:50.000000,1,272,287,suggested
HALO-AC3_RF15_044550,HALO-AC3,RF15,2022-04-08T04:45:50.000000,1,266,301,suggested
HALO-AC3_RF15_044550,HALO-AC3,RF15,2022-04-08T04:45:50.000000,1,261,315,suggested
HALO-AC3_RF15_044550,HALO-AC3,RF15,2022-04-08T04:45:50.000000,1,248,307,suggested
HALO-AC3_RF15_044550,HALO-AC3,RF15,2022-04-08T04:45:50.000000,1,237,298,suggested
HALO-AC3_RF15_044550,HALO-AC3,RF15,2022-04-08T04:45:50.000000,1,231,285,suggested
HALO-AC3_RF15_044550,HALO-AC3,RF15,2022-04-08T04:45:50.000000,1,223,271,suggested
HALO-AC3_RF15_044550,HALO-AC3,RF15,2022-04-08T04:45:50.000000,1,216,258,suggested
HALO-AC3_RF15_044550,HALO-AC3,RF15,2022-04-08T04:45:50.000000,1,208,245,suggested
HALO-AC3_RF15_044550,HALO-AC3,RF15,2022-04-08T04:45:50.000000,1,198,234,suggested
HALO-AC3_RF15_044550,HALO-AC3,RF15,2022-04-08T04:45:50.000000,1,186,226,suggested
HALO-AC3_RF15_044550,HALO-AC3,RF15,2022-04-08T04:45:50.000000,1,175,216,suggested
HALO-AC3_RF15_044550,HALO-AC3,RF15,2022-04-08T04:45:50.000000,1,165,205,suggested
HALO-AC3_RF15_044550,HALO-AC3,RF15,2022-04-08T04:45:50.000000,1,154,195,suggested
HALO-AC3_RF15_044550,HALO-AC3,RF15,2022-04-08T04:45:50.000000,1,146,183,suggested
HALO-AC3_RF15_044550,HALO-AC3,RF15,2022-04-08T04:45:50.000000,1,135,174,suggested
HALO-AC3_RF15_044550,HALO-AC3,RF15,2022-04-08T04:45:50.000000,1,123,170,suggested
HALO-AC3_RF15_044550,HALO-AC3,RF15,2022-04-08T04:45:50.000000,1,109,171,suggested
HALO-AC3_RF15_044550,HALO-AC3,RF15,2022-04-08T04:45:50.000000,1,88,180,suggested
HALO-AC3_RF15_044550,HALO-AC3,RF15,2022-04-08T04:45:50.000000,1,81,191,suggested
HALO-AC3_RF15_044550,HALO-AC3,RF15,2022-04-08T04:45:50.000000,1,80,206,suggested
HALO-AC3_RF15_044550,HALO-AC3,RF15,2022-04-08T04:45:50.000000,1,75,220,suggested
HALO-AC3_RF15_044550,HALO-AC3,RF15,2022-04-08T04:45:50.000000,1,71,233,suggested
HALO-AC3_RF15_044550,HALO-AC3,RF15,2022-04-08T04:45:50.000000,1,75,247,suggested
HALO-AC3_RF15_044550,HALO-AC3,RF15,2022-04-08T04:45:50.000000,1,82,259,suggested
HALO-AC3_RF15_044550,HALO-AC3,RF15,2022-04-08T04:45:50.000000,1,90,271,suggested
HALO-AC3_RF15_044550,HALO-AC3,RF15,2022-04-08T04:45:50.000000,1,99,283,suggested
HALO-AC3_RF15_044550,HALO-AC3,RF15,2022-04-08T04:45:50.000000,1,108,295,suggested
HALO-AC3_RF15_044550,HALO-AC3,RF15,2022-04-08T04:45:50.000000,1,115,308,suggested
HALO-AC3_RF15_044550,HALO-AC3,RF15,2022-04-08T04:45:50.000000,1,121,322,suggested
HALO-AC3_RF15_044550,HALO-AC3,RF15,2022-04-08T04:45:50.000000,1,126,336,suggested
HALO-AC3_RF15_044550,HALO-AC3,RF15,2022-04-08T04:45:50.000000,1,127,351,suggested
HALO-AC3_RF15_044550,HALO-AC3,RF15,2022-04-08T04:45:50.000000,1,127,366,suggested
HALO-AC3_RF15_044550,HALO-AC3,RF15,2022-04-08T04:45:50.000000,1,124,380,suggested
HALO-AC3_RF15_044550,HALO-AC3,RF15,2022-04-08T04:45:50.000000,1,117,394,suggested
HALO-AC3_RF15_044550,HALO-AC3,RF15,2022-04-08T04:45:50.000000,1,109,406,suggested
HALO-AC3_RF15_044550,HALO-AC3,RF15,2022-04-08T04:45:50.000000,1,102,418,suggested
HALO-AC3_RF15_044550,HALO-AC3,RF15,2022-04-08T04:45:50.000000,1,93,428,suggested
HALO-AC3_RF15_044550,HALO-AC3,RF15,2022-04-08T04:45:50.000000,1,85,437,suggested
HALO-AC3_RF15_044550,HALO-AC3,RF15,2022-04-08T04:45:50.000000,1,77,444,suggested
HALO-AC3_RF15_044550,HALO-AC3,RF15,2022-04-08T04:45:50.000000,1,71,455,suggested
HALO-AC3_RF15_044550,HALO-AC3,RF15,2022-04-08T04:45:50.000000,1,537,48,suggested
HALO-AC3_RF15_044550,HALO-AC3,RF15,2022-04-08T04:45:50.000000,1,542,62,suggested
HALO-AC3_RF15_044550,HALO-AC3,RF15,2022-04-08T04:45:50.000000,1,546,76,suggested
HALO-AC3_RF15_044550,HALO-AC3,RF15,2022-04-08T04:45:50.000000,1,550,89,suggested
HALO-AC3_RF15_044550,HALO-AC3,RF15,2022-04-08T04:45:50.000000,1,551,104,suggested
HALO-AC3_RF15_044550,HALO-AC3,RF15,2022-04-08T04:45:50.000000,1,551,118,suggested
HALO-AC3_RF15_044550,HALO-AC3,RF15,2022-04-08T04:45:50.000000,1,551,132,suggested
HALO-AC3_RF15_044550,HALO-AC3,RF15,2022-04-08T04:45:50.000000,1,550,145,suggested
HALO-AC3_RF15_044550,HALO-AC3,RF15,2022-04-08T04:45:50.000000,1,547,160,suggested
HALO-AC3_RF15_044550,HALO-AC3,RF15,2022-04-08T04:45:50.000000,1,540,178,suggested
HALO-AC3_RF15_044550,HALO-AC3,RF15,2022-04-08T04:45:50.000000,1,554,188,suggested
HALO-AC3_RF15_044550,HALO-AC3,RF15,2022-04-08T04:45:50.000000,1,552,206,suggested
HALO-AC3_RF15_044550,HALO-AC3,RF15,2022-04-08T04:45:50.000000,1,563,215,suggested
HALO-AC3_RF15_044550,HALO-AC3,RF15,2022-04-08T04:45:50.000000,1,558,228,suggested
HALO-AC3_RF15_044550,HALO-AC3,RF15,2022-04-08T04:45:50.000000,1,558,242,suggested
HALO-AC3_RF15_044550,HALO-AC3,RF15,2022-04-08T04:45:50.000000,1,555,257,suggested
HALO-AC3_RF15_044550,HALO-AC3,RF15,2022-04-08T04:45:50.000000,1,555,272,suggested
HALO-AC3_RF15_044550,HALO-AC3,RF15,2022-04-08T04:45:50.000000,1,553,286,suggested
HALO-AC3_RF15_044550,HALO-AC3,RF15,2022-04-08T04:45:50.000000,1,549,300,suggested
HALO-AC3_RF15_044550,HALO-AC3,RF15,2022-04-08T04:45:50.000000,1,546,315,suggested
HALO-AC3_RF15_044550,HALO-AC3,RF15,2022-04-08T04:45:50.000000,1,543,329,suggested
HALO-AC3_RF15_044550,HALO-AC3,RF15,2022-04-08T04:45:50.000000,1,538,342,suggested
HALO-AC3_RF15_044550,HALO-AC3,RF15,2022-04-08T04:45:50.000000,1,534,356,suggested
HALO-AC3_RF15_044550,HALO-AC3,RF15,2022-04-08T04:45:50.000000,1,531,370,suggested
HALO-AC3_RF15_044550,HALO-AC3,RF15,2022-04-08T04:45:50.000000,1,519,382,suggested
HALO-AC3_RF15_044550,HALO-AC3,RF15,2022-04-08T04:45:50.000000,1,514,427,suggested
HALO-AC3_RF15_044550,HALO-AC3,RF15,2022-04-08T04:45:50.000000,1,511,464,suggested
HALO-AC3_RF15_044550,HALO-AC3,RF15,2022-04-08T04:45:50.000000,1,286,453,suggested
HALO-AC3_RF15_044550,HALO-AC3,RF15,2022-04-08T04:45:50.000000,1,292,441,suggested
HALO-AC3_RF15_044550,HALO-AC3,RF15,2022-04-08T04:45:50.000000,1,303,431,suggested
HALO-AC3_RF15_044550,HALO-AC3,RF15,2022-04-08T04:45:50.000000,1,313,419,suggested
HALO-AC3_RF15_044550,HALO-AC3,RF15,2022-04-08T04:45:50.000000,1,320,406,suggested
HALO-AC3_RF15_044550,HALO-AC3,RF15,2022-04-08T04:45:50.000000,1,325,395,suggested
HALO-AC3_RF15_044550,HALO-AC3,RF15,2022-04-08T04:45:50.000000,1,335,386,suggested
HALO-AC3_RF15_044639,HALO-AC3,RF15,2022-04-08T04:46:39.000000,1,534,48,suggested
HALO-AC3_RF15_044639,HALO-AC3,RF15,2022-04-08T04:46:39.000000,1,533,60,suggested
HALO-AC3_RF15_044639,HALO-AC3,RF15,2022-04-08T04:46:39.000000,1,534,74,suggested
HALO-AC3_RF15_044639,HALO-AC3,RF15,2022-04-08T04:46:39.000000,1,531,88,suggested
HALO-AC3_RF15_044639,HALO-AC3,RF15,2022-04-08T04:46:39.000000,1,531,107,suggested
HALO-AC3_RF15_044639,HALO-AC3,RF15,2022-04-08T04:46:39.000000,1,533,105,suggested
HALO-AC3_RF15_044639,HALO-AC3,RF15,2022-04-08T04:46:39.000000,1,532,114,suggested
HALO-AC3_RF15_044639,HALO-AC3,RF15,2022-04-08T04:46:39.000000,1,523,133,suggested
HALO-AC3_RF15_044639,HALO-AC3,RF15,2022-04-08T04:46:39.000000,1,519,136,suggested
HALO-AC3_RF15_044639,HALO-AC3,RF15,2022-04-08T04:46:39.000000,1,514,139,suggested
HALO-AC3_RF15_044639,HALO-AC3,RF15,2022-04-08T04:46:39.000000,1,502,132,suggested
HALO-AC3_RF15_044639,HALO-AC3,RF15,2022-04-08T04:46:39.000000,1,500,132,suggested
HALO-AC3_RF15_044639,HALO-AC3,RF15,2022-04-08T04:46:39.000000,1,478,146,suggested
HALO-AC3_RF15_044639,HALO-AC3,RF15,2022-04-08T04:46:39.000000,1,470,153,suggested
HALO-AC3_RF15_044639,HALO-AC3,RF15,2022-04-08T04:46:39.000000,1,460,157,suggested
HALO-AC3_RF15_044639,HALO-AC3,RF15,2022-04-08T04:46:39.000000,1,452,161,suggested
HALO-AC3_RF15_044639,HALO-AC3,RF15,2022-04-08T04:46:39.000000,1,444,161,suggested
HALO-AC3_RF15_044639,HALO-AC3,RF15,2022-04-08T04:46:39.000000,1,438,165,suggested
HALO-AC3_RF15_044639,HALO-AC3,RF15,2022-04-08T04:46:39.000000,1,419,159,suggested
HALO-AC3_RF15_044639,HALO-AC3,RF15,2022-04-08T04:46:39.000000,1,403,164,suggested
HALO-AC3_RF15_044639,HALO-AC3,RF15,2022-04-08T04:46:39.000000,1,398,177,suggested
HALO-AC3_RF15_044639,HALO-AC3,RF15,2022-04-08T04:46:39.000000,1,400,174,suggested
HALO-AC3_RF15_044639,HALO-AC3,RF15,2022-04-08T04:46:39.000000,1,392,181,suggested
HALO-AC3_RF15_044639,HALO-AC3,RF15,2022-04-08T04:46:39.000000,1,379,198,suggested
HALO-AC3_RF15_044639,HALO-AC3,RF15,2022-04-08T04:46:39.000000,1,376,217,suggested
HALO-AC3_RF15_044639,HALO-AC3,RF15,2022-04-08T04:46:39.000000,1,369,228,suggested
HALO-AC3_RF15_044639,HALO-AC3,RF15,2022-04-08T04:46:39.000000,1,342,249,suggested
HALO-AC3_RF15_044639,HALO-AC3,RF15,2022-04-08T04:46:39.000000,1,339,261,suggested
HALO-AC3_RF15_044639,HALO-AC3,RF15,2022-04-08T04:46:39.000000,1,338,273,suggested
HALO-AC3_RF15_044639,HALO-AC3,RF15,2022-04-08T04:46:39.000000,1,341,279,suggested
HALO-AC3_RF15_044639,HALO-AC3,RF15,2022-04-08T04:46:39.000000,1,338,295,suggested
HALO-AC3_RF15_044639,HALO-AC3,RF15,2022-04-08T04:46:39.000000,1,334,308,suggested
HALO-AC3_RF15_044639,HALO-AC3,RF15,2022-04-08T04:46:39.000000,1,335,321,suggested
HALO-AC3_RF15_044639,HALO-AC3,RF15,2022-04-08T04:46:39.000000,1,330,332,suggested
HALO-AC3_RF15_044639,HALO-AC3,RF15,2022-04-08T04:46:39.000000,1,320,339,suggested
HALO-AC3_RF15_044639,HALO-AC3,RF15,2022-04-08T04:46:39.000000,1,308,340,suggested
HALO-AC3_RF15_044639,HALO-AC3,RF15,2022-04-08T04:46:39.000000,1,285,333,suggested
HALO-AC3_RF15_044639,HALO-AC3,RF15,2022-04-08T04:46:39.000000,1,276,331,suggested
HALO-AC3_RF15_044639,HALO-AC3,RF15,2022-04-08T04:46:39.000000,1,267,325,suggested
HALO-AC3_RF15_044639,HALO-AC3,RF15,2022-04-08T04:46:39.000000,1,260,315,suggested
HALO-AC3_RF15_044639,HALO-AC3,RF15,2022-04-08T04:46:39.000000,1,245,301,suggested
HALO-AC3_RF15_044639,HALO-AC3,RF15,2022-04-08T04:46:39.000000,1,242,288,suggested
HALO-AC3_RF15_044639,HALO-AC3,RF15,2022-04-08T04:46:39.000000,1,239,275,suggested
HALO-AC3_RF15_044639,HALO-AC3,RF15,2022-04-08T04:46:39.000000,1,240,264,suggested
HALO-AC3_RF15_044639,HALO-AC3,RF15,2022-04-08T04:46:39.000000,1,243,257,suggested
HALO-AC3_RF15_044639,HALO-AC3,RF15,2022-04-08T04:46:39.000000,1,248,244,suggested
HALO-AC3_RF15_044639,HALO-AC3,RF15,2022-04-08T04:46:39.000000,1,251,238,suggested
HALO-AC3_RF15_044639,HALO-AC3,RF15,2022-04-08T04:46:39.000000,1,257,225,suggested
HALO-AC3_RF15_044639,HALO-AC3,RF15,2022-04-08T04:46:39.000000,1,259,212,suggested
HALO-AC3_RF15_044639,HALO-AC3,RF15,2022-04-08T04:46:39.000000,1,260,198,suggested
HALO-AC3_RF15_044639,HALO-AC3,RF15,2022-04-08T04:46:39.000000,1,262,184,suggested
HALO-AC3_RF15_044639,HALO-AC3,RF15,2022-04-08T04:46:39.000000,1,260,173,suggested
HALO-AC3_RF15_044639,HALO-AC3,RF15,2022-04-08T04:46:39.000000,1,260,159,suggested
HALO-AC3_RF15_044639,HALO-AC3,RF15,2022-04-08T04:46:39.000000,1,259,145,suggested
HALO-AC3_RF15_044639,HALO-AC3,RF15,2022-04-08T04:46:39.000000,1,260,131,suggested
HALO-AC3_RF15_044639,HALO-AC3,RF15,2022-04-08T04:46:39.000000,1,258,118,suggested
HALO-AC3_RF15_044639,HALO-AC3,RF15,2022-04-08T04:46:39.000000,1,254,108,suggested
HALO-AC3_RF15_044639,HALO-AC3,RF15,2022-04-08T04:46:39.000000,1,251,94,suggested
HALO-AC3_RF15_044639,HALO-AC3,RF15,2022-04-08T04:46:39.000000,1,246,75,suggested
HALO-AC3_RF15_044639,HALO-AC3,RF15,2022-04-08T04:46:39.000000,1,246,61,suggested
HALO-AC3_RF15_044639,HALO-AC3,RF15,2022-04-08T04:46:39.000000,1,245,56,suggested
HALO-AC3_RF15_044639,HALO-AC3,RF15,2022-04-08T04:46:39.000000,1,246,45,suggested
HALO-AC3_RF15_063617,HALO-AC3,RF15,2022-04-08T06:36:17.000000,1,44,113,suggested
HALO-AC3_RF15_063617,HALO-AC3,RF15,2022-04-08T06:36:17.000000,1,51,122,suggested
HALO-AC3_RF15_063617,HALO-AC3,RF15,2022-04-08T06:36:17.000000,1,55,132,suggested
HALO-AC3_RF15_063617,HALO-AC3,RF15,2022-04-08T06:36:17.000000,1,43,145,suggested
HALO-AC3_RF15_063617,HALO-AC3,RF15,2022-04-08T06:36:17.000000,1,45,145,suggested
HALO-AC3_RF15_063617,HALO-AC3,RF15,2022-04-08T06:36:17.000000,1,40,191,suggested
HALO-AC3_RF15_063617,HALO-AC3,RF15,2022-04-08T06:36:17.000000,1,44,190,suggested
HALO-AC3_RF15_063617,HALO-AC3,RF15,2022-04-08T06:36:17.000000,1,52,185,suggested
HALO-AC3_RF15_063617,HALO-AC3,RF15,2022-04-08T06:36:17.000000,1,52,184,suggested
HALO-AC3_RF15_063617,HALO-AC3,RF15,2022-04-08T06:36:17.000000,1,61,173,suggested
HALO-AC3_RF15_063617,HALO-AC3,RF15,2022-04-08T06:36:17.000000,1,74,162,suggested
HALO-AC3_RF15_063617,HALO-AC3,RF15,2022-04-08T06:36:17.000000,1,82,167,suggested
HALO-AC3_RF15_063617,HALO-AC3,RF15,2022-04-08T06:36:17.000000,1,89,174,suggested
HALO-AC3_RF15_063617,HALO-AC3,RF15,2022-04-08T06:36:17.000000,1,95,187,suggested
HALO-AC3_RF15_063617,HALO-AC3,RF15,2022-04-08T06:36:17.000000,1,96,200,suggested
HALO-AC3_RF15_063617,HALO-AC3,RF15,2022-04-08T06:36:17.000000,1,97,213,suggested
HALO-AC3_RF15_063617,HALO-AC3,RF15,2022-04-08T06:36:17.000000,1,101,223,suggested
HALO-AC3_RF15_063617,HALO-AC3,RF15,2022-04-08T06:36:17.000000,1,105,230,suggested
HALO-AC3_RF15_063617,HALO-AC3,RF15,2022-04-08T06:36:17.000000,1,110,234,suggested
HALO-AC3_RF15_063617,HALO-AC3,RF15,2022-04-08T06:36:17.000000,1,115,245,suggested
HALO-AC3_RF15_063617,HALO-AC3,RF15,2022-04-08T06:36:17.000000,1,119,259,suggested
HALO-AC3_RF15_063617,HALO-AC3,RF15,2022-04-08T06:36:17.000000,1,123,270,suggested
HALO-AC3_RF15_063617,HALO-AC3,RF15,2022-04-08T06:36:17.000000,1,126,282,suggested
HALO-AC3_RF15_063617,HALO-AC3,RF15,2022-04-08T06:36:17.000000,1,123,296,suggested
HALO-AC3_RF15_063617,HALO-AC3,RF15,2022-04-08T06:36:17.000000,1,123,306,suggested
HALO-AC3_RF15_063617,HALO-AC3,RF15,2022-04-08T06:36:17.000000,1,127,319,suggested
HALO-AC3_RF15_063617,HALO-AC3,RF15,2022-04-08T06:36:17.000000,1,129,329,suggested
HALO-AC3_RF15_063617,HALO-AC3,RF15,2022-04-08T06:36:17.000000,1,118,345,suggested
HALO-AC3_RF15_063617,HALO-AC3,RF15,2022-04-08T06:36:17.000000,1,119,340,suggested
HALO-AC3_RF15_063617,HALO-AC3,RF15,2022-04-08T06:36:17.000000,1,123,363,suggested
HALO-AC3_RF15_063617,HALO-AC3,RF15,2022-04-08T06:36:17.000000,1,119,369,suggested
HALO-AC3_RF15_063617,HALO-AC3,RF15,2022-04-08T06:36:17.000000,1,118,374,suggested
HALO-AC3_RF15_063617,HALO-AC3,RF15,2022-04-08T06:36:17.000000,1,118,376,suggested
HALO-AC3_RF15_063617,HALO-AC3,RF15,2022-04-08T06:36:17.000000,1,112,390,suggested
HALO-AC3_RF15_063617,HALO-AC3,RF15,2022-04-08T06:36:17.000000,1,102,398,suggested
HALO-AC3_RF15_063617,HALO-AC3,RF15,2022-04-08T06:36:17.000000,1,101,398,suggested
HALO-AC3_RF15_063617,HALO-AC3,RF15,2022-04-08T06:36:17.000000,1,97,400,suggested
HALO-AC3_RF15_063617,HALO-AC3,RF15,2022-04-08T06:36:17.000000,1,88,414,suggested
HALO-AC3_RF15_063617,HALO-AC3,RF15,2022-04-08T06:36:17.000000,1,82,421,suggested
HALO-AC3_RF15_063617,HALO-AC3,RF15,2022-04-08T06:36:17.000000,1,73,425,suggested
HALO-AC3_RF15_063617,HALO-AC3,RF15,2022-04-08T06:36:17.000000,1,72,425,suggested
HALO-AC3_RF15_063617,HALO-AC3,RF15,2022-04-08T06:36:17.000000,1,64,429,suggested
HALO-AC3_RF15_063617,HALO-AC3,RF15,2022-04-08T06:36:17.000000,1,56,439,suggested
HALO-AC3_RF15_110954,HALO-AC3,RF15,2022-04-08T11:09:54.000000,1,374,368,suggested
HALO-AC3_RF15_110954,HALO-AC3,RF15,2022-04-08T11:09:54.000000,1,316,367,suggested
HALO-AC3_RF15_110954,HALO-AC3,RF15,2022-04-08T11:09:54.000000,1,354,336,suggested
HALO-AC3_RF15_110954,HALO-AC3,RF15,2022-04-08T11:09:54.000000,1,337,327,suggested
HALO-AC3_RF15_110954,HALO-AC3,RF15,2022-04-08T11:09:54.000000,1,356,160,suggested
HALO-AC3_RF15_110954,HALO-AC3,RF15,2022-04-08T11:09:54.000000,1,369,154,suggested
HALO-AC3_RF15_110954,HALO-AC3,RF15,2022-04-08T11:09:54.000000,1,366,308,suggested
HALO-AC3_RF15_110954,HALO-AC3,RF15,2022-04-08T11:09:54.000000,1,385,337,suggested
HALO-AC3_RF15_110954,HALO-AC3,RF15,2022-04-08T11:09:54.000000,1,423,435,suggested
HALO-AC3_RF15_110954,HALO-AC3,RF15,2022-04-08T11:09:54.000000,1,420,408,suggested
HALO-AC3_RF15_110954,HALO-AC3,RF15,2022-04-08T11:09:54.000000,1,429,401,suggested
HALO-AC3_RF15_110954,HALO-AC3,RF15,2022-04-08T11:09:54.000000,1,417,377,suggested
HALO-AC3_RF15_110954,HALO-AC3,RF15,2022-04-08T11:09:54.000000,1,427,324,suggested
HALO-AC3_RF15_110954,HALO-AC3,RF15,2022-04-08T11:09:54.000000,1,425,296,suggested
HALO-AC3_RF15_110954,HALO-AC3,RF15,2022-04-08T11:09:54.000000,1,440,290,suggested
HALO-AC3_RF15_110954,HALO-AC3,RF15,2022-04-08T11:09:54.000000,1,452,279,suggested
HALO-AC3_RF15_110954,HALO-AC3,RF15,2022-04-08T11:09:54.000000,1,463,271,suggested
HALO-AC3_RF15_110954,HALO-AC3,RF15,2022-04-08T11:09:54.000000,1,480,253,suggested
HALO-AC3_RF15_110954,HALO-AC3,RF15,2022-04-08T11:09:54.000000,1,494,238,suggested
HALO-AC3_RF15_110954,HALO-AC3,RF15,2022-04-08T11:09:54.000000,1,504,234,suggested
HALO-AC3_RF15_110954,HALO-AC3,RF15,2022-04-08T11:09:54.000000,1,512,228,suggested
HALO-AC3_RF15_110954,HALO-AC3,RF15,2022-04-08T11:09:54.000000,1,523,219,suggested
HALO-AC3_RF15_110954,HALO-AC3,RF15,2022-04-08T11:09:54.000000,1,540,210,suggested
HALO-AC3_RF15_110954,HALO-AC3,RF15,2022-04-08T11:09:54.000000,1,559,206,suggested
HALO-AC3_RF15_110954,HALO-AC3,RF15,2022-04-08T11:09:54.000000,1,575,207,suggested
HALO-AC3_RF15_110954,HALO-AC3,RF15,2022-04-08T11:09:54.000000,1,586,207,suggested
HALO-AC3_RF15_110954,HALO-AC3,RF15,2022-04-08T11:09:54.000000,1,342,227,manual
HALO-AC3_RF15_110954,HALO-AC3,RF15,2022-04-08T11:09:54.000000,1,324,254,manual
HALO-AC3_RF15_110954,HALO-AC3,RF15,2022-04-08T11:09:54.000000,1,311,349,manual
HALO-AC3_RF15_110954,HALO-AC3,RF15,2022-04-08T11:09:54.000000,1,385,223,manual
HALO-AC3_RF15_110954,HALO-AC3,RF15,2022-04-08T11:09:54.000000,1,394,208,manual
HALO-AC3_RF15_110954,HALO-AC3,RF15,2022-04-08T11:09:54.000000,1,395,166,manual
HALO-AC3_RF15_111104,HALO-AC3,RF15,2022-04-08T11:11:04.000000,1,47,162,suggested
HALO-AC3_RF15_111104,HALO-AC3,RF15,2022-04-08T11:11:04.000000,1,61,162,suggested
HALO-AC3_RF15_111104,HALO-AC3,RF15,2022-04-08T11:11:04.000000,1,71,168,suggested
HALO-AC3_RF15_111104,HALO-AC3,RF15,2022-04-08T11:11:04.000000,1,80,179,suggested
HALO-AC3_RF15_111104,HALO-AC3,RF15,2022-04-08T11:11:04.000000,1,89,188,suggested
HALO-AC3_RF15_111104,HALO-AC3,RF15,2022-04-08T11:11:04.000000,1,103,191,suggested
HALO-AC3_RF15_111104,HALO-AC3,RF15,2022-04-08T11:11:04.000000,1,117,189,suggested
HALO-AC3_RF15_111104,HALO-AC3,RF15,2022-04-08T11:11:04.000000,1,131,191,suggested
HALO-AC3_RF15_111104,HALO-AC3,RF15,2022-04-08T11:11:04.000000,1,136,202,suggested
HALO-AC3_RF15_111104,HALO-AC3,RF15,2022-04-08T11:11:04.000000,1,148,205,suggested
HALO-AC3_RF15_111104,HALO-AC3,RF15,2022-04-08T11:11:04.000000,1,162,203,suggested
HALO-AC3_RF15_111104,HALO-AC3,RF15,2022-04-08T11:11:04.000000,1,177,200,suggested
HALO-AC3_RF15_111104,HALO-AC3,RF15,2022-04-08T11:11:04.000000,1,182,218,suggested
HALO-AC3_RF15_111104,HALO-AC3,RF15,2022-04-08T11:11:04.000000,1,190,222,suggested
HALO-AC3_RF15_111104,HALO-AC3,RF15,2022-04-08T11:11:04.000000,1,200,227,suggested
HALO-AC3_RF15_111104,HALO-AC3,RF15,2022-04-08T11:11:04.000000,1,213,234,suggested
HALO-AC3_RF15_111104,HALO-AC3,RF15,2022-04-08T11:11:04.000000,1,233,237,suggested
HALO-AC3_RF15_111104,HALO-AC3,RF15,2022-04-08T11:11:04.000000,1,239,249,suggested
HALO-AC3_RF15_111104,HALO-AC3,RF15,2022-04-08T11:11:04.000000,1,248,257,suggested
HALO-AC3_RF15_111104,HALO-AC3,RF15,2022-04-08T11:11:04.000000,1,261,262,suggested
HALO-AC3_RF15_111104,HALO-AC3,RF15,2022-04-08T11:11:04.000000,1,274,265,suggested
HALO-AC3_RF15_111104,HALO-AC3,RF15,2022-04-08T11:11:04.000000,1,281,280,suggested
HALO-AC3_RF15_111104,HALO-AC3,RF15,2022-04-08T11:11:04.000000,1,292,282,suggested
HALO-AC3_RF15_111104,HALO-AC3,RF15,2022-04-08T11:11:04.000000,1,291,284,suggested
HALO-AC3_RF15_111104,HALO-AC3,RF15,2022-04-08T11:11:04.000000,1,301,286,suggested
HALO-AC3_RF15_111104,HALO-AC3,RF15,2022-04-08T11:11:04.000000,1,310,298,suggested
HALO-AC3_RF15_111104,HALO-AC3,RF15,2022-04-08T11:11:04.000000,1,316,313,suggested
HALO-AC3_RF15_111104,HALO-AC3,RF15,2022-04-08T11:11:04.000000,1,321,311,suggested
HALO-AC3_RF15_111104,HALO-AC3,RF15,2022-04-08T11:11:04.000000,1,330,315,suggested
HALO-AC3_RF15_111104,HALO-AC3,RF15,2022-04-08T11:11:04.000000,1,336,326,suggested
HALO-AC3_RF15_111104,HALO-AC3,RF15,2022-04-08T11:11:04.000000,1,347,333,suggested
HALO-AC3_RF15_111104,HALO-AC3,RF15,2022-04-08T11:11:04.000000,1,361,339,suggested
HALO-AC3_RF15_111104,HALO-AC3,RF15,2022-04-08T11:11:04.000000,1,374,348,suggested
HALO-AC3_RF15_111104,HALO-AC3,RF15,2022-04-08T11:11:04.000000,1,386,355,suggested
HALO-AC3_RF15_111104,HALO-AC3,RF15,2022-04-08T11:11:04.000000,1,396,361,suggested
HALO-AC3_RF15_111104,HALO-AC3,RF15,2022-04-08T11:11:04.000000,1,411,365,suggested
HALO-AC3_RF15_111104,HALO-AC3,RF15,2022-04-08T11:11:04.000000,1,425,369,suggested
HALO-AC3_RF15_111104,HALO-AC3,RF15,2022-04-08T11:11:04.000000,1,439,377,suggested
HALO-AC3_RF15_111104,HALO-AC3,RF15,2022-04-08T11:11:04.000000,1,452,381,suggested
HALO-AC3_RF15_111104,HALO-AC3,RF15,2022-04-08T11:11:04.000000,1,465,388,suggested
HALO-AC3_RF15_111104,HALO-AC3,RF15,2022-04-08T11:11:04.000000,1,480,399,suggested
HALO-AC3_RF15_111104,HALO-AC3,RF15,2022-04-08T11:11:04.000000,1,484,399,suggested
HALO-AC3_RF15_111104,HALO-AC3,RF15,2022-04-08T11:11:04.000000,1,495,408,suggested
HALO-AC3_RF15_111104,HALO-AC3,RF15,2022-04-08T11:11:04.000000,1,513,394,suggested
HALO-AC3_RF15_111104,HALO-AC3,RF15,2022-04-08T11:11:04.000000,1,522,391,suggested
HALO-AC3_RF15_111104,HALO-AC3,RF15,2022-04-08T11:11:04.000000,1,528,384,suggested
HALO-AC3_RF15_111104,HALO-AC3,RF15,2022-04-08T11:11:04.000000,1,534,375,suggested
HALO-AC3_RF15_111104,HALO-AC3,RF15,2022-04-08T11:11:04.000000,1,562,353,suggested
HALO-AC3_RF15_111104,HALO-AC3,RF15,2022-04-08T11:11:04.000000,1,564,321,suggested
HALO-AC3_RF15_111104,HALO-AC3,RF15,2022-04-08T11:11:04.000000,1,487,266,suggested
HALO-AC3_RF15_111104,HALO-AC3,RF15,2022-04-08T11:11:04.000000,1,461,248,suggested
HALO-AC3_RF15_111104,HALO-AC3,RF15,2022-04-08T11:11:04.000000,1,450,241,suggested
HALO-AC3_RF15_111104,HALO-AC3,RF15,2022-04-08T11:11:04.000000,1,434,224,suggested
HALO-AC3_RF15_111104,HALO-AC3,RF15,2022-04-08T11:11:04.000000,1,363,173,suggested
HALO-AC3_RF15_111104,HALO-AC3,RF15,2022-04-08T11:11:04.000000,1,362,158,suggested
HALO-AC3_RF15_111104,HALO-AC3,RF15,2022-04-08T11:11:04.000000,1,184,75,suggested
HALO-AC3_RF15_111104,HALO-AC3,RF15,2022-04-08T11:11:04.000000,1,173,71,suggested
HALO-AC3_RF15_111104,HALO-AC3,RF15,2022-04-08T11:11:04.000000,1,160,73,suggested
HALO-AC3_RF15_111104,HALO-AC3,RF15,2022-04-08T11:11:04.000000,1,121,62,suggested
HALO-AC3_RF15_111218,HALO-AC3,RF15,2022-04-08T11:12:18.000000,1,307,298,suggested
HALO-AC3_RF15_111218,HALO-AC3,RF15,2022-04-08T11:12:18.000000,1,360,295,suggested
HALO-AC3_RF15_111218,HALO-AC3,RF15,2022-04-08T11:12:18.000000,1,374,297,suggested
HALO-AC3_RF15_111218,HALO-AC3,RF15,2022-04-08T11:12:18.000000,1,390,297,suggested
HALO-AC3_RF15_111218,HALO-AC3,RF15,2022-04-08T11:12:18.000000,1,402,297,suggested
HALO-AC3_RF15_111218,HALO-AC3,RF15,2022-04-08T11:12:18.000000,1,416,299,suggested
HALO-AC3_RF15_111218,HALO-AC3,RF15,2022-04-08T11:12:18.000000,1,430,303,suggested
HALO-AC3_RF15_111218,HALO-AC3,RF15,2022-04-08T11:12:18.000000,1,444,303,suggested
HALO-AC3_RF15_111218,HALO-AC3,RF15,2022-04-08T11:12:18.000000,1,458,303,suggested
HALO-AC3_RF15_111218,HALO-AC3,RF15,2022-04-08T11:12:18.000000,1,471,308,suggested
HALO-AC3_RF15_111218,HALO-AC3,RF15,2022-04-08T11:12:18.000000,1,480,318,suggested
HALO-AC3_RF15_111218,HALO-AC3,RF15,2022-04-08T11:12:18.000000,1,485,331,suggested
HALO-AC3_RF15_111218,HALO-AC3,RF15,2022-04-08T11:12:18.000000,1,480,344,suggested
HALO-AC3_RF15_111218,HALO-AC3,RF15,2022-04-08T11:12:18.000000,1,477,358,suggested
HALO-AC3_RF15_111218,HALO-AC3,RF15,2022-04-08T11:12:18.000000,1,470,370,suggested
HALO-AC3_RF15_111218,HALO-AC3,RF15,2022-04-08T11:12:18.000000,1,459,378,suggested
HALO-AC3_RF15_111218,HALO-AC3,RF15,2022-04-08T11:12:18.000000,1,366,360,suggested
HALO-AC3_RF15_111218,HALO-AC3,RF15,2022-04-08T11:12:18.000000,1,357,368,suggested
HALO-AC3_RF15_111218,HALO-AC3,RF15,2022-04-08T11:12:18.000000,1,336,373,suggested
HALO-AC3_RF15_111218,HALO-AC3,RF15,2022-04-08T11:12:18.000000,1,328,365,suggested
HALO-AC3_RF15_111218,HALO-AC3,RF15,2022-04-08T11:12:18.000000,1,328,366,suggested
HALO-AC3_RF15_111218,HALO-AC3,RF15,2022-04-08T11:12:18.000000,1,58,392,suggested
HALO-AC3_RF15_111218,HALO-AC3,RF15,2022-04-08T11:12:18.000000,1,68,394,suggested
HALO-AC3_RF15_111218,HALO-AC3,RF15,2022-04-08T11:12:18.000000,1,82,399,suggested
HALO-AC3_RF15_111218,HALO-AC3,RF15,2022-04-08T11:12:18.000000,1,95,401,suggested
HALO-AC3_RF15_111218,HALO-AC3,RF15,2022-04-08T11:12:18.000000,1,112,397,suggested
HALO-AC3_RF15_111218,HALO-AC3,RF15,2022-04-08T11:12:18.000000,1,118,392,suggested
HALO-AC3_RF15_111218,HALO-AC3,RF15,2022-04-08T11:12:18.000000,1,125,392,suggested
HALO-AC3_RF15_111218,HALO-AC3,RF15,2022-04-08T11:12:18.000000,1,137,400,suggested
HALO-AC3_RF15_111218,HALO-AC3,RF15,2022-04-08T11:12:18.000000,1,146,412,suggested
HALO-AC3_RF15_111218,HALO-AC3,RF15,2022-04-08T11:12:18.000000,1,183,405,suggested
HALO-AC3_RF15_111218,HALO-AC3,RF15,2022-04-08T11:12:18.000000,1,198,395,suggested
HALO-AC3_RF15_111218,HALO-AC3,RF15,2022-04-08T11:12:18.000000,1,203,390,suggested
HALO-AC3_RF15_111218,HALO-AC3,RF15,2022-04-08T11:12:18.000000,1,228,397,suggested
HALO-AC3_RF15_111218,HALO-AC3,RF15,2022-04-08T11:12:18.000000,1,239,399,suggested
HALO-AC3_RF15_111218,HALO-AC3,RF15,2022-04-08T11:12:18.000000,1,250,397,suggested
HALO-AC3_RF15_111218,HALO-AC3,RF15,2022-04-08T11:12:18.000000,1,274,397,suggested
HALO-AC3_RF15_111218,HALO-AC3,RF15,2022-04-08T11:12:18.000000,1,298,404,suggested
HALO-AC3_RF15_111218,HALO-AC3,RF15,2022-04-08T11:12:18.000000,1,324,401,suggested
HALO-AC3_RF15_111218,HALO-AC3,RF15,2022-04-08T11:12:18.000000,1,355,412,suggested
HALO-AC3_RF15_111218,HALO-AC3,RF15,2022-04-08T11:12:18.000000,1,375,409,suggested
HALO-AC3_RF15_111218,HALO-AC3,RF15,2022-04-08T11:12:18.000000,1,414,409,suggested
HALO-AC3_RF15_111218,HALO-AC3,RF15,2022-04-08T11:12:18.000000,1,435,414,suggested
HALO-AC3_RF15_111218,HALO-AC3,RF15,2022-04-08T11:12:18.000000,1,449,412,suggested
HALO-AC3_RF15_111218,HALO-AC3,RF15,2022-04-08T11:12:18.000000,1,461,419,suggested
HALO-AC3_RF15_111218,HALO-AC3,RF15,2022-04-08T11:12:18.000000,1,473,422,suggested
HALO-AC3_RF15_111218,HALO-AC3,RF15,2022-04-08T11:12:18.000000,1,485,427,suggested
HALO-AC3_RF15_111218,HALO-AC3,RF15,2022-04-08T11:12:18.000000,1,497,430,suggested
HALO-AC3_RF15_111218,HALO-AC3,RF15,2022-04-08T11:12:18.000000,1,508,437,suggested
HALO-AC3_RF15_111218,HALO-AC3,RF15,2022-04-08T11:12:18.000000,1,530,436,suggested
HALO-AC3_RF15_111218,HALO-AC3,RF15,2022-04-08T11:12:18.000000,1,535,442,suggested
HALO-AC3_RF15_111218,HALO-AC3,RF15,2022-04-08T11:12:18.000000,1,541,448,suggested
HALO-AC3_RF15_111218,HALO-AC3,RF15,2022-04-08T11:12:18.000000,1,565,443,suggested
HALO-AC3_RF15_111218,HALO-AC3,RF15,2022-04-08T11:12:18.000000,1,576,443,suggested
HALO-AC3_RF15_111218,HALO-AC3,RF15,2022-04-08T11:12:18.000000,1,588,436,suggested
HALO-AC3_RF15_111218,HALO-AC3,RF15,2022-04-08T11:12:18.000000,1,581,210,suggested
HALO-AC3_RF15_111218,HALO-AC3,RF15,2022-04-08T11:12:18.000000,1,563,216,suggested
HALO-AC3_RF15_111218,HALO-AC3,RF15,2022-04-08T11:12:18.000000,1,447,248,suggested
HALO-AC3_RF15_111218,HALO-AC3,RF15,2022-04-08T11:12:18.000000,1,433,246,suggested
HALO-AC3_RF15_111218,HALO-AC3,RF15,2022-04-08T11:12:18.000000,1,407,241,suggested
HALO-AC3_RF15_111218,HALO-AC3,RF15,2022-04-08T11:12:18.000000,1,393,218,suggested
HALO-AC3_RF15_111218,HALO-AC3,RF15,2022-04-08T11:12:18.000000,1,336,184,suggested
HALO-AC3_RF15_111218,HALO-AC3,RF15,2022-04-08T11:12:18.000000,1,314,189,suggested
HALO-AC3_RF15_111218,HALO-AC3,RF15,2022-04-08T11:12:18.000000,1,306,187,suggested
HALO-AC3_RF15_111218,HALO-AC3,RF15,2022-04-08T11:12:18.000000,1,282,187,suggested
HALO-AC3_RF15_111218,HALO-AC3,RF15,2022-04-08T11:12:18.000000,1,273,178,suggested
HALO-AC3_RF15_111218,HALO-AC3,RF15,2022-04-08T11:12:18.000000,1,265,174,suggested
HALO-AC3_RF15_111218,HALO-AC3,RF15,2022-04-08T11:12:18.000000,1,244,131,suggested
HALO-AC3_RF15_111218,HALO-AC3,RF15,2022-04-08T11:12:18.000000,1,238,118,suggested
HALO-AC3_RF15_111218,HALO-AC3,RF15,2022-04-08T11:12:18.000000,1,237,104,suggested
HALO-AC3_RF15_111218,HALO-AC3,RF15,2022-04-08T11:12:18.000000,1,231,92,suggested
HALO-AC3_RF15_111218,HALO-AC3,RF15,2022-04-08T11:12:18.000000,1,225,84,suggested
HALO-AC3_RF15_111218,HALO-AC3,RF15,2022-04-08T11:12:18.000000,1,216,63,suggested
HALO-AC3_RF15_111218,HALO-AC3,RF15,2022-04-08T11:12:18.000000,1,207,50,suggested
HALO-AC3_RF15_111425,HALO-AC3,RF15,2022-04-08T11:14:25.000000,1,62,203,suggested
HALO-AC3_RF15_111425,HALO-AC3,RF15,2022-04-08T11:14:25.000000,1,70,205,suggested
HALO-AC3_RF15_111425,HALO-AC3,RF15,2022-04-08T11:14:25.000000,1,83,212,suggested
HALO-AC3_RF15_111425,HALO-AC3,RF15,2022-04-08T11:14:25.000000,1,102,216,suggested
HALO-AC3_RF15_111425,HALO-AC3,RF15,2022-04-08T11:14:25.000000,1,111,215,suggested
HALO-AC3_RF15_111425,HALO-AC3,RF15,2022-04-08T11:14:25.000000,1,123,232,suggested
HALO-AC3_RF15_111425,HALO-AC3,RF15,2022-04-08T11:14:25.000000,1,116,246,suggested
HALO-AC3_RF15_111425,HALO-AC3,RF15,2022-04-08T11:14:25.000000,1,113,255,suggested
HALO-AC3_RF15_111425,HALO-AC3,RF15,2022-04-08T11:14:25.000000,1,117,270,suggested
HALO-AC3_RF15_111425,HALO-AC3,RF15,2022-04-08T11:14:25.000000,1,113,282,suggested
HALO-AC3_RF15_111425,HALO-AC3,RF15,2022-04-08T11:14:25.000000,1,101,289,suggested
HALO-AC3_RF15_111425,HALO-AC3,RF15,2022-04-08T11:14:25.000000,1,92,300,suggested
HALO-AC3_RF15_111425,HALO-AC3,RF15,2022-04-08T11:14:25.000000,1,81,310,suggested
HALO-AC3_RF15_111425,HALO-AC3,RF15,2022-04-08T11:14:25.000000,1,67,319,suggested
HALO-AC3_RF15_111425,HALO-AC3,RF15,2022-04-08T11:14:25.000000,1,57,446,suggested
HALO-AC3_RF15_111425,HALO-AC3,RF15,2022-04-08T11:14:25.000000,1,71,455,suggested
HALO-AC3_RF15_111425,HALO-AC3,RF15,2022-04-08T11:14:25.000000,1,414,449,suggested
HALO-AC3_RF15_111425,HALO-AC3,RF15,2022-04-08T11:14:25.000000,1,401,427,suggested
HALO-AC3_RF15_111425,HALO-AC3,RF15,2022-04-08T11:14:25.000000,1,394,420,suggested
HALO-AC3_RF15_111425,HALO-AC3,RF15,2022-04-08T11:14:25.000000,1,383,417,suggested
HALO-AC3_RF15_111425,HALO-AC3,RF15,2022-04-08T11:14:25.000000,1,373,409,suggested
HALO-AC3_RF15_111425,HALO-AC3,RF15,2022-04-08T11:14:25.000000,1,357,400,suggested
HALO-AC3_RF15_111425,HALO-AC3,RF15,2022-04-08T11:14:25.000000,1,365,386,suggested
HALO-AC3_RF15_111425,HALO-AC3,RF15,2022-04-08T11:14:25.000000,1,345,371,suggested
HALO-AC3_RF15_111425,HALO-AC3,RF15,2022-04-08T11:14:25.000000,1,339,359,suggested
HALO-AC3_RF15_111425,HALO-AC3,RF15,2022-04-08T11:14:25.000000,1,361,332,suggested
HALO-AC3_RF15_111425,HALO-AC3,RF15,2022-04-08T11:14:25.000000,1,363,345,suggested
HALO-AC3_RF15_111425,HALO-AC3,RF15,2022-04-08T11:14:25.000000,1,372,312,suggested
HALO-AC3_RF15_111425,HALO-AC3,RF15,2022-04-08T11:14:25.000000,1,376,285,suggested
HALO-AC3_RF15_111425,HALO-AC3,RF15,2022-04-08T11:14:25.000000,1,379,290,suggested
HALO-AC3_RF15_111425,HALO-AC3,RF15,2022-04-08T11:14:25.000000,1,373,272,suggested
HALO-AC3_RF15_111425,HALO-AC3,RF15,2022-04-08T11:14:25.000000,1,367,258,suggested
HALO-AC3_RF15_111425,HALO-AC3,RF15,2022-04-08T11:14:25.000000,1,338,236,suggested
HALO-AC3_RF15_111425,HALO-AC3,RF15,2022-04-08T11:14:25.000000,1,325,231,suggested
HALO-AC3_RF15_111425,HALO-AC3,RF15,2022-04-08T11:14:25.000000,1,316,217,suggested
HALO-AC3_RF15_111425,HALO-AC3,RF15,2022-04-08T11:14:25.000000,1,302,192,suggested
HALO-AC3_RF15_111425,HALO-AC3,RF15,2022-04-08T11:14:25.000000,1,277,179,suggested
HALO-AC3_RF15_111425,HALO-AC3,RF15,2022-04-08T11:14:25.000000,1,261,180,suggested
HALO-AC3_RF15_111425,HALO-AC3,RF15,2022-04-08T11:14:25.000000,1,238,167,suggested
HALO-AC3_RF15_111425,HALO-AC3,RF15,2022-04-08T11:14:25.000000,1,217,153,suggested
HALO-AC3_RF15_111425,HALO-AC3,RF15,2022-04-08T11:14:25.000000,1,200,152,suggested
HALO-AC3_RF15_111425,HALO-AC3,RF15,2022-04-08T11:14:25.000000,1,176,137,suggested
HALO-AC3_RF15_111425,HALO-AC3,RF15,2022-04-08T11:14:25.000000,1,184,163,suggested
HALO-AC3_RF15_111425,HALO-AC3,RF15,2022-04-08T11:14:25.000000,1,173,150,suggested
HALO-AC3_RF15_111425,HALO-AC3,RF15,2022-04-08T11:14:25.000000,1,152,121,suggested
HALO-AC3_RF15_111425,HALO-AC3,RF15,2022-04-08T11:14:25.000000,1,138,139,suggested
HALO-AC3_RF15_111425,HALO-AC3,RF15,2022-04-08T11:14:25.000000,1,131,142,suggested
HALO-AC3_RF15_111425,HALO-AC3,RF15,2022-04-08T11:14:25.000000,1,112,132,suggested
HALO-AC3_RF15_111425,HALO-AC3,RF15,2022-04-08T11:14:25.000000,1,103,115,suggested
HALO-AC3_RF15_111425,HALO-AC3,RF15,2022-04-08T11:14:25.000000,1,97,107,suggested
HALO-AC3_RF15_111425,HALO-AC3,RF15,2022-04-08T11:14:25.000000,1,82,105,suggested
HALO-AC3_RF15_111425,HALO-AC3,RF15,2022-04-08T11:14:25.000000,1,71,94,suggested
HALO-AC3_RF15_111425,HALO-AC3,RF15,2022-04-08T11:14:25.000000,1,239,220,suggested
HALO-AC3_RF15_111425,HALO-AC3,RF15,2022-04-08T11:14:25.000000,1,271,224,suggested
HALO-AC3_RF15_111425,HALO-AC3,RF15,2022-04-08T11:14:25.000000,1,268,233,suggested
HALO-AC3_RF15_111425,HALO-AC3,RF15,2022-04-08T11:14:25.000000,1,266,243,suggested
HALO-AC3_RF15_111425,HALO-AC3,RF15,2022-04-08T11:14:25.000000,1,280,252,suggested
HALO-AC3_RF15_111425,HALO-AC3,RF15,2022-04-08T11:14:25.000000,1,284,267,suggested
HALO-AC3_RF15_111425,HALO-AC3,RF15,2022-04-08T11:14:25.000000,1,272,300,suggested
HALO-AC3_RF15_111425,HALO-AC3,RF15,2022-04-08T11:14:25.000000,1,231,267,suggested
HALO-AC3_RF15_111425,HALO-AC3,RF15,2022-04-08T11:14:25.000000,1,238,253,suggested
HALO-AC3_RF16_101619,HALO-AC3,RF16,2022-04-10T10:16:19.000000,1,206,293,manual
HALO-AC3_RF16_101619,HALO-AC3,RF16,2022-04-10T10:16:19.000000,1,151,333,manual
HALO-AC3_RF16_101619,HALO-AC3,RF16,2022-04-10T10:16:19.000000,1,280,190,suggested
HALO-AC3_RF16_101619,HALO-AC3,RF16,2022-04-10T10:16:19.000000,1,277,208,suggested
HALO-AC3_RF16_101619,HALO-AC3,RF16,2022-04-10T10:16:19.000000,1,266,219,suggested
HALO-AC3_RF16_101619,HALO-AC3,RF16,2022-04-10T10:16:19.000000,1,258,231,suggested
HALO-AC3_RF16_101619,HALO-AC3,RF16,2022-04-10T10:16:19.000000,1,261,249,suggested
HALO-AC3_RF16_101619,HALO-AC3,RF16,2022-04-10T10:16:19.000000,1,244,252,suggested
HALO-AC3_RF16_101619,HALO-AC3,RF16,2022-04-10T10:16:19.000000,1,238,265,suggested
HALO-AC3_RF16_101619,HALO-AC3,RF16,2022-04-10T10:16:19.000000,1,228,275,suggested
HALO-AC3_RF16_101619,HALO-AC3,RF16,2022-04-10T10:16:19.000000,1,218,284,suggested
HALO-AC3_RF16_101619,HALO-AC3,RF16,2022-04-10T10:16:19.000000,1,206,292,suggested
HALO-AC3_RF16_101619,HALO-AC3,RF16,2022-04-10T10:16:19.000000,1,195,298,suggested
HALO-AC3_RF16_101619,HALO-AC3,RF16,2022-04-10T10:16:19.000000,1,184,306,suggested
HALO-AC3_RF16_101619,HALO-AC3,RF16,2022-04-10T10:16:19.000000,1,175,316,suggested
HALO-AC3_RF16_101619,HALO-AC3,RF16,2022-04-10T10:16:19.000000,1,164,322,suggested
HALO-AC3_RF16_101619,HALO-AC3,RF16,2022-04-10T10:16:19.000000,1,153,330,suggested
HALO-AC3_RF16_101619,HALO-AC3,RF16,2022-04-10T10:16:19.000000,1,142,336,suggested
HALO-AC3_RF16_101619,HALO-AC3,RF16,2022-04-10T10:16:19.000000,1,132,345,suggested
HALO-AC3_RF16_101619,HALO-AC3,RF16,2022-04-10T10:16:19.000000,1,121,350,suggested
HALO-AC3_RF16_101619,HALO-AC3,RF16,2022-04-10T10:16:19.000000,1,109,356,suggested
HALO-AC3_RF16_101619,HALO-AC3,RF16,2022-04-10T10:16:19.000000,1,99,364,suggested
HALO-AC3_RF16_101619,HALO-AC3,RF16,2022-04-10T10:16:19.000000,1,81,381,suggested
HALO-AC3_RF16_101619,HALO-AC3,RF16,2022-04-10T10:16:19.000000,1,74,385,suggested
HALO-AC3_RF16_101619,HALO-AC3,RF16,2022-04-10T10:16:19.000000,1,62,387,suggested
HALO-AC3_RF16_101619,HALO-AC3,RF16,2022-04-10T10:16:19.000000,1,54,389,suggested
HALO-AC3_RF16_101619,HALO-AC3,RF16,2022-04-10T10:16:19.000000,1,293,327,suggested
HALO-AC3_RF16_101619,HALO-AC3,RF16,2022-04-10T10:16:19.000000,1,299,315,suggested
HALO-AC3_RF16_101619,HALO-AC3,RF16,2022-04-10T10:16:19.000000,1,309,306,suggested
HALO-AC3_RF16_155549,HALO-AC3,RF16,2022-04-10T15:55:49.000000,1,56,429,suggested
HALO-AC3_RF16_155549,HALO-AC3,RF16,2022-04-10T15:55:49.000000,1,58,442,suggested
HALO-AC3_RF16_155549,HALO-AC3,RF16,2022-04-10T15:55:49.000000,1,59,452,suggested
HALO-AC3_RF16_155549,HALO-AC3,RF16,2022-04-10T15:55:49.000000,1,62,462,suggested
HALO-AC3_RF16_155549,HALO-AC3,RF16,2022-04-10T15:55:49.000000,1,106,435,suggested
HALO-AC3_RF16_155549,HALO-AC3,RF16,2022-04-10T15:55:49.000000,1,135,442,suggested
HALO-AC3_RF16_155549,HALO-AC3,RF16,2022-04-10T15:55:49.000000,1,143,453,suggested
HALO-AC3_RF16_155549,HALO-AC3,RF16,2022-04-10T15:55:49.000000,1,146,463,suggested
HALO-AC3_RF16_155549,HALO-AC3,RF16,2022-04-10T15:55:49.000000,1,174,462,suggested
HALO-AC3_RF16_155549,HALO-AC3,RF16,2022-04-10T15:55:49.000000,1,177,455,suggested
HALO-AC3_RF16_155549,HALO-AC3,RF16,2022-04-10T15:55:49.000000,1,213,390,suggested
HALO-AC3_RF16_155549,HALO-AC3,RF16,2022-04-10T15:55:49.000000,1,209,375,suggested
HALO-AC3_RF16_155549,HALO-AC3,RF16,2022-04-10T15:55:49.000000,1,222,374,suggested
HALO-AC3_RF16_155549,HALO-AC3,RF16,2022-04-10T15:55:49.000000,1,258,348,suggested
HALO-AC3_RF16_155549,HALO-AC3,RF16,2022-04-10T15:55:49.000000,1,258,332,suggested
HALO-AC3_RF16_155549,HALO-AC3,RF16,2022-04-10T15:55:49.000000,1,259,332,suggested
HALO-AC3_RF16_155549,HALO-AC3,RF16,2022-04-10T15:55:49.000000,1,272,349,suggested
HALO-AC3_RF16_155549,HALO-AC3,RF16,2022-04-10T15:55:49.000000,1,276,356,suggested
HALO-AC3_RF16_155549,HALO-AC3,RF16,2022-04-10T15:55:49.000000,1,286,368,suggested
HALO-AC3_RF16_155549,HALO-AC3,RF16,2022-04-10T15:55:49.000000,1,277,362,suggested
HALO-AC3_RF16_155549,HALO-AC3,RF16,2022-04-10T15:55:49.000000,1,287,368,suggested
HALO-AC3_RF16_155549,HALO-AC3,RF16,2022-04-10T15:55:49.000000,1,296,376,suggested
HALO-AC3_RF16_155549,HALO-AC3,RF16,2022-04-10T15:55:49.000000,1,300,385,suggested
HALO-AC3_RF16_155549,HALO-AC3,RF16,2022-04-10T15:55:49.000000,1,306,394,suggested
HALO-AC3_RF16_155549,HALO-AC3,RF16,2022-04-10T15:55:49.000000,1,308,401,suggested
HALO-AC3_RF16_155549,HALO-AC3,RF16,2022-04-10T15:55:49.000000,1,339,353,suggested
HALO-AC3_RF16_155549,HALO-AC3,RF16,2022-04-10T15:55:49.000000,1,373,383,suggested
HALO-AC3_RF16_155549,HALO-AC3,RF16,2022-04-10T15:55:49.000000,1,374,407,suggested
HALO-AC3_RF16_155549,HALO-AC3,RF16,2022-04-10T15:55:49.000000,1,379,418,suggested
HALO-AC3_RF16_155549,HALO-AC3,RF16,2022-04-10T15:55:49.000000,1,385,424,suggested
HALO-AC3_RF16_155549,HALO-AC3,RF16,2022-04-10T15:55:49.000000,1,396,433,suggested
HALO-AC3_RF16_155549,HALO-AC3,RF16,2022-04-10T15:55:49.000000,1,399,445,suggested
HALO-AC3_RF16_155549,HALO-AC3,RF16,2022-04-10T15:55:49.000000,1,396,461,suggested
HALO-AC3_RF16_155549,HALO-AC3,RF16,2022-04-10T15:55:49.000000,1,371,372,suggested
HALO-AC3_RF16_155617,HALO-AC3,RF16,2022-04-10T15:56:17.000000,1,59,287,suggested
HALO-AC3_RF16_155617,HALO-AC3,RF16,2022-04-10T15:56:17.000000,1,64,293,suggested
HALO-AC3_RF16_155617,HALO-AC3,RF16,2022-04-10T15:56:17.000000,1,74,299,suggested
HALO-AC3_RF16_155617,HALO-AC3,RF16,2022-04-10T15:56:17.000000,1,85,304,suggested
HALO-AC3_RF16_155617,HALO-AC3,RF16,2022-04-10T15:56:17.000000,1,101,307,suggested
HALO-AC3_RF16_155617,HALO-AC3,RF16,2022-04-10T15:56:17.000000,1,118,309,suggested
HALO-AC3_RF16_155617,HALO-AC3,RF16,2022-04-10T15:56:17.000000,1,116,311,suggested
HALO-AC3_RF16_155617,HALO-AC3,RF16,2022-04-10T15:56:17.000000,1,132,307,suggested
HALO-AC3_RF16_155617,HALO-AC3,RF16,2022-04-10T15:56:17.000000,1,127,308,suggested
HALO-AC3_RF16_155617,HALO-AC3,RF16,2022-04-10T15:56:17.000000,1,150,293,suggested
HALO-AC3_RF16_155617,HALO-AC3,RF16,2022-04-10T15:56:17.000000,1,53,73,suggested
HALO-AC3_RF16_155617,HALO-AC3,RF16,2022-04-10T15:56:17.000000,1,468,35,suggested
HALO-AC3_RF16_155617,HALO-AC3,RF16,2022-04-10T15:56:17.000000,1,460,50,suggested
HALO-AC3_RF16_155617,HALO-AC3,RF16,2022-04-10T15:56:17.000000,1,453,61,suggested
HALO-AC3_RF16_155617,HALO-AC3,RF16,2022-04-10T15:56:17.000000,1,448,71,suggested
HALO-AC3_RF16_155617,HALO-AC3,RF16,2022-04-10T15:56:17.000000,1,446,83,suggested
HALO-AC3_RF16_155617,HALO-AC3,RF16,2022-04-10T15:56:17.000000,1,443,94,suggested
HALO-AC3_RF16_155617,HALO-AC3,RF16,2022-04-10T15:56:17.000000,1,437,106,suggested
HALO-AC3_RF16_155617,HALO-AC3,RF16,2022-04-10T15:56:17.000000,1,429,116,suggested
HALO-AC3_RF16_155617,HALO-AC3,RF16,2022-04-10T15:56:17.000000,1,421,125,suggested
HALO-AC3_RF16_155617,HALO-AC3,RF16,2022-04-10T15:56:17.000000,1,420,136,suggested
HALO-AC3_RF16_155617,HALO-AC3,RF16,2022-04-10T15:56:17.000000,1,419,143,suggested
HALO-AC3_RF16_155617,HALO-AC3,RF16,2022-04-10T15:56:17.000000,1,352,180,suggested
HALO-AC3_RF16_155617,HALO-AC3,RF16,2022-04-10T15:56:17.000000,1,372,161,suggested
HALO-AC3_RF16_155617,HALO-AC3,RF16,2022-04-10T15:56:17.000000,1,362,171,suggested
HALO-AC3_RF16_155617,HALO-AC3,RF16,2022-04-10T15:56:17.000000,1,359,185,suggested
HALO-AC3_RF16_155617,HALO-AC3,RF16,2022-04-10T15:56:17.000000,1,359,192,suggested
HALO-AC3_RF16_155617,HALO-AC3,RF16,2022-04-10T15:56:17.000000,1,361,201,suggested
HALO-AC3_RF16_155617,HALO-AC3,RF16,2022-04-10T15:56:17.000000,1,371,209,suggested
HALO-AC3_RF16_155617,HALO-AC3,RF16,2022-04-10T15:56:17.000000,1,384,218,suggested
HALO-AC3_RF16_155617,HALO-AC3,RF16,2022-04-10T15:56:17.000000,1,393,228,suggested
HALO-AC3_RF16_155617,HALO-AC3,RF16,2022-04-10T15:56:17.000000,1,397,240,suggested
HALO-AC3_RF16_155617,HALO-AC3,RF16,2022-04-10T15:56:17.000000,1,402,247,suggested
HALO-AC3_RF16_155617,HALO-AC3,RF16,2022-04-10T15:56:17.000000,1,409,261,suggested
HALO-AC3_RF16_155617,HALO-AC3,RF16,2022-04-10T15:56:17.000000,1,411,267,suggested
HALO-AC3_RF16_155617,HALO-AC3,RF16,2022-04-10T15:56:17.000000,1,417,285,suggested
HALO-AC3_RF16_155617,HALO-AC3,RF16,2022-04-10T15:56:17.000000,1,416,296,suggested
HALO-AC3_RF16_155617,HALO-AC3,RF16,2022-04-10T15:56:17.000000,1,411,312,suggested
HALO-AC3_RF16_155617,HALO-AC3,RF16,2022-04-10T15:56:17.000000,1,409,320,suggested
HALO-AC3_RF16_155617,HALO-AC3,RF16,2022-04-10T15:56:17.000000,1,405,331,suggested
HALO-AC3_RF16_155617,HALO-AC3,RF16,2022-04-10T15:56:17.000000,1,402,344,suggested
HALO-AC3_RF16_155617,HALO-AC3,RF16,2022-04-10T15:56:17.000000,1,401,355,suggested
HALO-AC3_RF16_155617,HALO-AC3,RF16,2022-04-10T15:56:17.000000,1,400,368,suggested
HALO-AC3_RF16_155617,HALO-AC3,RF16,2022-04-10T15:56:17.000000,1,399,383,suggested
HALO-AC3_RF16_155617,HALO-AC3,RF16,2022-04-10T15:56:17.000000,1,396,395,suggested
HALO-AC3_RF16_155617,HALO-AC3,RF16,2022-04-10T15:56:17.000000,1,395,406,suggested
HALO-AC3_RF16_155617,HALO-AC3,RF16,2022-04-10T15:56:17.000000,1,394,419,suggested
HALO-AC3_RF16_155617,HALO-AC3,RF16,2022-04-10T15:56:17.000000,1,389,432,suggested
HALO-AC3_RF16_155617,HALO-AC3,RF16,2022-04-10T15:56:17.000000,1,385,444,suggested
HALO-AC3_RF16_155617,HALO-AC3,RF16,2022-04-10T15:56:17.000000,1,385,456,suggested
HALO-AC3_RF16_155719,HALO-AC3,RF16,2022-04-10T15:57:19.000000,1,144,47,suggested
HALO-AC3_RF16_155719,HALO-AC3,RF16,2022-04-10T15:57:19.000000,1,148,55,suggested
HALO-AC3_RF16_155719,HALO-AC3,RF16,2022-04-10T15:57:19.000000,1,149,70,suggested
HALO-AC3_RF16_155719,HALO-AC3,RF16,2022-04-10T15:57:19.000000,1,152,84,suggested
HALO-AC3_RF16_155719,HALO-AC3,RF16,2022-04-10T15:57:19.000000,1,153,90,suggested
HALO-AC3_RF16_155719,HALO-AC3,RF16,2022-04-10T15:57:19.000000,1,155,107,suggested
HALO-AC3_RF16_155719,HALO-AC3,RF16,2022-04-10T15:57:19.000000,1,152,122,suggested
HALO-AC3_RF16_155719,HALO-AC3,RF16,2022-04-10T15:57:19.000000,1,143,134,suggested
HALO-AC3_RF16_155719,HALO-AC3,RF16,2022-04-10T15:57:19.000000,1,128,143,suggested
HALO-AC3_RF16_155719,HALO-AC3,RF16,2022-04-10T15:57:19.000000,1,121,147,suggested
HALO-AC3_RF16_155719,HALO-AC3,RF16,2022-04-10T15:57:19.000000,1,110,155,suggested
HALO-AC3_RF16_155719,HALO-AC3,RF16,2022-04-10T15:57:19.000000,1,100,164,suggested
HALO-AC3_RF16_155719,HALO-AC3,RF16,2022-04-10T15:57:19.000000,1,96,170,suggested
HALO-AC3_RF16_155719,HALO-AC3,RF16,2022-04-10T15:57:19.000000,1,86,185,suggested
HALO-AC3_RF16_155719,HALO-AC3,RF16,2022-04-10T15:57:19.000000,1,80,192,suggested
HALO-AC3_RF16_155719,HALO-AC3,RF16,2022-04-10T15:57:19.000000,1,74,202,suggested
HALO-AC3_RF16_155719,HALO-AC3,RF16,2022-04-10T15:57:19.000000,1,64,214,suggested
HALO-AC3_RF16_155719,HALO-AC3,RF16,2022-04-10T15:57:19.000000,1,61,218,suggested
HALO-AC3_RF16_155719,HALO-AC3,RF16,2022-04-10T15:57:19.000000,1,58,240,suggested
HALO-AC3_RF16_155719,HALO-AC3,RF16,2022-04-10T15:57:19.000000,1,54,252,suggested
HALO-AC3_RF16_155719,HALO-AC3,RF16,2022-04-10T15:57:19.000000,1,47,281,suggested
HALO-AC3_RF16_155719,HALO-AC3,RF16,2022-04-10T15:57:19.000000,1,59,290,suggested
HALO-AC3_RF16_155719,HALO-AC3,RF16,2022-04-10T15:57:19.000000,1,68,290,suggested
HALO-AC3_RF16_155719,HALO-AC3,RF16,2022-04-10T15:57:19.000000,1,81,297,suggested
HALO-AC3_RF16_155719,HALO-AC3,RF16,2022-04-10T15:57:19.000000,1,98,300,suggested
HALO-AC3_RF16_155719,HALO-AC3,RF16,2022-04-10T15:57:19.000000,1,117,275,suggested
HALO-AC3_RF16_155719,HALO-AC3,RF16,2022-04-10T15:57:19.000000,1,197,210,suggested
HALO-AC3_RF16_155719,HALO-AC3,RF16,2022-04-10T15:57:19.000000,1,211,209,suggested
HALO-AC3_RF16_155719,HALO-AC3,RF16,2022-04-10T15:57:19.000000,1,225,207,suggested
HALO-AC3_RF16_155719,HALO-AC3,RF16,2022-04-10T15:57:19.000000,1,237,203,suggested
HALO-AC3_RF16_155719,HALO-AC3,RF16,2022-04-10T15:57:19.000000,1,262,199,suggested
HALO-AC3_RF16_155719,HALO-AC3,RF16,2022-04-10T15:57:19.000000,1,255,205,suggested
HALO-AC3_RF16_155719,HALO-AC3,RF16,2022-04-10T15:57:19.000000,1,277,192,suggested
HALO-AC3_RF16_155719,HALO-AC3,RF16,2022-04-10T15:57:19.000000,1,280,192,suggested
HALO-AC3_RF16_155719,HALO-AC3,RF16,2022-04-10T15:57:19.000000,1,299,185,suggested
HALO-AC3_RF16_155719,HALO-AC3,RF16,2022-04-10T15:57:19.000000,1,313,179,suggested
HALO-AC3_RF16_155719,HALO-AC3,RF16,2022-04-10T15:57:19.000000,1,360,156,suggested
HALO-AC3_RF16_155719,HALO-AC3,RF16,2022-04-10T15:57:19.000000,1,369,150,suggested
HALO-AC3_RF16_155719,HALO-AC3,RF16,2022-04-10T15:57:19.000000,1,381,149,suggested
HALO-AC3_RF16_155719,HALO-AC3,RF16,2022-04-10T15:57:19.000000,1,398,146,suggested
HALO-AC3_RF16_155719,HALO-AC3,RF16,2022-04-10T15:57:19.000000,1,403,141,suggested
HALO-AC3_RF16_155719,HALO-AC3,RF16,2022-04-10T15:57:19.000000,1,394,173,suggested
HALO-AC3_RF16_155719,HALO-AC3,RF16,2022-04-10T15:57:19.000000,1,391,192,suggested
HALO-AC3_RF16_155719,HALO-AC3,RF16,2022-04-10T15:57:19.000000,1,378,199,suggested
HALO-AC3_RF16_155719,HALO-AC3,RF16,2022-04-10T15:57:19.000000,1,390,207,suggested
HALO-AC3_RF16_155719,HALO-AC3,RF16,2022-04-10T15:57:19.000000,1,397,214,suggested
HALO-AC3_RF16_155719,HALO-AC3,RF16,2022-04-10T15:57:19.000000,1,399,224,suggested
HALO-AC3_RF16_155719,HALO-AC3,RF16,2022-04-10T15:57:19.000000,1,392,239,suggested
HALO-AC3_RF16_155719,HALO-AC3,RF16,2022-04-10T15:57:19.000000,1,386,246,suggested
HALO-AC3_RF16_155719,HALO-AC3,RF16,2022-04-10T15:57:19.000000,1,379,253,suggested
HALO-AC3_RF16_155719,HALO-AC3,RF16,2022-04-10T15:57:19.000000,1,362,267,suggested
HALO-AC3_RF16_155719,HALO-AC3,RF16,2022-04-10T15:57:19.000000,1,359,270,suggested
HALO-AC3_RF16_155719,HALO-AC3,RF16,2022-04-10T15:57:19.000000,1,353,282,suggested
HALO-AC3_RF16_155719,HALO-AC3,RF16,2022-04-10T15:57:19.000000,1,345,296,suggested
HALO-AC3_RF16_155719,HALO-AC3,RF16,2022-04-10T15:57:19.000000,1,338,304,suggested
HALO-AC3_RF16_155719,HALO-AC3,RF16,2022-04-10T15:57:19.000000,1,330,315,suggested
HALO-AC3_RF16_155719,HALO-AC3,RF16,2022-04-10T15:57:19.000000,1,322,326,suggested
HALO-AC3_RF16_155719,HALO-AC3,RF16,2022-04-10T15:57:19.000000,1,315,336,suggested
HALO-AC3_RF16_155719,HALO-AC3,RF16,2022-04-10T15:57:19.000000,1,309,349,suggested
HALO-AC3_RF16_155719,HALO-AC3,RF16,2022-04-10T15:57:19.000000,1,304,358,suggested
HALO-AC3_RF16_155719,HALO-AC3,RF16,2022-04-10T15:57:19.000000,1,299,371,suggested
HALO-AC3_RF16_155719,HALO-AC3,RF16,2022-04-10T15:57:19.000000,1,287,383,suggested
HALO-AC3_RF16_155719,HALO-AC3,RF16,2022-04-10T15:57:19.000000,1,282,387,suggested
HALO-AC3_RF16_155719,HALO-AC3,RF16,2022-04-10T15:57:19.000000,1,276,398,suggested
HALO-AC3_RF16_155719,HALO-AC3,RF16,2022-04-10T15:57:19.000000,1,273,407,suggested
HALO-AC3_RF16_155719,HALO-AC3,RF16,2022-04-10T15:57:19.000000,1,272,420,suggested
HALO-AC3_RF16_155719,HALO-AC3,RF16,2022-04-10T15:57:19.000000,1,270,432,suggested
HALO-AC3_RF16_155719,HALO-AC3,RF16,2022-04-10T15:57:19.000000,1,269,445,suggested
HALO-AC3_RF16_155719,HALO-AC3,RF16,2022-04-10T15:57:19.000000,1,261,460,suggested
HALO-AC3_RF16_155719,HALO-AC3,RF16,2022-04-10T15:57:19.000000,1,257,465,suggested
HALO-AC3_RF16_155719,HALO-AC3,RF16,2022-04-10T15:57:19.000000,1,538,340,suggested
HALO-AC3_RF16_155719,HALO-AC3,RF16,2022-04-10T15:57:19.000000,1,552,306,suggested
HALO-AC3_RF16_155719,HALO-AC3,RF16,2022-04-10T15:57:19.000000,1,584,188,suggested
HALO-AC3_RF16_155719,HALO-AC3,RF16,2022-04-10T15:57:19.000000,1,582,453,suggested
HALO-AC3_RF16_155719,HALO-AC3,RF16,2022-04-10T15:57:19.000000,1,566,467,suggested
HALO-AC3_RF16_155719,HALO-AC3,RF16,2022-04-10T15:57:19.000000,1,548,474,suggested
HALO-AC3_RF16_155719,HALO-AC3,RF16,2022-04-10T15:57:19.000000,1,547,456,suggested
HALO-AC3_RF16_155719,HALO-AC3,RF16,2022-04-10T15:57:19.000000,1,536,444,suggested
HALO-AC3_RF16_155719,HALO-AC3,RF16,2022-04-10T15:57:19.000000,1,528,425,suggested
HALO-AC3_RF16_155719,HALO-AC3,RF16,2022-04-10T15:57:19.000000,1,518,416,suggested
HALO-AC3_RF16_155719,HALO-AC3,RF16,2022-04-10T15:57:19.000000,1,527,386,suggested
HALO-AC3_RF16_155719,HALO-AC3,RF16,2022-04-10T15:57:19.000000,1,543,386,suggested
HALO-AC3_RF18_092000,HALO-AC3,RF18,2022-04-12T09:20:00.000000,1,398,44,suggested
HALO-AC3_RF18_092000,HALO-AC3,RF18,2022-04-12T09:20:00.000000,1,405,53,suggested
HALO-AC3_RF18_092000,HALO-AC3,RF18,2022-04-12T09:20:00.000000,1,445,98,suggested
HALO-AC3_RF18_092000,HALO-AC3,RF18,2022-04-12T09:20:00.000000,1,449,107,suggested
HALO-AC3_RF18_092000,HALO-AC3,RF18,2022-04-12T09:20:00.000000,1,454,122,suggested
HALO-AC3_RF18_092000,HALO-AC3,RF18,2022-04-12T09:20:00.000000,1,455,129,suggested
HALO-AC3_RF18_092000,HALO-AC3,RF18,2022-04-12T09:20:00.000000,1,459,144,suggested
HALO-AC3_RF18_092000,HALO-AC3,RF18,2022-04-12T09:20:00.000000,1,460,157,suggested
HALO-AC3_RF18_092000,HALO-AC3,RF18,2022-04-12T09:20:00.000000,1,458,165,suggested
HALO-AC3_RF18_092000,HALO-AC3,RF18,2022-04-12T09:20:00.000000,1,455,178,suggested
HALO-AC3_RF18_092000,HALO-AC3,RF18,2022-04-12T09:20:00.000000,1,446,187,suggested
HALO-AC3_RF18_092000,HALO-AC3,RF18,2022-04-12T09:20:00.000000,1,438,196,suggested
HALO-AC3_RF18_092000,HALO-AC3,RF18,2022-04-12T09:20:00.000000,1,429,202,suggested
HALO-AC3_RF18_092000,HALO-AC3,RF18,2022-04-12T09:20:00.000000,1,419,210,suggested
HALO-AC3_RF18_092000,HALO-AC3,RF18,2022-04-12T09:20:00.000000,1,407,214,suggested
HALO-AC3_RF18_092000,HALO-AC3,RF18,2022-04-12T09:20:00.000000,1,406,213,suggested
HALO-AC3_RF18_092000,HALO-AC3,RF18,2022-04-12T09:20:00.000000,1,391,200,suggested
HALO-AC3_RF18_092000,HALO-AC3,RF18,2022-04-12T09:20:00.000000,1,385,221,suggested
HALO-AC3_RF18_092000,HALO-AC3,RF18,2022-04-12T09:20:00.000000,1,381,227,suggested
HALO-AC3_RF18_092000,HALO-AC3,RF18,2022-04-12T09:20:00.000000,1,381,240,suggested
HALO-AC3_RF18_092000,HALO-AC3,RF18,2022-04-12T09:20:00.000000,1,378,245,suggested
HALO-AC3_RF18_092000,HALO-AC3,RF18,2022-04-12T09:20:00.000000,1,377,253,suggested
HALO-AC3_RF18_092000,HALO-AC3,RF18,2022-04-12T09:20:00.000000,1,371,265,suggested
HALO-AC3_RF18_092000,HALO-AC3,RF18,2022-04-12T09:20:00.000000,1,366,277,suggested
HALO-AC3_RF18_092000,HALO-AC3,RF18,2022-04-12T09:20:00.000000,1,367,298,suggested
HALO-AC3_RF18_092000,HALO-AC3,RF18,2022-04-12T09:20:00.000000,1,366,299,suggested
HALO-AC3_RF18_092000,HALO-AC3,RF18,2022-04-12T09:20:00.000000,1,356,299,suggested
HALO-AC3_RF18_092000,HALO-AC3,RF18,2022-04-12T09:20:00.000000,1,307,276,suggested
HALO-AC3_RF18_092000,HALO-AC3,RF18,2022-04-12T09:20:00.000000,1,305,287,suggested
HALO-AC3_RF18_092000,HALO-AC3,RF18,2022-04-12T09:20:00.000000,1,296,340,suggested
HALO-AC3_RF18_092000,HALO-AC3,RF18,2022-04-12T09:20:00.000000,1,288,342,suggested
HALO-AC3_RF18_092000,HALO-AC3,RF18,2022-04-12T09:20:00.000000,1,373,326,suggested
HALO-AC3_RF18_092000,HALO-AC3,RF18,2022-04-12T09:20:00.000000,1,382,339,suggested
HALO-AC3_RF18_092000,HALO-AC3,RF18,2022-04-12T09:20:00.000000,1,425,374,suggested
HALO-AC3_RF18_092000,HALO-AC3,RF18,2022-04-12T09:20:00.000000,1,432,354,suggested
HALO-AC3_RF18_092000,HALO-AC3,RF18,2022-04-12T09:20:00.000000,1,448,361,suggested
HALO-AC3_RF18_092000,HALO-AC3,RF18,2022-04-12T09:20:00.000000,1,456,375,suggested
HALO-AC3_RF18_092000,HALO-AC3,RF18,2022-04-12T09:20:00.000000,1,462,380,suggested
HALO-AC3_RF18_092000,HALO-AC3,RF18,2022-04-12T09:20:00.000000,1,471,388,suggested
HALO-AC3_RF18_092000,HALO-AC3,RF18,2022-04-12T09:20:00.000000,1,481,395,suggested
HALO-AC3_RF18_092000,HALO-AC3,RF18,2022-04-12T09:20:00.000000,1,490,403,suggested
HALO-AC3_RF18_092000,HALO-AC3,RF18,2022-04-12T09:20:00.000000,1,499,410,suggested
HALO-AC3_RF18_092000,HALO-AC3,RF18,2022-04-12T09:20:00.000000,1,507,418,suggested
HALO-AC3_RF18_092000,HALO-AC3,RF18,2022-04-12T09:20:00.000000,1,517,428,suggested
HALO-AC3_RF18_092000,HALO-AC3,RF18,2022-04-12T09:20:00.000000,1,523,436,suggested
HALO-AC3_RF18_092000,HALO-AC3,RF18,2022-04-12T09:20:00.000000,1,531,445,suggested
HALO-AC3_RF18_092033,HALO-AC3,RF18,2022-04-12T09:20:33.000000,1,519,48,suggested
HALO-AC3_RF18_092033,HALO-AC3,RF18,2022-04-12T09:20:33.000000,1,520,54,suggested
HALO-AC3_RF18_092033,HALO-AC3,RF18,2022-04-12T09:20:33.000000,1,526,66,suggested
HALO-AC3_RF18_092033,HALO-AC3,RF18,2022-04-12T09:20:33.000000,1,532,78,suggested
HALO-AC3_RF18_092033,HALO-AC3,RF18,2022-04-12T09:20:33.000000,1,534,84,suggested
HALO-AC3_RF18_092033,HALO-AC3,RF18,2022-04-12T09:20:33.000000,1,541,94,suggested
HALO-AC3_RF18_092033,HALO-AC3,RF18,2022-04-12T09:20:33.000000,1,547,106,suggested
HALO-AC3_RF18_092033,HALO-AC3,RF18,2022-04-12T09:20:33.000000,1,545,111,suggested
HALO-AC3_RF18_092033,HALO-AC3,RF18,2022-04-12T09:20:33.000000,1,555,122,suggested
HALO-AC3_RF18_092033,HALO-AC3,RF18,2022-04-12T09:20:33.000000,1,553,132,suggested
HALO-AC3_RF18_092033,HALO-AC3,RF18,2022-04-12T09:20:33.000000,1,554,134,suggested
HALO-AC3_RF18_092033,HALO-AC3,RF18,2022-04-12T09:20:33.000000,1,555,149,suggested
HALO-AC3_RF18_092033,HALO-AC3,RF18,2022-04-12T09:20:33.000000,1,537,168,suggested
HALO-AC3_RF18_092033,HALO-AC3,RF18,2022-04-12T09:20:33.000000,1,550,165,suggested
HALO-AC3_RF18_092033,HALO-AC3,RF18,2022-04-12T09:20:33.000000,1,528,171,suggested
HALO-AC3_RF18_092033,HALO-AC3,RF18,2022-04-12T09:20:33.000000,1,522,177,suggested
HALO-AC3_RF18_092033,HALO-AC3,RF18,2022-04-12T09:20:33.000000,1,527,189,suggested
HALO-AC3_RF18_092033,HALO-AC3,RF18,2022-04-12T09:20:33.000000,1,525,186,suggested
HALO-AC3_RF18_092033,HALO-AC3,RF18,2022-04-12T09:20:33.000000,1,520,193,suggested
HALO-AC3_RF18_092033,HALO-AC3,RF18,2022-04-12T09:20:33.000000,1,508,191,suggested
HALO-AC3_RF18_092033,HALO-AC3,RF18,2022-04-12T09:20:33.000000,1,497,190,suggested
HALO-AC3_RF18_092033,HALO-AC3,RF18,2022-04-12T09:20:33.000000,1,477,200,suggested
HALO-AC3_RF18_092033,HALO-AC3,RF18,2022-04-12T09:20:33.000000,1,467,206,suggested
HALO-AC3_RF18_092033,HALO-AC3,RF18,2022-04-12T09:20:33.000000,1,464,219,suggested
HALO-AC3_RF18_092033,HALO-AC3,RF18,2022-04-12T09:20:33.000000,1,486,236,suggested
HALO-AC3_RF18_092033,HALO-AC3,RF18,2022-04-12T09:20:33.000000,1,484,248,suggested
HALO-AC3_RF18_092033,HALO-AC3,RF18,2022-04-12T09:20:33.000000,1,485,261,suggested
HALO-AC3_RF18_092033,HALO-AC3,RF18,2022-04-12T09:20:33.000000,1,473,263,suggested
HALO-AC3_RF18_092033,HALO-AC3,RF18,2022-04-12T09:20:33.000000,1,467,258,suggested
HALO-AC3_RF18_092033,HALO-AC3,RF18,2022-04-12T09:20:33.000000,1,453,255,suggested
HALO-AC3_RF18_092033,HALO-AC3,RF18,2022-04-12T09:20:33.000000,1,440,256,suggested
HALO-AC3_RF18_092033,HALO-AC3,RF18,2022-04-12T09:20:33.000000,1,428,259,suggested
HALO-AC3_RF18_092033,HALO-AC3,RF18,2022-04-12T09:20:33.000000,1,427,267,suggested
HALO-AC3_RF18_092033,HALO-AC3,RF18,2022-04-12T09:20:33.000000,1,529,384,suggested
HALO-AC3_RF18_092033,HALO-AC3,RF18,2022-04-12T09:20:33.000000,1,528,369,suggested
HALO-AC3_RF18_092033,HALO-AC3,RF18,2022-04-12T09:20:33.000000,1,537,362,suggested
HALO-AC3_RF18_092033,HALO-AC3,RF18,2022-04-12T09:20:33.000000,1,550,362,suggested
HALO-AC3_RF18_092033,HALO-AC3,RF18,2022-04-12T09:20:33.000000,1,543,386,suggested
HALO-AC3_RF18_092033,HALO-AC3,RF18,2022-04-12T09:20:33.000000,1,542,393,suggested
HALO-AC3_RF18_092033,HALO-AC3,RF18,2022-04-12T09:20:33.000000,1,541,396,suggested
HALO-AC3_RF18_092033,HALO-AC3,RF18,2022-04-12T09:20:33.000000,1,546,412,suggested
HALO-AC3_RF18_092033,HALO-AC3,RF18,2022-04-12T09:20:33.000000,1,546,406,suggested
HALO-AC3_RF18_092033,HALO-AC3,RF18,2022-04-12T09:20:33.000000,1,538,422,suggested
HALO-AC3_RF18_092033,HALO-AC3,RF18,2022-04-12T09:20:33.000000,1,529,427,suggested
HALO-AC3_RF18_092033,HALO-AC3,RF18,2022-04-12T09:20:33.000000,1,487,247,suggested
HALO-AC3_RF18_092122,HALO-AC3,RF18,2022-04-12T09:21:22.000000,1,590,276,suggested
HALO-AC3_RF18_092122,HALO-AC3,RF18,2022-04-12T09:21:22.000000,1,578,275,suggested
HALO-AC3_RF18_092122,HALO-AC3,RF18,2022-04-12T09:21:22.000000,1,565,273,suggested
HALO-AC3_RF18_092122,HALO-AC3,RF18,2022-04-12T09:21:22.000000,1,552,271,suggested
HALO-AC3_RF18_092122,HALO-AC3,RF18,2022-04-12T09:21:22.000000,1,483,295,suggested
HALO-AC3_RF18_092122,HALO-AC3,RF18,2022-04-12T09:21:22.000000,1,471,296,suggested
HALO-AC3_RF18_092122,HALO-AC3,RF18,2022-04-12T09:21:22.000000,1,459,294,suggested
HALO-AC3_RF18_092122,HALO-AC3,RF18,2022-04-12T09:21:22.000000,1,447,296,suggested
HALO-AC3_RF18_092122,HALO-AC3,RF18,2022-04-12T09:21:22.000000,1,434,299,suggested
HALO-AC3_RF18_092122,HALO-AC3,RF18,2022-04-12T09:21:22.000000,1,421,301,suggested
HALO-AC3_RF18_092122,HALO-AC3,RF18,2022-04-12T09:21:22.000000,1,410,301,suggested
HALO-AC3_RF18_092122,HALO-AC3,RF18,2022-04-12T09:21:22.000000,1,398,301,suggested
HALO-AC3_RF18_092122,HALO-AC3,RF18,2022-04-12T09:21:22.000000,1,384,302,suggested
HALO-AC3_RF18_092122,HALO-AC3,RF18,2022-04-12T09:21:22.000000,1,372,303,suggested
HALO-AC3_RF18_092122,HALO-AC3,RF18,2022-04-12T09:21:22.000000,1,359,304,suggested
HALO-AC3_RF18_092122,HALO-AC3,RF18,2022-04-12T09:21:22.000000,1,348,303,suggested
HALO-AC3_RF18_092122,HALO-AC3,RF18,2022-04-12T09:21:22.000000,1,254,327,suggested
HALO-AC3_RF18_092122,HALO-AC3,RF18,2022-04-12T09:21:22.000000,1,251,322,suggested
HALO-AC3_RF18_092122,HALO-AC3,RF18,2022-04-12T09:21:22.000000,1,258,331,suggested
HALO-AC3_RF18_092122,HALO-AC3,RF18,2022-04-12T09:21:22.000000,1,266,340,suggested
HALO-AC3_RF18_092122,HALO-AC3,RF18,2022-04-12T09:21:22.000000,1,275,352,suggested
HALO-AC3_RF18_092122,HALO-AC3,RF18,2022-04-12T09:21:22.000000,1,282,363,suggested
HALO-AC3_RF18_092122,HALO-AC3,RF18,2022-04-12T09:21:22.000000,1,286,369,suggested
HALO-AC3_RF18_092122,HALO-AC3,RF18,2022-04-12T09:21:22.000000,1,296,376,suggested
HALO-AC3_RF18_092122,HALO-AC3,RF18,2022-04-12T09:21:22.000000,1,306,383,suggested
HALO-AC3_RF18_092122,HALO-AC3,RF18,2022-04-12T09:21:22.000000,1,315,386,suggested
HALO-AC3_RF18_092122,HALO-AC3,RF18,2022-04-12T09:21:22.000000,1,326,405,suggested
HALO-AC3_RF18_092122,HALO-AC3,RF18,2022-04-12T09:21:22.000000,1,340,395,suggested
HALO-AC3_RF18_092122,HALO-AC3,RF18,2022-04-12T09:21:22.000000,1,353,393,suggested
HALO-AC3_RF18_092122,HALO-AC3,RF18,2022-04-12T09:21:22.000000,1,368,394,suggested
HALO-AC3_RF18_092122,HALO-AC3,RF18,2022-04-12T09:21:22.000000,1,380,399,suggested
HALO-AC3_RF18_092122,HALO-AC3,RF18,2022-04-12T09:21:22.000000,1,385,411,suggested
HALO-AC3_RF18_092122,HALO-AC3,RF18,2022-04-12T09:21:22.000000,1,397,403,suggested
HALO-AC3_RF18_092122,HALO-AC3,RF18,2022-04-12T09:21:22.000000,1,414,405,suggested
HALO-AC3_RF18_092122,HALO-AC3,RF18,2022-04-12T09:21:22.000000,1,415,407,suggested
HALO-AC3_RF18_092122,HALO-AC3,RF18,2022-04-12T09:21:22.000000,1,518,415,suggested
HALO-AC3_RF18_092122,HALO-AC3,RF18,2022-04-12T09:21:22.000000,1,545,419,suggested
HALO-AC3_RF18_092122,HALO-AC3,RF18,2022-04-12T09:21:22.000000,1,558,419,suggested
HALO-AC3_RF18_092122,HALO-AC3,RF18,2022-04-12T09:21:22.000000,1,580,423,suggested
HALO-AC3_RF18_092122,HALO-AC3,RF18,2022-04-12T09:21:22.000000,1,589,424,suggested
HALO-AC3_RF18_092207,HALO-AC3,RF18,2022-04-12T09:22:07.000000,1,587,167,suggested
HALO-AC3_RF18_092207,HALO-AC3,RF18,2022-04-12T09:22:07.000000,1,582,165,suggested
HALO-AC3_RF18_092207,HALO-AC3,RF18,2022-04-12T09:22:07.000000,1,572,158,suggested
HALO-AC3_RF18_092207,HALO-AC3,RF18,2022-04-12T09:22:07.000000,1,563,150,suggested
HALO-AC3_RF18_092207,HALO-AC3,RF18,2022-04-12T09:22:07.000000,1,558,144,suggested
HALO-AC3_RF18_092207,HALO-AC3,RF18,2022-04-12T09:22:07.000000,1,545,132,suggested
HALO-AC3_RF18_092207,HALO-AC3,RF18,2022-04-12T09:22:07.000000,1,533,132,suggested
HALO-AC3_RF18_092207,HALO-AC3,RF18,2022-04-12T09:22:07.000000,1,522,129,suggested
HALO-AC3_RF18_092207,HALO-AC3,RF18,2022-04-12T09:22:07.000000,1,510,136,suggested
HALO-AC3_RF18_092207,HALO-AC3,RF18,2022-04-12T09:22:07.000000,1,500,142,suggested
HALO-AC3_RF18_092207,HALO-AC3,RF18,2022-04-12T09:22:07.000000,1,493,154,suggested
HALO-AC3_RF18_092207,HALO-AC3,RF18,2022-04-12T09:22:07.000000,1,488,162,suggested
HALO-AC3_RF18_092207,HALO-AC3,RF18,2022-04-12T09:22:07.000000,1,483,174,suggested
HALO-AC3_RF18_092207,HALO-AC3,RF18,2022-04-12T09:22:07.000000,1,474,183,suggested
HALO-AC3_RF18_092207,HALO-AC3,RF18,2022-04-12T09:22:07.000000,1,464,185,suggested
HALO-AC3_RF18_092207,HALO-AC3,RF18,2022-04-12T09:22:07.000000,1,455,184,suggested
HALO-AC3_RF18_092207,HALO-AC3,RF18,2022-04-12T09:22:07.000000,1,442,185,suggested
HALO-AC3_RF18_092207,HALO-AC3,RF18,2022-04-12T09:22:07.000000,1,428,188,suggested
HALO-AC3_RF18_092207,HALO-AC3,RF18,2022-04-12T09:22:07.000000,1,416,194,suggested
HALO-AC3_RF18_092207,HALO-AC3,RF18,2022-04-12T09:22:07.000000,1,405,199,suggested
HALO-AC3_RF18_092207,HALO-AC3,RF18,2022-04-12T09:22:07.000000,1,392,199,suggested
HALO-AC3_RF18_092207,HALO-AC3,RF18,2022-04-12T09:22:07.000000,1,386,196,suggested
HALO-AC3_RF18_092207,HALO-AC3,RF18,2022-04-12T09:22:07.000000,1,383,193,suggested
HALO-AC3_RF18_092207,HALO-AC3,RF18,2022-04-12T09:22:07.000000,1,368,180,suggested
HALO-AC3_RF18_092207,HALO-AC3,RF18,2022-04-12T09:22:07.000000,1,354,181,suggested
HALO-AC3_RF18_092207,HALO-AC3,RF18,2022-04-12T09:22:07.000000,1,346,193,suggested
HALO-AC3_RF18_092207,HALO-AC3,RF18,2022-04-12T09:22:07.000000,1,336,192,suggested
HALO-AC3_RF18_092207,HALO-AC3,RF18,2022-04-12T09:22:07.000000,1,323,193,suggested
HALO-AC3_RF18_092207,HALO-AC3,RF18,2022-04-12T09:22:07.000000,1,310,194,suggested
HALO-AC3_RF18_092207,HALO-AC3,RF18,2022-04-12T09:22:07.000000,1,302,190,suggested
HALO-AC3_RF18_092207,HALO-AC3,RF18,2022-04-12T09:22:07.000000,1,296,183,suggested
HALO-AC3_RF18_092207,HALO-AC3,RF18,2022-04-12T09:22:07.000000,1,284,174,suggested
HALO-AC3_RF18_092207,HALO-AC3,RF18,2022-04-12T09:22:07.000000,1,278,168,suggested
HALO-AC3_RF18_092207,HALO-AC3,RF18,2022-04-12T09:22:07.000000,1,265,156,suggested
HALO-AC3_RF18_092207,HALO-AC3,RF18,2022-04-12T09:22:07.000000,1,269,144,suggested
HALO-AC3_RF18_092207,HALO-AC3,RF18,2022-04-12T09:22:07.000000,1,244,129,suggested
HALO-AC3_RF18_092207,HALO-AC3,RF18,2022-04-12T09:22:07.000000,1,232,125,suggested
HALO-AC3_RF18_092207,HALO-AC3,RF18,2022-04-12T09:22:07.000000,1,222,118,suggested
HALO-AC3_RF18_092207,HALO-AC3,RF18,2022-04-12T09:22:07.000000,1,210,114,suggested
HALO-AC3_RF18_092207,HALO-AC3,RF18,2022-04-12T09:22:07.000000,1,196,111,suggested
HALO-AC3_RF18_092207,HALO-AC3,RF18,2022-04-12T09:22:07.000000,1,187,107,suggested
HALO-AC3_RF18_092207,HALO-AC3,RF18,2022-04-12T09:22:07.000000,1,157,97,suggested
HALO-AC3_RF18_092207,HALO-AC3,RF18,2022-04-12T09:22:07.000000,1,151,106,suggested
HALO-AC3_RF18_092207,HALO-AC3,RF18,2022-04-12T09:22:07.000000,1,158,133,suggested
HALO-AC3_RF18_092207,HALO-AC3,RF18,2022-04-12T09:22:07.000000,1,163,154,suggested
HALO-AC3_RF18_092207,HALO-AC3,RF18,2022-04-12T09:22:07.000000,1,156,151,suggested
HALO-AC3_RF18_092207,HALO-AC3,RF18,2022-04-12T09:22:07.000000,1,152,145,suggested
HALO-AC3_RF18_092207,HALO-AC3,RF18,2022-04-12T09:22:07.000000,1,139,136,suggested
HALO-AC3_RF18_092207,HALO-AC3,RF18,2022-04-12T09:22:07.000000,1,129,129,suggested
HALO-AC3_RF18_092207,HALO-AC3,RF18,2022-04-12T09:22:07.000000,1,118,109,suggested
HALO-AC3_RF18_092207,HALO-AC3,RF18,2022-04-12T09:22:07.000000,1,89,104,suggested
HALO-AC3_RF18_092207,HALO-AC3,RF18,2022-04-12T09:22:07.000000,1,50,216,suggested
HALO-AC3_RF18_092207,HALO-AC3,RF18,2022-04-12T09:22:07.000000,1,66,210,suggested
HALO-AC3_RF18_092207,HALO-AC3,RF18,2022-04-12T09:22:07.000000,1,65,236,suggested
HALO-AC3_RF18_092207,HALO-AC3,RF18,2022-04-12T09:22:07.000000,1,68,215,suggested
HALO-AC3_RF18_092207,HALO-AC3,RF18,2022-04-12T09:22:07.000000,1,68,235,suggested
HALO-AC3_RF18_092207,HALO-AC3,RF18,2022-04-12T09:22:07.000000,1,59,237,suggested
HALO-AC3_RF18_092207,HALO-AC3,RF18,2022-04-12T09:22:07.000000,1,46,238,suggested
HALO-AC3_RF18_092207,HALO-AC3,RF18,2022-04-12T09:22:07.000000,1,68,336,suggested
HALO-AC3_RF18_092207,HALO-AC3,RF18,2022-04-12T09:22:07.000000,1,228,340,suggested
HALO-AC3_RF18_092207,HALO-AC3,RF18,2022-04-12T09:22:07.000000,1,242,355,suggested
HALO-AC3_RF18_092207,HALO-AC3,RF18,2022-04-12T09:22:07.000000,1,292,364,suggested
HALO-AC3_RF18_092207,HALO-AC3,RF18,2022-04-12T09:22:07.000000,1,330,388,suggested
HALO-AC3_RF18_092207,HALO-AC3,RF18,2022-04-12T09:22:07.000000,1,334,387,suggested
HALO-AC3_RF18_092207,HALO-AC3,RF18,2022-04-12T09:22:07.000000,1,422,349,suggested
HALO-AC3_RF18_092207,HALO-AC3,RF18,2022-04-12T09:22:07.000000,1,438,351,suggested
HALO-AC3_RF18_092207,HALO-AC3,RF18,2022-04-12T09:22:07.000000,1,443,367,suggested
HALO-AC3_RF18_092207,HALO-AC3,RF18,2022-04-12T09:22:07.000000,1,444,369,suggested
HALO-AC3_RF18_092207,HALO-AC3,RF18,2022-04-12T09:22:07.000000,1,453,382,suggested
HALO-AC3_RF18_092207,HALO-AC3,RF18,2022-04-12T09:22:07.000000,1,474,385,suggested
HALO-AC3_RF18_092207,HALO-AC3,RF18,2022-04-12T09:22:07.000000,1,479,392,suggested
HALO-AC3_RF18_092207,HALO-AC3,RF18,2022-04-12T09:22:07.000000,1,489,401,suggested
HALO-AC3_RF18_092207,HALO-AC3,RF18,2022-04-12T09:22:07.000000,1,497,411,suggested
HALO-AC3_RF18_092207,HALO-AC3,RF18,2022-04-12T09:22:07.000000,1,504,421,suggested
HALO-AC3_RF18_092207,HALO-AC3,RF18,2022-04-12T09:22:07.000000,1,507,426,suggested
HALO-AC3_RF18_092207,HALO-AC3,RF18,2022-04-12T09:22:07.000000,1,516,433,suggested
HALO-AC3_RF18_092207,HALO-AC3,RF18,2022-04-12T09:22:07.000000,1,525,441,suggested
HALO-AC3_RF18_092207,HALO-AC3,RF18,2022-04-12T09:22:07.000000,1,535,447,suggested
HALO-AC3_RF18_092207,HALO-AC3,RF18,2022-04-12T09:22:07.000000,1,552,461,suggested
HALO-AC3_RF18_092207,HALO-AC3,RF18,2022-04-12T09:22:07.000000,1,187,193,suggested
HALO-AC3_RF18_092207,HALO-AC3,RF18,2022-04-12T09:22:07.000000,1,182,179,suggested
HALO-AC3_RF18_092207,HALO-AC3,RF18,2022-04-12T09:22:07.000000,1,176,193,suggested
HALO-AC3_RF18_092207,HALO-AC3,RF18,2022-04-12T09:22:07.000000,1,166,169,suggested
HALO-AC3_RF18_092207,HALO-AC3,RF18,2022-04-12T09:22:07.000000,1,409,356,suggested
HALO-AC3_RF18_092207,HALO-AC3,RF18,2022-04-12T09:22:15.000000,1,414,32,suggested
HALO-AC3_RF18_092207,HALO-AC3,RF18,2022-04-12T09:22:15.000000,1,404,37,suggested
HALO-AC3_RF18_092207,HALO-AC3,RF18,2022-04-12T09:22:15.000000,1,390,36,suggested
HALO-AC3_RF18_092207,HALO-AC3,RF18,2022-04-12T09:22:15.000000,1,387,35,suggested
HALO-AC3_RF18_092207,HALO-AC3,RF18,2022-04-12T09:22:15.000000,1,69,54,suggested
HALO-AC3_RF18_092207,HALO-AC3,RF18,2022-04-12T09:22:15.000000,1,68,76,suggested
HALO-AC3_RF18_092207,HALO-AC3,RF18,2022-04-12T09:22:15.000000,1,68,60,suggested
HALO-AC3_RF18_092207,HALO-AC3,RF18,2022-04-12T09:22:15.000000,1,63,78,suggested
HALO-AC3_RF18_092207,HALO-AC3,RF18,2022-04-12T09:22:15.000000,1,49,79,suggested
HALO-AC3_RF18_092207,HALO-AC3,RF18,2022-04-12T09:22:15.000000,1,62,181,suggested
HALO-AC3_RF18_092207,HALO-AC3,RF18,2022-04-12T09:22:15.000000,1,189,164,suggested
HALO-AC3_RF18_092207,HALO-AC3,RF18,2022-04-12T09:22:15.000000,1,201,170,suggested
HALO-AC3_RF18_092207,HALO-AC3,RF18,2022-04-12T09:22:15.000000,1,229,178,suggested
HALO-AC3_RF18_092207,HALO-AC3,RF18,2022-04-12T09:22:15.000000,1,245,189,suggested
HALO-AC3_RF18_092207,HALO-AC3,RF18,2022-04-12T09:22:15.000000,1,282,195,suggested
HALO-AC3_RF18_092207,HALO-AC3,RF18,2022-04-12T09:22:15.000000,1,352,218,suggested
HALO-AC3_RF18_092207,HALO-AC3,RF18,2022-04-12T09:22:15.000000,1,423,184,suggested
HALO-AC3_RF18_092207,HALO-AC3,RF18,2022-04-12T09:22:15.000000,1,440,188,suggested
HALO-AC3_RF18_092207,HALO-AC3,RF18,2022-04-12T09:22:15.000000,1,445,206,suggested
HALO-AC3_RF18_092207,HALO-AC3,RF18,2022-04-12T09:22:15.000000,1,446,205,suggested
HALO-AC3_RF18_092207,HALO-AC3,RF18,2022-04-12T09:22:15.000000,1,453,204,suggested
HALO-AC3_RF18_092207,HALO-AC3,RF18,2022-04-12T09:22:15.000000,1,478,223,suggested
HALO-AC3_RF18_092207,HALO-AC3,RF18,2022-04-12T09:22:15.000000,1,481,232,suggested
HALO-AC3_RF18_092207,HALO-AC3,RF18,2022-04-12T09:22:15.000000,1,492,241,suggested
HALO-AC3_RF18_092207,HALO-AC3,RF18,2022-04-12T09:22:15.000000,1,501,251,suggested
HALO-AC3_RF18_092207,HALO-AC3,RF18,2022-04-12T09:22:15.000000,1,506,263,suggested
HALO-AC3_RF18_092207,HALO-AC3,RF18,2022-04-12T09:22:15.000000,1,511,266,suggested
HALO-AC3_RF18_092207,HALO-AC3,RF18,2022-04-12T09:22:15.000000,1,521,273,suggested
HALO-AC3_RF18_092207,HALO-AC3,RF18,2022-04-12T09:22:15.000000,1,531,281,suggested
HALO-AC3_RF18_092207,HALO-AC3,RF18,2022-04-12T09:22:15.000000,1,540,289,suggested
HALO-AC3_RF18_092207,HALO-AC3,RF18,2022-04-12T09:22:15.000000,1,549,295,suggested
HALO-AC3_RF18_092207,HALO-AC3,RF18,2022-04-12T09:22:15.000000,1,558,302,suggested
HALO-AC3_RF18_092207,HALO-AC3,RF18,2022-04-12T09:22:15.000000,1,570,310,suggested
HALO-AC3_RF18_092207,HALO-AC3,RF18,2022-04-12T09:22:15.000000,1,562,334,suggested
HALO-AC3_RF18_092207,HALO-AC3,RF18,2022-04-12T09:22:15.000000,1,572,349,suggested
HALO-AC3_RF18_092207,HALO-AC3,RF18,2022-04-12T09:22:15.000000,1,562,348,suggested
HALO-AC3_RF18_092207,HALO-AC3,RF18,2022-04-12T09:22:15.000000,1,572,345,suggested
HALO-AC3_RF18_092207,HALO-AC3,RF18,2022-04-12T09:22:15.000000,1,589,338,suggested
HALO-AC3_RF18_092207,HALO-AC3,RF18,2022-04-12T09:22:15.000000,1,409,190,suggested
HALO-AC3_RF18_092305,HALO-AC3,RF18,2022-04-12T09:23:05.000000,1,592,238,suggested
HALO-AC3_RF18_092305,HALO-AC3,RF18,2022-04-12T09:23:05.000000,1,527,155,suggested
HALO-AC3_RF18_092305,HALO-AC3,RF18,2022-04-12T09:23:05.000000,1,484,112,suggested
HALO-AC3_RF18_092305,HALO-AC3,RF18,2022-04-12T09:23:05.000000,1,434,80,suggested
HALO-AC3_RF18_092305,HALO-AC3,RF18,2022-04-12T09:23:05.000000,1,351,206,suggested
HALO-AC3_RF18_092305,HALO-AC3,RF18,2022-04-12T09:23:05.000000,1,360,214,suggested
HALO-AC3_RF18_092305,HALO-AC3,RF18,2022-04-12T09:23:05.000000,1,366,225,suggested
HALO-AC3_RF18_092305,HALO-AC3,RF18,2022-04-12T09:23:05.000000,1,374,236,suggested
HALO-AC3_RF18_092305,HALO-AC3,RF18,2022-04-12T09:23:05.000000,1,415,263,suggested
HALO-AC3_RF18_092305,HALO-AC3,RF18,2022-04-12T09:23:05.000000,1,440,282,suggested
HALO-AC3_RF18_092305,HALO-AC3,RF18,2022-04-12T09:23:05.000000,1,454,281,suggested
HALO-AC3_RF18_092305,HALO-AC3,RF18,2022-04-12T09:23:05.000000,1,464,282,suggested
HALO-AC3_RF18_092305,HALO-AC3,RF18,2022-04-12T09:23:05.000000,1,458,282,suggested
HALO-AC3_RF18_092305,HALO-AC3,RF18,2022-04-12T09:23:05.000000,1,455,308,suggested
HALO-AC3_RF18_092305,HALO-AC3,RF18,2022-04-12T09:23:05.000000,1,470,315,suggested
HALO-AC3_RF18_092305,HALO-AC3,RF18,2022-04-12T09:23:05.000000,1,473,315,suggested
HALO-AC3_RF18_092305,HALO-AC3,RF18,2022-04-12T09:23:05.000000,1,487,340,suggested
HALO-AC3_RF18_092305,HALO-AC3,RF18,2022-04-12T09:23:05.000000,1,484,352,suggested
HALO-AC3_RF18_092305,HALO-AC3,RF18,2022-04-12T09:23:05.000000,1,486,373,suggested
HALO-AC3_RF18_092305,HALO-AC3,RF18,2022-04-12T09:23:05.000000,1,494,382,suggested
HALO-AC3_RF18_092305,HALO-AC3,RF18,2022-04-12T09:23:05.000000,1,518,408,suggested
HALO-AC3_RF18_092305,HALO-AC3,RF18,2022-04-12T09:23:05.000000,1,525,418,suggested
HALO-AC3_RF18_092305,HALO-AC3,RF18,2022-04-12T09:23:05.000000,1,539,436,suggested
HALO-AC3_RF18_092305,HALO-AC3,RF18,2022-04-12T09:23:05.000000,1,547,448,suggested
HALO-AC3_RF18_092305,HALO-AC3,RF18,2022-04-12T09:23:05.000000,1,545,454,suggested
HALO-AC3_RF18_092305,HALO-AC3,RF18,2022-04-12T09:23:05.000000,1,560,432,suggested
HALO-AC3_RF18_092305,HALO-AC3,RF18,2022-04-12T09:23:05.000000,1,417,132,suggested
HALO-AC3_RF18_092305,HALO-AC3,RF18,2022-04-12T09:23:05.000000,1,422,127,suggested
HALO-AC3_RF18_092305,HALO-AC3,RF18,2022-04-12T09:23:05.000000,1,548,189,manual
HALO-AC3_RF18_092305,HALO-AC3,RF18,2022-04-12T09:23:05.000000,1,565,212,manual
HALO-AC3_RF18_092305,HALO-AC3,RF18,2022-04-12T09:23:05.000000,1,495,134,manual
HALO-AC3_RF18_092333,HALO-AC3,RF18,2022-04-12T09:23:33.000000,1,541,466,suggested
HALO-AC3_RF18_092333,HALO-AC3,RF18,2022-04-12T09:23:33.000000,1,580,156,suggested
HALO-AC3_RF18_092333,HALO-AC3,RF18,2022-04-12T09:23:33.000000,1,570,156,suggested
HALO-AC3_RF18_092333,HALO-AC3,RF18,2022-04-12T09:23:33.000000,1,562,169,suggested
HALO-AC3_RF18_092333,HALO-AC3,RF18,2022-04-12T09:23:33.000000,1,562,163,suggested
HALO-AC3_RF18_092333,HALO-AC3,RF18,2022-04-12T09:23:33.000000,1,458,53,suggested
HALO-AC3_RF18_092333,HALO-AC3,RF18,2022-04-12T09:23:33.000000,1,466,85,suggested
HALO-AC3_RF18_092333,HALO-AC3,RF18,2022-04-12T09:23:33.000000,1,487,88,suggested
HALO-AC3_RF18_092333,HALO-AC3,RF18,2022-04-12T09:23:33.000000,1,490,101,suggested
HALO-AC3_RF18_092333,HALO-AC3,RF18,2022-04-12T09:23:33.000000,1,505,106,suggested
HALO-AC3_RF18_092333,HALO-AC3,RF18,2022-04-12T09:23:33.000000,1,496,117,suggested
HALO-AC3_RF18_092333,HALO-AC3,RF18,2022-04-12T09:23:33.000000,1,490,128,suggested
HALO-AC3_RF18_092333,HALO-AC3,RF18,2022-04-12T09:23:33.000000,1,487,135,suggested
HALO-AC3_RF18_092333,HALO-AC3,RF18,2022-04-12T09:23:33.000000,1,486,146,suggested
HALO-AC3_RF18_092333,HALO-AC3,RF18,2022-04-12T09:23:33.000000,1,491,153,suggested
HALO-AC3_RF18_092333,HALO-AC3,RF18,2022-04-12T09:23:33.000000,1,494,170,suggested
HALO-AC3_RF18_092333,HALO-AC3,RF18,2022-04-12T09:23:33.000000,1,497,176,suggested
HALO-AC3_RF18_092333,HALO-AC3,RF18,2022-04-12T09:23:33.000000,1,488,189,suggested
HALO-AC3_RF18_092333,HALO-AC3,RF18,2022-04-12T09:23:33.000000,1,480,196,suggested
HALO-AC3_RF18_092333,HALO-AC3,RF18,2022-04-12T09:23:33.000000,1,501,207,suggested
HALO-AC3_RF18_092333,HALO-AC3,RF18,2022-04-12T09:23:33.000000,1,524,216,suggested
HALO-AC3_RF18_092333,HALO-AC3,RF18,2022-04-12T09:23:33.000000,1,521,232,suggested
HALO-AC3_RF18_092333,HALO-AC3,RF18,2022-04-12T09:23:33.000000,1,511,236,suggested
HALO-AC3_RF18_092333,HALO-AC3,RF18,2022-04-12T09:23:33.000000,1,503,246,suggested
HALO-AC3_RF18_092333,HALO-AC3,RF18,2022-04-12T09:23:33.000000,1,501,259,suggested
HALO-AC3_RF18_092333,HALO-AC3,RF18,2022-04-12T09:23:33.000000,1,500,271,suggested
HALO-AC3_RF18_092333,HALO-AC3,RF18,2022-04-12T09:23:33.000000,1,503,281,suggested
HALO-AC3_RF18_092333,HALO-AC3,RF18,2022-04-12T09:23:33.000000,1,508,290,suggested
HALO-AC3_RF18_092333,HALO-AC3,RF18,2022-04-12T09:23:33.000000,1,512,297,suggested
HALO-AC3_RF18_092333,HALO-AC3,RF18,2022-04-12T09:23:33.000000,1,522,303,suggested
HALO-AC3_RF18_092333,HALO-AC3,RF18,2022-04-12T09:23:33.000000,1,528,320,suggested
HALO-AC3_RF18_092333,HALO-AC3,RF18,2022-04-12T09:23:33.000000,1,522,331,suggested
HALO-AC3_RF18_092333,HALO-AC3,RF18,2022-04-12T09:23:33.000000,1,511,339,suggested
HALO-AC3_RF18_092333,HALO-AC3,RF18,2022-04-12T09:23:33.000000,1,505,344,suggested
HALO-AC3_RF18_092333,HALO-AC3,RF18,2022-04-12T09:23:33.000000,1,499,356,suggested
HALO-AC3_RF18_092333,HALO-AC3,RF18,2022-04-12T09:23:33.000000,1,492,367,suggested
HALO-AC3_RF18_092333,HALO-AC3,RF18,2022-04-12T09:23:33.000000,1,482,376,suggested
HALO-AC3_RF18_092333,HALO-AC3,RF18,2022-04-12T09:23:33.000000,1,472,379,suggested
HALO-AC3_RF18_092333,HALO-AC3,RF18,2022-04-12T09:23:33.000000,1,463,378,suggested
HALO-AC3_RF18_092333,HALO-AC3,RF18,2022-04-12T09:23:33.000000,1,455,377,suggested
HALO-AC3_RF18_092333,HALO-AC3,RF18,2022-04-12T09:23:33.000000,1,478,343,suggested
HALO-AC3_RF18_092333,HALO-AC3,RF18,2022-04-12T09:23:33.000000,1,447,362,suggested
HALO-AC3_RF18_092333,HALO-AC3,RF18,2022-04-12T09:23:33.000000,1,446,379,suggested
HALO-AC3_RF18_092333,HALO-AC3,RF18,2022-04-12T09:23:33.000000,1,443,383,suggested
HALO-AC3_RF18_092333,HALO-AC3,RF18,2022-04-12T09:23:33.000000,1,430,390,suggested
HALO-AC3_RF18_092333,HALO-AC3,RF18,2022-04-12T09:23:33.000000,1,419,386,suggested
HALO-AC3_RF18_092333,HALO-AC3,RF18,2022-04-12T09:23:33.000000,1,422,409,suggested
HALO-AC3_RF18_092333,HALO-AC3,RF18,2022-04-12T09:23:33.000000,1,420,422,suggested
HALO-AC3_RF18_092333,HALO-AC3,RF18,2022-04-12T09:23:33.000000,1,416,433,suggested
HALO-AC3_RF18_092333,HALO-AC3,RF18,2022-04-12T09:23:33.000000,1,408,444,suggested
HALO-AC3_RF18_092333,HALO-AC3,RF18,2022-04-12T09:23:33.000000,1,398,451,suggested
HALO-AC3_RF18_092333,HALO-AC3,RF18,2022-04-12T09:23:33.000000,1,386,457,suggested
HALO-AC3_RF18_092333,HALO-AC3,RF18,2022-04-12T09:23:33.000000,1,375,462,suggested
HALO-AC3_RF18_092333,HALO-AC3,RF18,2022-04-12T09:23:33.000000,1,197,458,suggested
HALO-AC3_RF18_092333,HALO-AC3,RF18,2022-04-12T09:23:33.000000,1,192,444,suggested
HALO-AC3_RF18_092333,HALO-AC3,RF18,2022-04-12T09:23:33.000000,1,185,434,suggested
HALO-AC3_RF18_092333,HALO-AC3,RF18,2022-04-12T09:23:33.000000,1,174,421,suggested
HALO-AC3_RF18_092333,HALO-AC3,RF18,2022-04-12T09:23:33.000000,1,163,415,suggested
HALO-AC3_RF18_092333,HALO-AC3,RF18,2022-04-12T09:23:33.000000,1,152,408,suggested
HALO-AC3_RF18_092333,HALO-AC3,RF18,2022-04-12T09:23:33.000000,1,148,403,suggested
HALO-AC3_RF18_092333,HALO-AC3,RF18,2022-04-12T09:23:33.000000,1,148,390,suggested
HALO-AC3_RF18_092333,HALO-AC3,RF18,2022-04-12T09:23:33.000000,1,138,381,suggested
HALO-AC3_RF18_092333,HALO-AC3,RF18,2022-04-12T09:23:33.000000,1,150,405,suggested
HALO-AC3_RF18_092333,HALO-AC3,RF18,2022-04-12T09:23:33.000000,1,157,348,suggested
HALO-AC3_RF18_092333,HALO-AC3,RF18,2022-04-12T09:23:33.000000,1,148,350,suggested
HALO-AC3_RF18_092333,HALO-AC3,RF18,2022-04-12T09:23:33.000000,1,134,344,suggested
HALO-AC3_RF18_092333,HALO-AC3,RF18,2022-04-12T09:23:33.000000,1,127,355,suggested
HALO-AC3_RF18_092333,HALO-AC3,RF18,2022-04-12T09:23:33.000000,1,123,348,suggested
HALO-AC3_RF18_092333,HALO-AC3,RF18,2022-04-12T09:23:33.000000,1,123,339,suggested
HALO-AC3_RF18_092333,HALO-AC3,RF18,2022-04-12T09:23:33.000000,1,122,328,suggested
HALO-AC3_RF18_092333,HALO-AC3,RF18,2022-04-12T09:23:33.000000,1,109,311,suggested
HALO-AC3_RF18_092333,HALO-AC3,RF18,2022-04-12T09:23:33.000000,1,97,305,suggested
HALO-AC3_RF18_092333,HALO-AC3,RF18,2022-04-12T09:23:33.000000,1,93,302,suggested
HALO-AC3_RF18_092333,HALO-AC3,RF18,2022-04-12T09:23:33.000000,1,78,290,suggested
HALO-AC3_RF18_092333,HALO-AC3,RF18,2022-04-12T09:23:33.000000,1,69,281,suggested
HALO-AC3_RF18_092333,HALO-AC3,RF18,2022-04-12T09:23:33.000000,1,69,282,suggested
HALO-AC3_RF18_092333,HALO-AC3,RF18,2022-04-12T09:23:33.000000,1,79,264,suggested
HALO-AC3_RF18_092333,HALO-AC3,RF18,2022-04-12T09:23:33.000000,1,90,256,suggested
HALO-AC3_RF18_092333,HALO-AC3,RF18,2022-04-12T09:23:33.000000,1,108,220,suggested
HALO-AC3_RF18_092333,HALO-AC3,RF18,2022-04-12T09:23:33.000000,1,115,210,suggested
HALO-AC3_RF18_092333,HALO-AC3,RF18,2022-04-12T09:23:33.000000,1,119,202,suggested
HALO-AC3_RF18_092333,HALO-AC3,RF18,2022-04-12T09:23:33.000000,1,141,121,suggested
HALO-AC3_RF18_092333,HALO-AC3,RF18,2022-04-12T09:23:33.000000,1,137,73,suggested
HALO-AC3_RF18_092333,HALO-AC3,RF18,2022-04-12T09:23:33.000000,1,59,66,suggested
HALO-AC3_RF18_092333,HALO-AC3,RF18,2022-04-12T09:23:33.000000,1,137,75,suggested
HALO-AC3_RF18_092333,HALO-AC3,RF18,2022-04-12T09:23:33.000000,1,64,175,suggested
HALO-AC3_RF18_092333,HALO-AC3,RF18,2022-04-12T09:23:33.000000,1,60,176,suggested
HALO-AC3_RF18_092333,HALO-AC3,RF18,2022-04-12T09:23:33.000000,1,56,170,suggested
HALO-AC3_RF18_092333,HALO-AC3,RF18,2022-04-12T09:23:33.000000,1,56,167,suggested
HALO-AC3_RF18_092333,HALO-AC3,RF18,2022-04-12T09:23:33.000000,1,52,155,suggested
HALO-AC3_RF18_092333,HALO-AC3,RF18,2022-04-12T09:23:33.000000,1,54,209,suggested
HALO-AC3_RF18_092333,HALO-AC3,RF18,2022-04-12T09:23:33.000000,1,562,433,manual
HALO-AC3_RF18_092333,HALO-AC3,RF18,2022-04-12T09:23:33.000000,1,574,391,manual
HALO-AC3_RF18_092333,HALO-AC3,RF18,2022-04-12T09:23:33.000000,1,607,360,manual
HALO-AC3_RF18_092333,HALO-AC3,RF18,2022-04-12T09:23:33.000000,1,586,485,manual
HALO-AC3_RF18_092333,HALO-AC3,RF18,2022-04-12T09:23:33.000000,1,607,484,manual
HALO-AC3_RF18_092333,HALO-AC3,RF18,2022-04-12T09:23:33.000000,1,622,470,manual
PERCUSION_RF01_191340,PERCUSION,RF01,2024-08-11T19:13:40.075000,1,136,389,suggested
PERCUSION_RF01_191340,PERCUSION,RF01,2024-08-11T19:13:40.075000,1,152,373,suggested
PERCUSION_RF01_191340,PERCUSION,RF01,2024-08-11T19:13:40.075000,1,160,353,suggested
PERCUSION_RF01_191340,PERCUSION,RF01,2024-08-11T19:13:40.075000,1,169,347,suggested
PERCUSION_RF01_191340,PERCUSION,RF01,2024-08-11T19:13:40.075000,1,178,339,suggested
PERCUSION_RF01_191340,PERCUSION,RF01,2024-08-11T19:13:40.075000,1,182,295,suggested
PERCUSION_RF01_191340,PERCUSION,RF01,2024-08-11T19:13:40.075000,1,196,274,suggested
PERCUSION_RF01_191340,PERCUSION,RF01,2024-08-11T19:13:40.075000,1,201,269,suggested
PERCUSION_RF01_191340,PERCUSION,RF01,2024-08-11T19:13:40.075000,1,232,264,suggested
PERCUSION_RF01_191340,PERCUSION,RF01,2024-08-11T19:13:40.075000,1,239,259,suggested
PERCUSION_RF01_191340,PERCUSION,RF01,2024-08-11T19:13:40.075000,1,330,177,suggested
PERCUSION_RF01_191340,PERCUSION,RF01,2024-08-11T19:13:40.075000,1,354,171,suggested
PERCUSION_RF01_191340,PERCUSION,RF01,2024-08-11T19:13:40.075000,1,359,162,suggested
PERCUSION_RF01_191340,PERCUSION,RF01,2024-08-11T19:13:40.075000,1,365,151,suggested
PERCUSION_RF01_191340,PERCUSION,RF01,2024-08-11T19:13:40.075000,1,376,146,suggested
PERCUSION_RF01_191340,PERCUSION,RF01,2024-08-11T19:13:40.075000,1,386,139,suggested
PERCUSION_RF01_191340,PERCUSION,RF01,2024-08-11T19:13:40.075000,1,395,133,suggested
PERCUSION_RF01_191340,PERCUSION,RF01,2024-08-11T19:13:40.075000,1,404,124,suggested
PERCUSION_RF01_191340,PERCUSION,RF01,2024-08-11T19:13:40.075000,1,441,94,suggested
PERCUSION_RF01_191340,PERCUSION,RF01,2024-08-11T19:13:40.075000,1,458,78,suggested
PERCUSION_RF01_191340,PERCUSION,RF01,2024-08-11T19:13:40.075000,1,487,65,suggested
PERCUSION_RF06_155747,PERCUSION,RF06,2024-08-22T15:57:47.280000,1,590,384,suggested
PERCUSION_RF06_155747,PERCUSION,RF06,2024-08-22T15:57:47.280000,1,579,384,suggested
PERCUSION_RF06_155747,PERCUSION,RF06,2024-08-22T15:57:47.280000,1,569,383,suggested
PERCUSION_RF06_155747,PERCUSION,RF06,2024-08-22T15:57:47.280000,1,559,385,suggested
PERCUSION_RF06_155747,PERCUSION,RF06,2024-08-22T15:57:47.280000,1,548,387,suggested
PERCUSION_RF06_155747,PERCUSION,RF06,2024-08-22T15:57:47.280000,1,538,391,suggested
PERCUSION_RF06_155747,PERCUSION,RF06,2024-08-22T15:57:47.280000,1,529,400,suggested
PERCUSION_RF06_155747,PERCUSION,RF06,2024-08-22T15:57:47.280000,1,521,405,suggested
PERCUSION_RF06_155747,PERCUSION,RF06,2024-08-22T15:57:47.280000,1,518,405,suggested
PERCUSION_RF06_155747,PERCUSION,RF06,2024-08-22T15:57:47.280000,1,515,400,suggested
PERCUSION_RF06_155747,PERCUSION,RF06,2024-08-22T15:57:47.280000,1,511,396,suggested
PERCUSION_RF06_155747,PERCUSION,RF06,2024-08-22T15:57:47.280000,1,500,393,suggested
PERCUSION_RF06_155747,PERCUSION,RF06,2024-08-22T15:57:47.280000,1,495,403,suggested
PERCUSION_RF06_155747,PERCUSION,RF06,2024-08-22T15:57:47.280000,1,484,406,suggested
PERCUSION_RF06_155747,PERCUSION,RF06,2024-08-22T15:57:47.280000,1,476,413,suggested
PERCUSION_RF06_155747,PERCUSION,RF06,2024-08-22T15:57:47.280000,1,469,418,suggested
PERCUSION_RF06_155747,PERCUSION,RF06,2024-08-22T15:57:47.280000,1,462,418,suggested
PERCUSION_RF06_155747,PERCUSION,RF06,2024-08-22T15:57:47.280000,1,455,410,suggested
PERCUSION_RF06_155747,PERCUSION,RF06,2024-08-22T15:57:47.280000,1,446,395,suggested
PERCUSION_RF06_155747,PERCUSION,RF06,2024-08-22T15:57:47.280000,1,448,399,suggested
PERCUSION_RF06_155747,PERCUSION,RF06,2024-08-22T15:57:47.280000,1,445,394,suggested
PERCUSION_RF06_155747,PERCUSION,RF06,2024-08-22T15:57:47.280000,1,429,392,suggested
PERCUSION_RF06_155747,PERCUSION,RF06,2024-08-22T15:57:47.280000,1,418,391,suggested
PERCUSION_RF06_155747,PERCUSION,RF06,2024-08-22T15:57:47.280000,1,407,393,suggested
PERCUSION_RF06_155747,PERCUSION,RF06,2024-08-22T15:57:47.280000,1,397,397,suggested
PERCUSION_RF06_155747,PERCUSION,RF06,2024-08-22T15:57:47.280000,1,390,407,suggested
PERCUSION_RF06_155747,PERCUSION,RF06,2024-08-22T15:57:47.280000,1,384,415,suggested
PERCUSION_RF06_155747,PERCUSION,RF06,2024-08-22T15:57:47.280000,1,374,419,suggested
PERCUSION_RF06_155747,PERCUSION,RF06,2024-08-22T15:57:47.280000,1,365,426,suggested
PERCUSION_RF06_155747,PERCUSION,RF06,2024-08-22T15:57:47.280000,1,359,425,suggested
PERCUSION_RF06_155747,PERCUSION,RF06,2024-08-22T15:57:47.280000,1,351,424,suggested
PERCUSION_RF06_155747,PERCUSION,RF06,2024-08-22T15:57:47.280000,1,340,419,suggested
PERCUSION_RF06_155747,PERCUSION,RF06,2024-08-22T15:57:47.280000,1,341,413,suggested
PERCUSION_RF06_155747,PERCUSION,RF06,2024-08-22T15:57:47.280000,1,334,402,suggested
PERCUSION_RF06_155747,PERCUSION,RF06,2024-08-22T15:57:47.280000,1,322,398,suggested
PERCUSION_RF06_155747,PERCUSION,RF06,2024-08-22T15:57:47.280000,1,311,401,suggested
PERCUSION_RF06_155747,PERCUSION,RF06,2024-08-22T15:57:47.280000,1,301,398,suggested
PERCUSION_RF06_155747,PERCUSION,RF06,2024-08-22T15:57:47.280000,1,289,403,suggested
PERCUSION_RF06_155747,PERCUSION,RF06,2024-08-22T15:57:47.280000,1,290,414,suggested
PERCUSION_RF06_155747,PERCUSION,RF06,2024-08-22T15:57:47.280000,1,283,419,suggested
PERCUSION_RF06_155747,PERCUSION,RF06,2024-08-22T15:57:47.280000,1,276,404,suggested
PERCUSION_RF06_155747,PERCUSION,RF06,2024-08-22T15:57:47.280000,1,282,384,suggested
PERCUSION_RF06_155747,PERCUSION,RF06,2024-08-22T15:57:47.280000,1,289,376,suggested
PERCUSION_RF06_155747,PERCUSION,RF06,2024-08-22T15:57:47.280000,1,290,365,suggested
PERCUSION_RF06_155747,PERCUSION,RF06,2024-08-22T15:57:47.280000,1,287,354,suggested
PERCUSION_RF06_155747,PERCUSION,RF06,2024-08-22T15:57:47.280000,1,278,344,suggested
PERCUSION_RF06_155747,PERCUSION,RF06,2024-08-22T15:57:47.280000,1,268,339,suggested
PERCUSION_RF06_155747,PERCUSION,RF06,2024-08-22T15:57:47.280000,1,256,342,suggested
PERCUSION_RF06_155747,PERCUSION,RF06,2024-08-22T15:57:47.280000,1,248,333,suggested
PERCUSION_RF06_155747,PERCUSION,RF06,2024-08-22T15:57:47.280000,1,249,321,suggested
PERCUSION_RF06_155747,PERCUSION,RF06,2024-08-22T15:57:47.280000,1,250,309,suggested
PERCUSION_RF06_155747,PERCUSION,RF06,2024-08-22T15:57:47.280000,1,246,301,suggested
PERCUSION_RF06_155747,PERCUSION,RF06,2024-08-22T15:57:47.280000,1,255,294,suggested
PERCUSION_RF06_155747,PERCUSION,RF06,2024-08-22T15:57:47.280000,1,255,278,suggested
PERCUSION_RF06_155747,PERCUSION,RF06,2024-08-22T15:57:47.280000,1,251,268,suggested
PERCUSION_RF06_155747,PERCUSION,RF06,2024-08-22T15:57:47.280000,1,245,259,suggested
PERCUSION_RF06_155747,PERCUSION,RF06,2024-08-22T15:57:47.280000,1,236,250,suggested
PERCUSION_RF06_155747,PERCUSION,RF06,2024-08-22T15:57:47.280000,1,229,242,suggested
PERCUSION_RF06_155747,PERCUSION,RF06,2024-08-22T15:57:47.280000,1,221,233,suggested
PERCUSION_RF06_155747,PERCUSION,RF06,2024-08-22T15:57:47.280000,1,214,225,suggested
PERCUSION_RF06_155747,PERCUSION,RF06,2024-08-22T15:57:47.280000,1,204,218,suggested
PERCUSION_RF06_155747,PERCUSION,RF06,2024-08-22T15:57:47.280000,1,195,212,suggested
PERCUSION_RF06_155747,PERCUSION,RF06,2024-08-22T15:57:47.280000,1,186,207,suggested
PERCUSION_RF06_155747,PERCUSION,RF06,2024-08-22T15:57:47.280000,1,176,201,suggested
PERCUSION_RF06_155747,PERCUSION,RF06,2024-08-22T15:57:47.280000,1,167,196,suggested
PERCUSION_RF06_155747,PERCUSION,RF06,2024-08-22T15:57:47.280000,1,147,187,suggested
PERCUSION_RF06_155747,PERCUSION,RF06,2024-08-22T15:57:47.280000,1,131,176,suggested
PERCUSION_RF06_155747,PERCUSION,RF06,2024-08-22T15:57:47.280000,1,124,174,suggested
PERCUSION_RF06_155747,PERCUSION,RF06,2024-08-22T15:57:47.280000,1,115,168,suggested
PERCUSION_RF06_155747,PERCUSION,RF06,2024-08-22T15:57:47.280000,1,105,165,suggested
PERCUSION_RF06_155747,PERCUSION,RF06,2024-08-22T15:57:47.280000,1,97,160,suggested
PERCUSION_RF06_155747,PERCUSION,RF06,2024-08-22T15:57:47.280000,1,89,153,suggested
PERCUSION_RF06_155747,PERCUSION,RF06,2024-08-22T15:57:47.280000,1,81,150,suggested
PERCUSION_RF06_155747,PERCUSION,RF06,2024-08-22T15:57:47.280000,1,73,146,suggested
PERCUSION_RF06_155747,PERCUSION,RF06,2024-08-22T15:57:47.280000,1,65,141,suggested
PERCUSION_RF06_155747,PERCUSION,RF06,2024-08-22T15:57:47.280000,1,60,133,suggested
PERCUSION_RF06_155747,PERCUSION,RF06,2024-08-22T15:57:47.280000,1,50,127,suggested
PERCUSION_RF06_155747,PERCUSION,RF06,2024-08-22T15:57:47.280000,1,206,391,suggested
PERCUSION_ECVal_RF01_165057,PERCUSION,ECVal_RF01,2024-11-05T16:50:57.512000,1,592,194,suggested
PERCUSION_ECVal_RF01_165057,PERCUSION,ECVal_RF01,2024-11-05T16:50:57.512000,1,584,200,suggested
PERCUSION_ECVal_RF01_165057,PERCUSION,ECVal_RF01,2024-11-05T16:50:57.512000,1,578,195,suggested
PERCUSION_ECVal_RF01_165057,PERCUSION,ECVal_RF01,2024-11-05T16:50:57.512000,1,568,194,suggested
PERCUSION_ECVal_RF01_165057,PERCUSION,ECVal_RF01,2024-11-05T16:50:57.512000,1,558,197,suggested
PERCUSION_ECVal_RF01_165057,PERCUSION,ECVal_RF01,2024-11-05T16:50:57.512000,1,545,201,suggested
PERCUSION_ECVal_RF01_165057,PERCUSION,ECVal_RF01,2024-11-05T16:50:57.512000,1,545,206,suggested
PERCUSION_ECVal_RF01_165057,PERCUSION,ECVal_RF01,2024-11-05T16:50:57.512000,1,541,204,suggested
PERCUSION_ECVal_RF01_165057,PERCUSION,ECVal_RF01,2024-11-05T16:50:57.512000,1,530,199,suggested
PERCUSION_ECVal_RF01_165057,PERCUSION,ECVal_RF01,2024-11-05T16:50:57.512000,1,526,199,suggested
PERCUSION_ECVal_RF01_165057,PERCUSION,ECVal_RF01,2024-11-05T16:50:57.512000,1,519,194,suggested
PERCUSION_ECVal_RF01_165057,PERCUSION,ECVal_RF01,2024-11-05T16:50:57.512000,1,511,188,suggested
PERCUSION_ECVal_RF01_165057,PERCUSION,ECVal_RF01,2024-11-05T16:50:57.512000,1,501,190,suggested
PERCUSION_ECVal_RF01_165057,PERCUSION,ECVal_RF01,2024-11-05T16:50:57.512000,1,501,180,suggested
PERCUSION_ECVal_RF01_165057,PERCUSION,ECVal_RF01,2024-11-05T16:50:57.512000,1,496,171,suggested
PERCUSION_ECVal_RF01_165057,PERCUSION,ECVal_RF01,2024-11-05T16:50:57.512000,1,487,166,suggested
PERCUSION_ECVal_RF01_165057,PERCUSION,ECVal_RF01,2024-11-05T16:50:57.512000,1,484,157,suggested
PERCUSION_ECVal_RF01_165057,PERCUSION,ECVal_RF01,2024-11-05T16:50:57.512000,1,481,148,suggested
PERCUSION_ECVal_RF01_165057,PERCUSION,ECVal_RF01,2024-11-05T16:50:57.512000,1,476,139,suggested
PERCUSION_ECVal_RF01_165057,PERCUSION,ECVal_RF01,2024-11-05T16:50:57.512000,1,467,127,suggested
PERCUSION_ECVal_RF01_165057,PERCUSION,ECVal_RF01,2024-11-05T16:50:57.512000,1,455,135,suggested
PERCUSION_ECVal_RF01_165057,PERCUSION,ECVal_RF01,2024-11-05T16:50:57.512000,1,445,137,suggested
PERCUSION_ECVal_RF01_165057,PERCUSION,ECVal_RF01,2024-11-05T16:50:57.512000,1,431,121,suggested
PERCUSION_ECVal_RF01_165057,PERCUSION,ECVal_RF01,2024-11-05T16:50:57.512000,1,424,139,suggested
PERCUSION_ECVal_RF01_165057,PERCUSION,ECVal_RF01,2024-11-05T16:50:57.512000,1,417,134,suggested
PERCUSION_ECVal_RF01_165057,PERCUSION,ECVal_RF01,2024-11-05T16:50:57.512000,1,410,127,suggested
PERCUSION_ECVal_RF01_165057,PERCUSION,ECVal_RF01,2024-11-05T16:50:57.512000,1,373,101,suggested
PERCUSION_ECVal_RF01_165057,PERCUSION,ECVal_RF01,2024-11-05T16:50:57.512000,1,357,99,suggested
PERCUSION_ECVal_RF01_165057,PERCUSION,ECVal_RF01,2024-11-05T16:50:57.512000,1,348,101,suggested
PERCUSION_ECVal_RF01_165057,PERCUSION,ECVal_RF01,2024-11-05T16:50:57.512000,1,350,112,suggested
PERCUSION_ECVal_RF01_165057,PERCUSION,ECVal_RF01,2024-11-05T16:50:57.512000,1,350,113,suggested
PERCUSION_ECVal_RF01_165057,PERCUSION,ECVal_RF01,2024-11-05T16:50:57.512000,1,394,149,suggested
PERCUSION_ECVal_RF01_165057,PERCUSION,ECVal_RF01,2024-11-05T16:50:57.512000,1,389,158,suggested
PERCUSION_ECVal_RF01_165057,PERCUSION,ECVal_RF01,2024-11-05T16:50:57.512000,1,382,166,suggested
PERCUSION_ECVal_RF01_165057,PERCUSION,ECVal_RF01,2024-11-05T16:50:57.512000,1,370,169,suggested
PERCUSION_ECVal_RF01_165057,PERCUSION,ECVal_RF01,2024-11-05T16:50:57.512000,1,362,172,suggested
PERCUSION_ECVal_RF01_165057,PERCUSION,ECVal_RF01,2024-11-05T16:50:57.512000,1,357,185,suggested
PERCUSION_ECVal_RF01_165057,PERCUSION,ECVal_RF01,2024-11-05T16:50:57.512000,1,352,193,suggested
PERCUSION_ECVal_RF01_165057,PERCUSION,ECVal_RF01,2024-11-05T16:50:57.512000,1,353,203,suggested
PERCUSION_ECVal_RF01_165057,PERCUSION,ECVal_RF01,2024-11-05T16:50:57.512000,1,347,213,suggested
PERCUSION_ECVal_RF01_165057,PERCUSION,ECVal_RF01,2024-11-05T16:50:57.512000,1,341,221,suggested
PERCUSION_ECVal_RF01_165057,PERCUSION,ECVal_RF01,2024-11-05T16:50:57.512000,1,335,225,suggested
PERCUSION_ECVal_RF01_165057,PERCUSION,ECVal_RF01,2024-11-05T16:50:57.512000,1,329,230,suggested
PERCUSION_ECVal_RF01_165057,PERCUSION,ECVal_RF01,2024-11-05T16:50:57.512000,1,329,232,suggested
PERCUSION_ECVal_RF01_165057,PERCUSION,ECVal_RF01,2024-11-05T16:50:57.512000,1,328,238,suggested
PERCUSION_ECVal_RF01_165057,PERCUSION,ECVal_RF01,2024-11-05T16:50:57.512000,1,314,250,suggested
PERCUSION_ECVal_RF01_165057,PERCUSION,ECVal_RF01,2024-11-05T16:50:57.512000,1,309,228,suggested
PERCUSION_ECVal_RF01_165057,PERCUSION,ECVal_RF01,2024-11-05T16:50:57.512000,1,291,216,suggested
PERCUSION_ECVal_RF01_165057,PERCUSION,ECVal_RF01,2024-11-05T16:50:57.512000,1,299,228,suggested
PERCUSION_ECVal_RF01_165057,PERCUSION,ECVal_RF01,2024-11-05T16:50:57.512000,1,307,213,suggested
PERCUSION_ECVal_RF01_165057,PERCUSION,ECVal_RF01,2024-11-05T16:50:57.512000,1,297,209,suggested
PERCUSION_ECVal_RF01_165057,PERCUSION,ECVal_RF01,2024-11-05T16:50:57.512000,1,287,214,suggested
PERCUSION_ECVal_RF01_165057,PERCUSION,ECVal_RF01,2024-11-05T16:50:57.512000,1,281,201,suggested
PERCUSION_ECVal_RF01_165057,PERCUSION,ECVal_RF01,2024-11-05T16:50:57.512000,1,276,192,suggested
PERCUSION_ECVal_RF01_165057,PERCUSION,ECVal_RF01,2024-11-05T16:50:57.512000,1,278,185,suggested
PERCUSION_ECVal_RF01_165057,PERCUSION,ECVal_RF01,2024-11-05T16:50:57.512000,1,287,171,suggested
PERCUSION_ECVal_RF01_165057,PERCUSION,ECVal_RF01,2024-11-05T16:50:57.512000,1,287,165,suggested
PERCUSION_ECVal_RF01_165057,PERCUSION,ECVal_RF01,2024-11-05T16:50:57.512000,1,280,155,suggested
PERCUSION_ECVal_RF01_165057,PERCUSION,ECVal_RF01,2024-11-05T16:50:57.512000,1,281,145,suggested
PERCUSION_ECVal_RF01_165057,PERCUSION,ECVal_RF01,2024-11-05T16:50:57.512000,1,286,138,suggested
PERCUSION_ECVal_RF01_165057,PERCUSION,ECVal_RF01,2024-11-05T16:50:57.512000,1,280,129,suggested
PERCUSION_ECVal_RF01_165057,PERCUSION,ECVal_RF01,2024-11-05T16:50:57.512000,1,273,120,suggested
PERCUSION_ECVal_RF01_165057,PERCUSION,ECVal_RF01,2024-11-05T16:50:57.512000,1,267,112,suggested
PERCUSION_ECVal_RF01_165057,PERCUSION,ECVal_RF01,2024-11-05T16:50:57.512000,1,260,103,suggested
PERCUSION_ECVal_RF01_165057,PERCUSION,ECVal_RF01,2024-11-05T16:50:57.512000,1,254,94,suggested
PERCUSION_ECVal_RF01_165057,PERCUSION,ECVal_RF01,2024-11-05T16:50:57.512000,1,248,86,suggested
PERCUSION_ECVal_RF01_165057,PERCUSION,ECVal_RF01,2024-11-05T16:50:57.512000,1,242,77,suggested
PERCUSION_ECVal_RF01_165057,PERCUSION,ECVal_RF01,2024-11-05T16:50:57.512000,1,235,68,suggested
PERCUSION_ECVal_RF01_165057,PERCUSION,ECVal_RF01,2024-11-05T16:50:57.512000,1,232,58,suggested
PERCUSION_ECVal_RF01_165057,PERCUSION,ECVal_RF01,2024-11-05T16:50:57.512000,1,219,42,suggested
PERCUSION_ECVal_RF01_165057,PERCUSION,ECVal_RF01,2024-11-05T16:50:57.512000,1,38,162,suggested
PERCUSION_ECVal_RF01_165057,PERCUSION,ECVal_RF01,2024-11-05T16:50:57.512000,1,49,167,suggested
PERCUSION_ECVal_RF01_165057,PERCUSION,ECVal_RF01,2024-11-05T16:50:57.512000,1,58,175,suggested
PERCUSION_ECVal_RF01_165057,PERCUSION,ECVal_RF01,2024-11-05T16:50:57.512000,1,61,182,suggested
PERCUSION_ECVal_RF01_165057,PERCUSION,ECVal_RF01,2024-11-05T16:50:57.512000,1,70,189,suggested
PERCUSION_ECVal_RF01_165057,PERCUSION,ECVal_RF01,2024-11-05T16:50:57.512000,1,70,198,suggested
PERCUSION_ECVal_RF01_165057,PERCUSION,ECVal_RF01,2024-11-05T16:50:57.512000,1,70,211,suggested
PERCUSION_ECVal_RF01_165057,PERCUSION,ECVal_RF01,2024-11-05T16:50:57.512000,1,80,222,suggested
PERCUSION_ECVal_RF01_165057,PERCUSION,ECVal_RF01,2024-11-05T16:50:57.512000,1,82,225,suggested
PERCUSION_ECVal_RF01_165057,PERCUSION,ECVal_RF01,2024-11-05T16:50:57.512000,1,95,228,suggested
PERCUSION_ECVal_RF01_165057,PERCUSION,ECVal_RF01,2024-11-05T16:50:57.512000,1,114,236,suggested
PERCUSION_ECVal_RF01_165057,PERCUSION,ECVal_RF01,2024-11-05T16:50:57.512000,1,123,242,suggested
PERCUSION_ECVal_RF01_165057,PERCUSION,ECVal_RF01,2024-11-05T16:50:57.512000,1,132,248,suggested
PERCUSION_ECVal_RF01_165057,PERCUSION,ECVal_RF01,2024-11-05T16:50:57.512000,1,137,256,suggested
PERCUSION_ECVal_RF01_165057,PERCUSION,ECVal_RF01,2024-11-05T16:50:57.512000,1,146,262,suggested
PERCUSION_ECVal_RF01_165057,PERCUSION,ECVal_RF01,2024-11-05T16:50:57.512000,1,154,267,suggested
PERCUSION_ECVal_RF01_165057,PERCUSION,ECVal_RF01,2024-11-05T16:50:57.512000,1,158,275,suggested
PERCUSION_ECVal_RF01_165057,PERCUSION,ECVal_RF01,2024-11-05T16:50:57.512000,1,164,288,suggested
PERCUSION_ECVal_RF01_165057,PERCUSION,ECVal_RF01,2024-11-05T16:50:57.512000,1,182,289,suggested
PERCUSION_ECVal_RF01_165057,PERCUSION,ECVal_RF01,2024-11-05T16:50:57.512000,1,193,297,suggested
PERCUSION_ECVal_RF01_165057,PERCUSION,ECVal_RF01,2024-11-05T16:50:57.512000,1,201,304,suggested
PERCUSION_ECVal_RF01_165057,PERCUSION,ECVal_RF01,2024-11-05T16:50:57.512000,1,202,314,suggested
PERCUSION_ECVal_RF01_165057,PERCUSION,ECVal_RF01,2024-11-05T16:50:57.512000,1,206,323,suggested
PERCUSION_ECVal_RF01_165057,PERCUSION,ECVal_RF01,2024-11-05T16:50:57.512000,1,214,328,suggested
PERCUSION_ECVal_RF01_165057,PERCUSION,ECVal_RF01,2024-11-05T16:50:57.512000,1,218,345,suggested
PERCUSION_ECVal_RF01_165057,PERCUSION,ECVal_RF01,2024-11-05T16:50:57.512000,1,224,352,suggested
PERCUSION_ECVal_RF01_165057,PERCUSION,ECVal_RF01,2024-11-05T16:50:57.512000,1,232,359,suggested
PERCUSION_ECVal_RF01_165057,PERCUSION,ECVal_RF01,2024-11-05T16:50:57.512000,1,237,362,suggested
PERCUSION_ECVal_RF01_165057,PERCUSION,ECVal_RF01,2024-11-05T16:50:57.512000,1,247,366,suggested
PERCUSION_ECVal_RF01_165057,PERCUSION,ECVal_RF01,2024-11-05T16:50:57.512000,1,258,365,suggested
PERCUSION_ECVal_RF01_165057,PERCUSION,ECVal_RF01,2024-11-05T16:50:57.512000,1,270,376,suggested
PERCUSION_ECVal_RF01_165057,PERCUSION,ECVal_RF01,2024-11-05T16:50:57.512000,1,281,377,suggested
PERCUSION_ECVal_RF01_165057,PERCUSION,ECVal_RF01,2024-11-05T16:50:57.512000,1,290,382,suggested
PERCUSION_ECVal_RF01_165057,PERCUSION,ECVal_RF01,2024-11-05T16:50:57.512000,1,298,384,suggested
PERCUSION_ECVal_RF01_165057,PERCUSION,ECVal_RF01,2024-11-05T16:50:57.512000,1,308,382,suggested
PERCUSION_ECVal_RF01_165057,PERCUSION,ECVal_RF01,2024-11-05T16:50:57.512000,1,319,378,suggested
PERCUSION_ECVal_RF01_165057,PERCUSION,ECVal_RF01,2024-11-05T16:50:57.512000,1,328,380,suggested
PERCUSION_ECVal_RF01_165057,PERCUSION,ECVal_RF01,2024-11-05T16:50:57.512000,1,338,381,suggested
PERCUSION_ECVal_RF01_165057,PERCUSION,ECVal_RF01,2024-11-05T16:50:57.512000,1,348,378,suggested
PERCUSION_ECVal_RF01_165057,PERCUSION,ECVal_RF01,2024-11-05T16:50:57.512000,1,356,372,suggested
PERCUSION_ECVal_RF01_165057,PERCUSION,ECVal_RF01,2024-11-05T16:50:57.512000,1,365,364,suggested
PERCUSION_ECVal_RF01_165057,PERCUSION,ECVal_RF01,2024-11-05T16:50:57.512000,1,377,365,suggested
PERCUSION_ECVal_RF01_165057,PERCUSION,ECVal_RF01,2024-11-05T16:50:57.512000,1,387,367,suggested
PERCUSION_ECVal_RF01_165057,PERCUSION,ECVal_RF01,2024-11-05T16:50:57.512000,1,395,370,suggested
PERCUSION_ECVal_RF01_165057,PERCUSION,ECVal_RF01,2024-11-05T16:50:57.512000,1,405,373,suggested
PERCUSION_ECVal_RF01_165057,PERCUSION,ECVal_RF01,2024-11-05T16:50:57.512000,1,414,380,suggested
PERCUSION_ECVal_RF01_165057,PERCUSION,ECVal_RF01,2024-11-05T16:50:57.512000,1,423,382,suggested
PERCUSION_ECVal_RF01_165057,PERCUSION,ECVal_RF01,2024-11-05T16:50:57.512000,1,433,380,suggested
PERCUSION_ECVal_RF01_165057,PERCUSION,ECVal_RF01,2024-11-05T16:50:57.512000,1,436,391,suggested
PERCUSION_ECVal_RF01_165057,PERCUSION,ECVal_RF01,2024-11-05T16:50:57.512000,1,437,401,suggested
PERCUSION_ECVal_RF01_165057,PERCUSION,ECVal_RF01,2024-11-05T16:50:57.512000,1,438,412,suggested
PERCUSION_ECVal_RF01_165057,PERCUSION,ECVal_RF01,2024-11-05T16:50:57.512000,1,440,423,suggested
PERCUSION_ECVal_RF01_165057,PERCUSION,ECVal_RF01,2024-11-05T16:50:57.512000,1,442,430,suggested
PERCUSION_ECVal_RF01_165057,PERCUSION,ECVal_RF01,2024-11-05T16:50:57.512000,1,446,439,suggested
PERCUSION_ECVal_RF01_165057,PERCUSION,ECVal_RF01,2024-11-05T16:50:57.512000,1,448,449,suggested
PERCUSION_ECVal_RF01_165057,PERCUSION,ECVal_RF01,2024-11-05T16:50:57.512000,1,450,459,suggested
PERCUSION_ECVal_RF01_165057,PERCUSION,ECVal_RF01,2024-11-05T16:50:57.512000,1,452,470,suggested
PERCUSION_ECVal_RF02_132418,PERCUSION,ECVal_RF02,2024-11-07T13:24:18.053000,1,148,405,suggested
PERCUSION_ECVal_RF02_132418,PERCUSION,ECVal_RF02,2024-11-07T13:24:18.053000,1,238,184,suggested
PERCUSION_ECVal_RF02_132418,PERCUSION,ECVal_RF02,2024-11-07T13:24:18.053000,1,246,175,suggested
PERCUSION_ECVal_RF02_132418,PERCUSION,ECVal_RF02,2024-11-07T13:24:18.053000,1,47,265,suggested
PERCUSION_ECVal_RF02_132418,PERCUSION,ECVal_RF02,2024-11-07T13:24:18.053000,1,75,174,suggested
PERCUSION_ECVal_RF02_132418,PERCUSION,ECVal_RF02,2024-11-07T13:24:18.053000,1,242,315,manual
PERCUSION_ECVal_RF02_132418,PERCUSION,ECVal_RF02,2024-11-07T13:24:18.053000,1,208,339,manual
PERCUSION_ECVal_RF02_132418,PERCUSION,ECVal_RF02,2024-11-07T13:24:18.053000,1,261,265,manual
PERCUSION_ECVal_RF02_132418,PERCUSION,ECVal_RF02,2024-11-07T13:24:18.053000,1,146,321,manual
PERCUSION_ECVal_RF02_132418,PERCUSION,ECVal_RF02,2024-11-07T13:24:18.053000,1,161,316,manual
PERCUSION_ECVal_RF02_132418,PERCUSION,ECVal_RF02,2024-11-07T13:24:18.053000,1,170,379,manual
PERCUSION_ECVal_RF02_132902,PERCUSION,ECVal_RF02,2024-11-07T13:29:02.114000,1,49,256,suggested
PERCUSION_ECVal_RF02_132902,PERCUSION,ECVal_RF02,2024-11-07T13:29:02.114000,1,57,261,suggested
PERCUSION_ECVal_RF02_132902,PERCUSION,ECVal_RF02,2024-11-07T13:29:02.114000,1,65,268,suggested
PERCUSION_ECVal_RF02_132902,PERCUSION,ECVal_RF02,2024-11-07T13:29:02.114000,1,74,272,suggested
PERCUSION_ECVal_RF02_132902,PERCUSION,ECVal_RF02,2024-11-07T13:29:02.114000,1,94,274,suggested
PERCUSION_ECVal_RF02_132902,PERCUSION,ECVal_RF02,2024-11-07T13:29:02.114000,1,123,304,suggested
PERCUSION_ECVal_RF02_132902,PERCUSION,ECVal_RF02,2024-11-07T13:29:02.114000,1,133,310,suggested
PERCUSION_ECVal_RF02_132902,PERCUSION,ECVal_RF02,2024-11-07T13:29:02.114000,1,54,154,suggested
PERCUSION_ECVal_RF02_132902,PERCUSION,ECVal_RF02,2024-11-07T13:29:02.114000,1,137,204,manual
PERCUSION_ECVal_RF02_132902,PERCUSION,ECVal_RF02,2024-11-07T13:29:02.114000,1,160,252,manual
PERCUSION_ECVal_RF02_132902,PERCUSION,ECVal_RF02,2024-11-07T13:29:02.114000,1,183,266,manual
PERCUSION_ECVal_RF02_132902,PERCUSION,ECVal_RF02,2024-11-07T13:29:02.114000,1,182,334,manual
PERCUSION_ECVal_RF02_132902,PERCUSION,ECVal_RF02,2024-11-07T13:29:02.114000,1,203,342,manual
PERCUSION_ECVal_RF03_114125,PERCUSION,ECVal_RF03,2024-11-10T11:41:25.485000,1,71,466,suggested
PERCUSION_ECVal_RF03_114125,PERCUSION,ECVal_RF03,2024-11-10T11:41:25.485000,1,77,457,suggested
PERCUSION_ECVal_RF03_114125,PERCUSION,ECVal_RF03,2024-11-10T11:41:25.485000,1,80,456,suggested
PERCUSION_ECVal_RF03_114125,PERCUSION,ECVal_RF03,2024-11-10T11:41:25.485000,1,140,390,suggested
PERCUSION_ECVal_RF03_114125,PERCUSION,ECVal_RF03,2024-11-10T11:41:25.485000,1,176,339,suggested
PERCUSION_ECVal_RF03_114125,PERCUSION,ECVal_RF03,2024-11-10T11:41:25.485000,1,199,224,suggested
PERCUSION_ECVal_RF03_114125,PERCUSION,ECVal_RF03,2024-11-10T11:41:25.485000,1,172,161,suggested
PERCUSION_ECVal_RF03_114125,PERCUSION,ECVal_RF03,2024-11-10T11:41:25.485000,1,265,160,suggested
PERCUSION_ECVal_RF03_114125,PERCUSION,ECVal_RF03,2024-11-10T11:41:25.485000,1,454,99,suggested
PERCUSION_ECVal_RF03_114125,PERCUSION,ECVal_RF03,2024-11-10T11:41:25.485000,1,499,100,suggested
PERCUSION_ECVal_RF03_114125,PERCUSION,ECVal_RF03,2024-11-10T11:41:25.485000,1,546,95,suggested
PERCUSION_ECVal_RF03_114125,PERCUSION,ECVal_RF03,2024-11-10T11:41:25.485000,1,557,94,suggested
PERCUSION_ECVal_RF03_114125,PERCUSION,ECVal_RF03,2024-11-10T11:41:25.485000,1,155,478,manual
PERCUSION_ECVal_RF03_114125,PERCUSION,ECVal_RF03,2024-11-10T11:41:25.485000,1,166,497,manual
PERCUSION_ECVal_RF03_114125,PERCUSION,ECVal_RF03,2024-11-10T11:41:25.485000,1,334,129,manual
PERCUSION_ECVal_RF03_114125,PERCUSION,ECVal_RF03,2024-11-10T11:41:25.485000,1,375,117,manual
PERCUSION_ECVal_RF03_114125,PERCUSION,ECVal_RF03,2024-11-10T11:41:25.485000,1,213,158,manual
PERCUSION_ECVal_RF03_114125,PERCUSION,ECVal_RF03,2024-11-10T11:41:25.485000,1,195,264,manual
PERCUSION_ECVal_RF03_114125,PERCUSION,ECVal_RF03,2024-11-10T11:41:25.485000,1,45,294,manual
PERCUSION_ECVal_RF03_114125,PERCUSION,ECVal_RF03,2024-11-10T11:41:25.485000,1,25,319,manual
PERCUSION_ECVal_RF03_114141,PERCUSION,ECVal_RF03,2024-11-10T11:41:41.869000,1,154,324,suggested
PERCUSION_ECVal_RF03_114141,PERCUSION,ECVal_RF03,2024-11-10T11:41:41.869000,1,172,247,suggested
PERCUSION_ECVal_RF03_114141,PERCUSION,ECVal_RF03,2024-11-10T11:41:41.869000,1,170,236,suggested
PERCUSION_ECVal_RF03_114141,PERCUSION,ECVal_RF03,2024-11-10T11:41:41.869000,1,164,213,suggested
PERCUSION_ECVal_RF03_114141,PERCUSION,ECVal_RF03,2024-11-10T11:41:41.869000,1,160,203,suggested
PERCUSION_ECVal_RF03_114141,PERCUSION,ECVal_RF03,2024-11-10T11:41:41.869000,1,155,192,suggested
PERCUSION_ECVal_RF03_114141,PERCUSION,ECVal_RF03,2024-11-10T11:41:41.869000,1,143,172,suggested
PERCUSION_ECVal_RF03_114141,PERCUSION,ECVal_RF03,2024-11-10T11:41:41.869000,1,64,172,suggested
PERCUSION_ECVal_RF03_114141,PERCUSION,ECVal_RF03,2024-11-10T11:41:41.869000,1,37,191,suggested
PERCUSION_ECVal_RF03_114141,PERCUSION,ECVal_RF03,2024-11-10T11:41:41.869000,1,59,149,suggested
PERCUSION_ECVal_RF03_114141,PERCUSION,ECVal_RF03,2024-11-10T11:41:41.869000,1,59,148,suggested
PERCUSION_ECVal_RF03_114141,PERCUSION,ECVal_RF03,2024-11-10T11:41:41.869000,1,141,86,suggested
PERCUSION_ECVal_RF03_114141,PERCUSION,ECVal_RF03,2024-11-10T11:41:41.869000,1,158,82,suggested
PERCUSION_ECVal_RF03_114141,PERCUSION,ECVal_RF03,2024-11-10T11:41:41.869000,1,99,346,manual
PERCUSION_ECVal_RF03_114141,PERCUSION,ECVal_RF03,2024-11-10T11:41:41.869000,1,66,357,manual
PERCUSION_ECVal_RF03_114141,PERCUSION,ECVal_RF03,2024-11-10T11:41:41.869000,1,30,377,manual
PERCUSION_ECVal_RF03_114141,PERCUSION,ECVal_RF03,2024-11-10T11:41:41.869000,1,15,386,manual
PERCUSION_ECVal_RF03_114141,PERCUSION,ECVal_RF03,2024-11-10T11:41:41.869000,1,174,21,manual
PERCUSION_ECVal_RF03_114251,PERCUSION,ECVal_RF03,2024-11-10T11:42:51.501000,1,592,85,suggested
PERCUSION_ECVal_RF03_114251,PERCUSION,ECVal_RF03,2024-11-10T11:42:51.501000,1,553,89,suggested
PERCUSION_ECVal_RF03_114251,PERCUSION,ECVal_RF03,2024-11-10T11:42:51.501000,1,542,96,suggested
PERCUSION_ECVal_RF03_114251,PERCUSION,ECVal_RF03,2024-11-10T11:42:51.501000,1,534,115,suggested
PERCUSION_ECVal_RF03_114251,PERCUSION,ECVal_RF03,2024-11-10T11:42:51.501000,1,535,137,suggested
PERCUSION_ECVal_RF03_114251,PERCUSION,ECVal_RF03,2024-11-10T11:42:51.501000,1,535,145,suggested
PERCUSION_ECVal_RF03_114251,PERCUSION,ECVal_RF03,2024-11-10T11:42:51.501000,1,568,369,suggested
PERCUSION_ECVal_RF03_114251,PERCUSION,ECVal_RF03,2024-11-10T11:42:51.501000,1,566,365,suggested
PERCUSION_ECVal_RF03_114251,PERCUSION,ECVal_RF03,2024-11-10T11:42:51.501000,1,551,255,manual
PERCUSION_ECVal_RF03_114251,PERCUSION,ECVal_RF03,2024-11-10T11:42:51.501000,1,544,280,manual
PERCUSION_ECVal_RF03_114251,PERCUSION,ECVal_RF03,2024-11-10T11:42:51.501000,1,588,110,manual
PERCUSION_ECVal_RF03_114251,PERCUSION,ECVal_RF03,2024-11-10T11:42:51.501000,1,623,110,manual
PERCUSION_ECVal_RF03_114531,PERCUSION,ECVal_RF03,2024-11-10T11:45:31.245000,1,39,186,suggested
PERCUSION_ECVal_RF03_114531,PERCUSION,ECVal_RF03,2024-11-10T11:45:31.245000,1,81,168,suggested
PERCUSION_ECVal_RF03_114531,PERCUSION,ECVal_RF03,2024-11-10T11:45:31.245000,1,84,165,suggested
PERCUSION_ECVal_RF03_114531,PERCUSION,ECVal_RF03,2024-11-10T11:45:31.245000,1,90,159,suggested
PERCUSION_ECVal_RF03_114531,PERCUSION,ECVal_RF03,2024-11-10T11:45:31.245000,1,99,161,suggested
PERCUSION_ECVal_RF03_114531,PERCUSION,ECVal_RF03,2024-11-10T11:45:31.245000,1,106,160,suggested
PERCUSION_ECVal_RF03_114531,PERCUSION,ECVal_RF03,2024-11-10T11:45:31.245000,1,117,166,suggested
PERCUSION_ECVal_RF03_114531,PERCUSION,ECVal_RF03,2024-11-10T11:45:31.245000,1,134,157,suggested
PERCUSION_ECVal_RF03_114531,PERCUSION,ECVal_RF03,2024-11-10T11:45:31.245000,1,144,153,suggested
PERCUSION_ECVal_RF03_114531,PERCUSION,ECVal_RF03,2024-11-10T11:45:31.245000,1,163,145,suggested
PERCUSION_ECVal_RF03_114531,PERCUSION,ECVal_RF03,2024-11-10T11:45:31.245000,1,177,133,suggested
PERCUSION_ECVal_RF03_114531,PERCUSION,ECVal_RF03,2024-11-10T11:45:31.245000,1,177,128,suggested
PERCUSION_ECVal_RF03_114531,PERCUSION,ECVal_RF03,2024-11-10T11:45:31.245000,1,212,112,suggested
PERCUSION_ECVal_RF03_114531,PERCUSION,ECVal_RF03,2024-11-10T11:45:31.245000,1,220,106,suggested
PERCUSION_ECVal_RF03_114531,PERCUSION,ECVal_RF03,2024-11-10T11:45:31.245000,1,228,101,suggested
PERCUSION_ECVal_RF03_114531,PERCUSION,ECVal_RF03,2024-11-10T11:45:31.245000,1,231,107,suggested
PERCUSION_ECVal_RF03_114531,PERCUSION,ECVal_RF03,2024-11-10T11:45:31.245000,1,247,102,suggested
PERCUSION_ECVal_RF03_114531,PERCUSION,ECVal_RF03,2024-11-10T11:45:31.245000,1,255,98,suggested
PERCUSION_ECVal_RF03_114531,PERCUSION,ECVal_RF03,2024-11-10T11:45:31.245000,1,284,78,suggested
PERCUSION_ECVal_RF03_114531,PERCUSION,ECVal_RF03,2024-11-10T11:45:31.245000,1,352,63,suggested
PERCUSION_ECVal_RF03_114531,PERCUSION,ECVal_RF03,2024-11-10T11:45:31.245000,1,207,275,suggested
PERCUSION_ECVal_RF03_114531,PERCUSION,ECVal_RF03,2024-11-10T11:45:31.245000,1,222,291,suggested
PERCUSION_ECVal_RF03_114531,PERCUSION,ECVal_RF03,2024-11-10T11:45:31.245000,1,230,298,suggested
PERCUSION_ECVal_RF03_114531,PERCUSION,ECVal_RF03,2024-11-10T11:45:31.245000,1,237,306,suggested
PERCUSION_ECVal_RF03_114531,PERCUSION,ECVal_RF03,2024-11-10T11:45:31.245000,1,243,315,suggested
PERCUSION_ECVal_RF03_114531,PERCUSION,ECVal_RF03,2024-11-10T11:45:31.245000,1,249,323,suggested
PERCUSION_ECVal_RF03_114531,PERCUSION,ECVal_RF03,2024-11-10T11:45:31.245000,1,257,327,suggested
PERCUSION_ECVal_RF03_114531,PERCUSION,ECVal_RF03,2024-11-10T11:45:31.245000,1,259,335,suggested
PERCUSION_ECVal_RF03_114531,PERCUSION,ECVal_RF03,2024-11-10T11:45:31.245000,1,258,346,suggested
PERCUSION_ECVal_RF03_114531,PERCUSION,ECVal_RF03,2024-11-10T11:45:31.245000,1,268,362,suggested
PERCUSION_ECVal_RF03_114531,PERCUSION,ECVal_RF03,2024-11-10T11:45:31.245000,1,271,365,suggested
PERCUSION_ECVal_RF03_114531,PERCUSION,ECVal_RF03,2024-11-10T11:45:31.245000,1,320,384,suggested
PERCUSION_ECVal_RF03_114531,PERCUSION,ECVal_RF03,2024-11-10T11:45:31.245000,1,342,388,suggested
PERCUSION_ECVal_RF03_114531,PERCUSION,ECVal_RF03,2024-11-10T11:45:31.245000,1,367,385,suggested
PERCUSION_ECVal_RF03_114531,PERCUSION,ECVal_RF03,2024-11-10T11:45:31.245000,1,365,370,suggested
PERCUSION_ECVal_RF03_114531,PERCUSION,ECVal_RF03,2024-11-10T11:45:31.245000,1,458,335,suggested
PERCUSION_ECVal_RF03_114531,PERCUSION,ECVal_RF03,2024-11-10T11:45:31.245000,1,480,310,suggested
PERCUSION_ECVal_RF03_114531,PERCUSION,ECVal_RF03,2024-11-10T11:45:31.245000,1,486,300,suggested
PERCUSION_ECVal_RF03_114531,PERCUSION,ECVal_RF03,2024-11-10T11:45:31.245000,1,494,292,suggested
PERCUSION_ECVal_RF03_114531,PERCUSION,ECVal_RF03,2024-11-10T11:45:31.245000,1,516,255,suggested
PERCUSION_ECVal_RF03_114531,PERCUSION,ECVal_RF03,2024-11-10T11:45:31.245000,1,508,222,suggested
PERCUSION_ECVal_RF03_114531,PERCUSION,ECVal_RF03,2024-11-10T11:45:31.245000,1,356,126,manual
PERCUSION_ECVal_RF03_114531,PERCUSION,ECVal_RF03,2024-11-10T11:45:31.245000,1,363,148,manual
PERCUSION_ECVal_RF03_114531,PERCUSION,ECVal_RF03,2024-11-10T11:45:31.245000,1,334,154,manual
PERCUSION_ECVal_RF03_114531,PERCUSION,ECVal_RF03,2024-11-10T11:45:31.245000,1,324,173,manual
PERCUSION_ECVal_RF03_114531,PERCUSION,ECVal_RF03,2024-11-10T11:45:31.245000,1,327,186,manual
PERCUSION_ECVal_RF03_114531,PERCUSION,ECVal_RF03,2024-11-10T11:45:31.245000,1,310,197,manual
PERCUSION_ECVal_RF03_114531,PERCUSION,ECVal_RF03,2024-11-10T11:45:31.245000,1,281,208,manual
PERCUSION_ECVal_RF03_114531,PERCUSION,ECVal_RF03,2024-11-10T11:45:31.245000,1,475,165,manual
PERCUSION_ECVal_RF03_114531,PERCUSION,ECVal_RF03,2024-11-10T11:45:31.245000,1,512,162,manual
PERCUSION_ECVal_RF03_114531,PERCUSION,ECVal_RF03,2024-11-10T11:45:31.245000,1,544,138,manual
PERCUSION_ECVal_RF03_114531,PERCUSION,ECVal_RF03,2024-11-10T11:45:31.245000,1,597,84,manual
PERCUSION_ECVal_RF03_121735,PERCUSION,ECVal_RF03,2024-11-10T12:17:35.032000,1,453,191,manual
PERCUSION_ECVal_RF03_121735,PERCUSION,ECVal_RF03,2024-11-10T12:17:35.032000,1,316,251,manual
PERCUSION_ECVal_RF03_121735,PERCUSION,ECVal_RF03,2024-11-10T12:17:35.032000,1,251,311,manual
PERCUSION_ECVal_RF03_121735,PERCUSION,ECVal_RF03,2024-11-10T12:17:35.032000,1,191,366,manual
PERCUSION_ECVal_RF03_121735,PERCUSION,ECVal_RF03,2024-11-10T12:17:35.032000,1,120,406,manual
PERCUSION_ECVal_RF03_121735,PERCUSION,ECVal_RF03,2024-11-10T12:17:35.032000,1,102,421,manual
PERCUSION_ECVal_RF03_121735,PERCUSION,ECVal_RF03,2024-11-10T12:17:35.032000,1,70,435,manual
PERCUSION_ECVal_RF03_121735,PERCUSION,ECVal_RF03,2024-11-10T12:17:35.032000,1,11,440,manual
PERCUSION_ECVal_RF03_121735,PERCUSION,ECVal_RF03,2024-11-10T12:17:35.032000,1,520,104,manual
PERCUSION_ECVal_RF03_121735,PERCUSION,ECVal_RF03,2024-11-10T12:17:35.032000,1,545,68,manual
PERCUSION_ECVal_RF03_121735,PERCUSION,ECVal_RF03,2024-11-10T12:17:35.032000,1,575,25,manual
PERCUSION_ECVal_RF03_125222,PERCUSION,ECVal_RF03,2024-11-10T12:52:23.022000,1,258,40,manual
PERCUSION_ECVal_RF03_125222,PERCUSION,ECVal_RF03,2024-11-10T12:52:23.022000,1,270,59,manual
PERCUSION_ECVal_RF03_125222,PERCUSION,ECVal_RF03,2024-11-10T12:52:23.022000,1,277,74,manual
PERCUSION_ECVal_RF03_125222,PERCUSION,ECVal_RF03,2024-11-10T12:52:23.022000,1,293,101,manual
PERCUSION_ECVal_RF03_125222,PERCUSION,ECVal_RF03,2024-11-10T12:52:23.022000,1,296,125,manual
PERCUSION_ECVal_RF03_125222,PERCUSION,ECVal_RF03,2024-11-10T12:52:23.022000,1,302,141,manual
PERCUSION_ECVal_RF03_125222,PERCUSION,ECVal_RF03,2024-11-10T12:52:23.022000,1,312,160,manual
PERCUSION_ECVal_RF03_125222,PERCUSION,ECVal_RF03,2024-11-10T12:52:23.022000,1,319,184,manual
PERCUSION_ECVal_RF03_125222,PERCUSION,ECVal_RF03,2024-11-10T12:52:23.022000,1,334,196,manual
PERCUSION_ECVal_RF03_125222,PERCUSION,ECVal_RF03,2024-11-10T12:52:23.022000,1,330,210,manual
PERCUSION_ECVal_RF03_125222,PERCUSION,ECVal_RF03,2024-11-10T12:52:23.022000,1,327,263,manual
PERCUSION_ECVal_RF03_125222,PERCUSION,ECVal_RF03,2024-11-10T12:52:23.022000,1,332,266,manual
PERCUSION_ECVal_RF03_125222,PERCUSION,ECVal_RF03,2024-11-10T12:52:23.022000,1,366,277,manual
PERCUSION_ECVal_RF03_125222,PERCUSION,ECVal_RF03,2024-11-10T12:52:23.022000,1,385,286,manual
PERCUSION_ECVal_RF03_125222,PERCUSION,ECVal_RF03,2024-11-10T12:52:23.022000,1,396,305,manual
PERCUSION_ECVal_RF03_125222,PERCUSION,ECVal_RF03,2024-11-10T12:52:23.022000,1,381,340,manual
PERCUSION_ECVal_RF03_125222,PERCUSION,ECVal_RF03,2024-11-10T12:52:23.022000,1,237,284,manual
PERCUSION_ECVal_RF03_125222,PERCUSION,ECVal_RF03,2024-11-10T12:52:23.022000,1,185,297,manual
PERCUSION_ECVal_RF03_125222,PERCUSION,ECVal_RF03,2024-11-10T12:52:23.022000,1,154,319,manual
PERCUSION_ECVal_RF03_125222,PERCUSION,ECVal_RF03,2024-11-10T12:52:23.022000,1,120,334,manual
PERCUSION_ECVal_RF03_125222,PERCUSION,ECVal_RF03,2024-11-10T12:52:23.022000,1,99,353,manual
PERCUSION_ECVal_RF03_125320,PERCUSION,ECVal_RF03,2024-11-10T12:53:20.366000,1,46,369,suggested
PERCUSION_ECVal_RF03_125320,PERCUSION,ECVal_RF03,2024-11-10T12:53:20.366000,1,59,364,suggested
PERCUSION_ECVal_RF03_125320,PERCUSION,ECVal_RF03,2024-11-10T12:53:20.366000,1,57,358,suggested
PERCUSION_ECVal_RF03_125320,PERCUSION,ECVal_RF03,2024-11-10T12:53:20.366000,1,72,320,suggested
PERCUSION_ECVal_RF03_125320,PERCUSION,ECVal_RF03,2024-11-10T12:53:20.366000,1,88,291,suggested
PERCUSION_ECVal_RF03_125320,PERCUSION,ECVal_RF03,2024-11-10T12:53:20.366000,1,138,159,suggested
PERCUSION_ECVal_RF03_125320,PERCUSION,ECVal_RF03,2024-11-10T12:53:20.366000,1,186,137,suggested
PERCUSION_ECVal_RF03_125320,PERCUSION,ECVal_RF03,2024-11-10T12:53:20.366000,1,201,124,suggested
PERCUSION_ECVal_RF03_125320,PERCUSION,ECVal_RF03,2024-11-10T12:53:20.366000,1,238,100,suggested
PERCUSION_ECVal_RF03_125320,PERCUSION,ECVal_RF03,2024-11-10T12:53:20.366000,1,246,91,suggested
PERCUSION_ECVal_RF03_125320,PERCUSION,ECVal_RF03,2024-11-10T12:53:20.366000,1,250,69,suggested
PERCUSION_ECVal_RF03_125320,PERCUSION,ECVal_RF03,2024-11-10T12:53:20.366000,1,255,57,suggested
PERCUSION_ECVal_RF03_125320,PERCUSION,ECVal_RF03,2024-11-10T12:53:20.366000,1,276,81,suggested
PERCUSION_ECVal_RF03_125320,PERCUSION,ECVal_RF03,2024-11-10T12:53:20.366000,1,289,94,suggested
PERCUSION_ECVal_RF03_125320,PERCUSION,ECVal_RF03,2024-11-10T12:53:20.366000,1,318,147,suggested
PERCUSION_ECVal_RF03_125320,PERCUSION,ECVal_RF03,2024-11-10T12:53:20.366000,1,335,199,suggested
PERCUSION_ECVal_RF03_125320,PERCUSION,ECVal_RF03,2024-11-10T12:53:20.366000,1,363,214,suggested
PERCUSION_ECVal_RF03_125320,PERCUSION,ECVal_RF03,2024-11-10T12:53:20.366000,1,514,378,suggested
PERCUSION_ECVal_RF03_125320,PERCUSION,ECVal_RF03,2024-11-10T12:53:20.366000,1,517,382,suggested
PERCUSION_ECVal_RF03_125320,PERCUSION,ECVal_RF03,2024-11-10T12:53:20.366000,1,537,415,suggested
PERCUSION_ECVal_RF03_125320,PERCUSION,ECVal_RF03,2024-11-10T12:53:20.366000,1,106,243,manual
PERCUSION_ECVal_RF03_125320,PERCUSION,ECVal_RF03,2024-11-10T12:53:20.366000,1,101,222,manual
PERCUSION_ECVal_RF03_125320,PERCUSION,ECVal_RF03,2024-11-10T12:53:20.366000,1,75,191,manual
PERCUSION_ECVal_RF03_125320,PERCUSION,ECVal_RF03,2024-11-10T12:53:20.366000,1,390,231,manual
PERCUSION_ECVal_RF03_125320,PERCUSION,ECVal_RF03,2024-11-10T12:53:20.366000,1,456,283,manual
PERCUSION_ECVal_RF03_125442,PERCUSION,ECVal_RF03,2024-11-10T12:54:42.286000,1,584,455,suggested
PERCUSION_ECVal_RF03_125442,PERCUSION,ECVal_RF03,2024-11-10T12:54:42.286000,1,559,436,suggested
PERCUSION_ECVal_RF03_125442,PERCUSION,ECVal_RF03,2024-11-10T12:54:42.286000,1,544,379,suggested
PERCUSION_ECVal_RF03_125442,PERCUSION,ECVal_RF03,2024-11-10T12:54:42.286000,1,531,364,suggested
PERCUSION_ECVal_RF03_125442,PERCUSION,ECVal_RF03,2024-11-10T12:54:42.286000,1,521,348,suggested
PERCUSION_ECVal_RF03_125442,PERCUSION,ECVal_RF03,2024-11-10T12:54:42.286000,1,516,340,suggested
PERCUSION_ECVal_RF03_125442,PERCUSION,ECVal_RF03,2024-11-10T12:54:42.286000,1,509,341,suggested
PERCUSION_ECVal_RF03_125442,PERCUSION,ECVal_RF03,2024-11-10T12:54:42.286000,1,495,360,suggested
PERCUSION_ECVal_RF03_125442,PERCUSION,ECVal_RF03,2024-11-10T12:54:42.286000,1,499,363,suggested
PERCUSION_ECVal_RF03_125442,PERCUSION,ECVal_RF03,2024-11-10T12:54:42.286000,1,501,366,suggested
PERCUSION_ECVal_RF03_125442,PERCUSION,ECVal_RF03,2024-11-10T12:54:42.286000,1,495,368,suggested
PERCUSION_ECVal_RF03_125442,PERCUSION,ECVal_RF03,2024-11-10T12:54:42.286000,1,462,333,suggested
PERCUSION_ECVal_RF03_125442,PERCUSION,ECVal_RF03,2024-11-10T12:54:42.286000,1,442,303,suggested
PERCUSION_ECVal_RF03_125442,PERCUSION,ECVal_RF03,2024-11-10T12:54:42.286000,1,447,302,suggested
PERCUSION_ECVal_RF03_125442,PERCUSION,ECVal_RF03,2024-11-10T12:54:42.286000,1,432,290,suggested
PERCUSION_ECVal_RF03_125442,PERCUSION,ECVal_RF03,2024-11-10T12:54:42.286000,1,423,283,suggested
PERCUSION_ECVal_RF03_125442,PERCUSION,ECVal_RF03,2024-11-10T12:54:42.286000,1,423,282,suggested
PERCUSION_ECVal_RF03_125442,PERCUSION,ECVal_RF03,2024-11-10T12:54:42.286000,1,317,114,suggested
PERCUSION_ECVal_RF03_125442,PERCUSION,ECVal_RF03,2024-11-10T12:54:42.286000,1,319,95,suggested
PERCUSION_ECVal_RF03_125442,PERCUSION,ECVal_RF03,2024-11-10T12:54:42.286000,1,310,81,suggested
PERCUSION_ECVal_RF03_125442,PERCUSION,ECVal_RF03,2024-11-10T12:54:42.286000,1,299,78,suggested
PERCUSION_ECVal_RF03_125442,PERCUSION,ECVal_RF03,2024-11-10T12:54:42.286000,1,281,71,suggested
PERCUSION_ECVal_RF03_125442,PERCUSION,ECVal_RF03,2024-11-10T12:54:42.286000,1,277,61,suggested
PERCUSION_ECVal_RF03_125442,PERCUSION,ECVal_RF03,2024-11-10T12:54:42.286000,1,269,54,suggested
PERCUSION_ECVal_RF03_125442,PERCUSION,ECVal_RF03,2024-11-10T12:54:42.286000,1,260,47,suggested
PERCUSION_ECVal_RF03_125442,PERCUSION,ECVal_RF03,2024-11-10T12:54:42.286000,1,374,398,manual
PERCUSION_ECVal_RF03_125442,PERCUSION,ECVal_RF03,2024-11-10T12:54:42.286000,1,253,276,manual
PERCUSION_ECVal_RF03_125442,PERCUSION,ECVal_RF03,2024-11-10T12:54:42.286000,1,260,287,manual
PERCUSION_ECVal_RF03_125442,PERCUSION,ECVal_RF03,2024-11-10T12:54:42.286000,1,403,431,manual
PERCUSION_ECVal_RF03_132421,PERCUSION,ECVal_RF03,2024-11-10T13:24:21.868000,1,591,422,suggested
PERCUSION_ECVal_RF03_132421,PERCUSION,ECVal_RF03,2024-11-10T13:24:21.868000,1,586,414,suggested
PERCUSION_ECVal_RF03_132421,PERCUSION,ECVal_RF03,2024-11-10T13:24:21.868000,1,581,405,suggested
PERCUSION_ECVal_RF03_132421,PERCUSION,ECVal_RF03,2024-11-10T13:24:21.868000,1,575,398,suggested
PERCUSION_ECVal_RF03_132421,PERCUSION,ECVal_RF03,2024-11-10T13:24:21.868000,1,568,392,suggested
PERCUSION_ECVal_RF03_132421,PERCUSION,ECVal_RF03,2024-11-10T13:24:21.868000,1,560,385,suggested
PERCUSION_ECVal_RF03_132421,PERCUSION,ECVal_RF03,2024-11-10T13:24:21.868000,1,553,378,suggested
PERCUSION_ECVal_RF03_132421,PERCUSION,ECVal_RF03,2024-11-10T13:24:21.868000,1,544,373,suggested
PERCUSION_ECVal_RF03_132421,PERCUSION,ECVal_RF03,2024-11-10T13:24:21.868000,1,493,401,suggested
PERCUSION_ECVal_RF03_132421,PERCUSION,ECVal_RF03,2024-11-10T13:24:21.868000,1,463,407,suggested
PERCUSION_ECVal_RF03_132421,PERCUSION,ECVal_RF03,2024-11-10T13:24:21.868000,1,466,391,suggested
PERCUSION_ECVal_RF03_132421,PERCUSION,ECVal_RF03,2024-11-10T13:24:21.868000,1,467,382,suggested
PERCUSION_ECVal_RF03_132421,PERCUSION,ECVal_RF03,2024-11-10T13:24:21.868000,1,462,373,suggested
PERCUSION_ECVal_RF03_132421,PERCUSION,ECVal_RF03,2024-11-10T13:24:21.868000,1,459,365,suggested
PERCUSION_ECVal_RF03_132421,PERCUSION,ECVal_RF03,2024-11-10T13:24:21.868000,1,440,367,suggested
PERCUSION_ECVal_RF03_132421,PERCUSION,ECVal_RF03,2024-11-10T13:24:21.868000,1,439,349,suggested
PERCUSION_ECVal_RF03_132421,PERCUSION,ECVal_RF03,2024-11-10T13:24:21.868000,1,438,339,suggested
PERCUSION_ECVal_RF03_132421,PERCUSION,ECVal_RF03,2024-11-10T13:24:21.868000,1,436,329,suggested
PERCUSION_ECVal_RF03_132421,PERCUSION,ECVal_RF03,2024-11-10T13:24:21.868000,1,431,319,suggested
PERCUSION_ECVal_RF03_132421,PERCUSION,ECVal_RF03,2024-11-10T13:24:21.868000,1,425,314,suggested
PERCUSION_ECVal_RF03_132421,PERCUSION,ECVal_RF03,2024-11-10T13:24:21.868000,1,417,308,suggested
PERCUSION_ECVal_RF03_132421,PERCUSION,ECVal_RF03,2024-11-10T13:24:21.868000,1,409,301,suggested
PERCUSION_ECVal_RF03_132421,PERCUSION,ECVal_RF03,2024-11-10T13:24:21.868000,1,400,301,suggested
PERCUSION_ECVal_RF03_132421,PERCUSION,ECVal_RF03,2024-11-10T13:24:21.868000,1,390,299,suggested
PERCUSION_ECVal_RF03_132421,PERCUSION,ECVal_RF03,2024-11-10T13:24:21.868000,1,383,291,suggested
PERCUSION_ECVal_RF03_132421,PERCUSION,ECVal_RF03,2024-11-10T13:24:21.868000,1,372,290,suggested
PERCUSION_ECVal_RF03_132421,PERCUSION,ECVal_RF03,2024-11-10T13:24:21.868000,1,359,298,suggested
PERCUSION_ECVal_RF03_132421,PERCUSION,ECVal_RF03,2024-11-10T13:24:21.868000,1,362,285,suggested
PERCUSION_ECVal_RF03_132421,PERCUSION,ECVal_RF03,2024-11-10T13:24:21.868000,1,362,274,suggested
PERCUSION_ECVal_RF03_132421,PERCUSION,ECVal_RF03,2024-11-10T13:24:21.868000,1,359,264,suggested
PERCUSION_ECVal_RF03_132421,PERCUSION,ECVal_RF03,2024-11-10T13:24:21.868000,1,360,254,suggested
PERCUSION_ECVal_RF03_132421,PERCUSION,ECVal_RF03,2024-11-10T13:24:21.868000,1,366,245,suggested
PERCUSION_ECVal_RF03_132421,PERCUSION,ECVal_RF03,2024-11-10T13:24:21.868000,1,372,237,suggested
PERCUSION_ECVal_RF03_132421,PERCUSION,ECVal_RF03,2024-11-10T13:24:21.868000,1,386,219,suggested
PERCUSION_ECVal_RF03_132421,PERCUSION,ECVal_RF03,2024-11-10T13:24:21.868000,1,387,214,suggested
PERCUSION_ECVal_RF03_132421,PERCUSION,ECVal_RF03,2024-11-10T13:24:21.868000,1,401,209,suggested
PERCUSION_ECVal_RF03_132421,PERCUSION,ECVal_RF03,2024-11-10T13:24:21.868000,1,408,217,suggested
PERCUSION_ECVal_RF03_132421,PERCUSION,ECVal_RF03,2024-11-10T13:24:21.868000,1,435,217,suggested
PERCUSION_ECVal_RF03_132421,PERCUSION,ECVal_RF03,2024-11-10T13:24:21.868000,1,431,207,suggested
PERCUSION_ECVal_RF03_132421,PERCUSION,ECVal_RF03,2024-11-10T13:24:21.868000,1,420,191,suggested
PERCUSION_ECVal_RF03_132421,PERCUSION,ECVal_RF03,2024-11-10T13:24:21.868000,1,428,185,suggested
PERCUSION_ECVal_RF03_132421,PERCUSION,ECVal_RF03,2024-11-10T13:24:21.868000,1,433,190,suggested
PERCUSION_ECVal_RF03_132421,PERCUSION,ECVal_RF03,2024-11-10T13:24:21.868000,1,457,185,suggested
PERCUSION_ECVal_RF03_132421,PERCUSION,ECVal_RF03,2024-11-10T13:24:21.868000,1,471,174,suggested
PERCUSION_ECVal_RF03_132421,PERCUSION,ECVal_RF03,2024-11-10T13:24:21.868000,1,462,168,suggested
PERCUSION_ECVal_RF03_132421,PERCUSION,ECVal_RF03,2024-11-10T13:24:21.868000,1,458,159,suggested
PERCUSION_ECVal_RF03_132421,PERCUSION,ECVal_RF03,2024-11-10T13:24:21.868000,1,452,150,suggested
PERCUSION_ECVal_RF03_132421,PERCUSION,ECVal_RF03,2024-11-10T13:24:21.868000,1,447,141,suggested
PERCUSION_ECVal_RF03_132421,PERCUSION,ECVal_RF03,2024-11-10T13:24:21.868000,1,463,120,suggested
PERCUSION_ECVal_RF03_132421,PERCUSION,ECVal_RF03,2024-11-10T13:24:21.868000,1,484,118,suggested
PERCUSION_ECVal_RF03_132421,PERCUSION,ECVal_RF03,2024-11-10T13:24:21.868000,1,480,108,suggested
PERCUSION_ECVal_RF03_132421,PERCUSION,ECVal_RF03,2024-11-10T13:24:21.868000,1,485,101,suggested
PERCUSION_ECVal_RF03_132421,PERCUSION,ECVal_RF03,2024-11-10T13:24:21.868000,1,487,91,suggested
PERCUSION_ECVal_RF03_132421,PERCUSION,ECVal_RF03,2024-11-10T13:24:21.868000,1,486,83,suggested
PERCUSION_ECVal_RF03_132421,PERCUSION,ECVal_RF03,2024-11-10T13:24:21.868000,1,476,80,suggested
PERCUSION_ECVal_RF03_132421,PERCUSION,ECVal_RF03,2024-11-10T13:24:21.868000,1,465,78,suggested
PERCUSION_ECVal_RF03_132421,PERCUSION,ECVal_RF03,2024-11-10T13:24:21.868000,1,458,70,suggested
PERCUSION_ECVal_RF03_132421,PERCUSION,ECVal_RF03,2024-11-10T13:24:21.868000,1,462,60,suggested
PERCUSION_ECVal_RF03_132421,PERCUSION,ECVal_RF03,2024-11-10T13:24:21.868000,1,471,55,suggested
PERCUSION_ECVal_RF03_132421,PERCUSION,ECVal_RF03,2024-11-10T13:24:21.868000,1,477,47,suggested
PERCUSION_ECVal_RF03_132421,PERCUSION,ECVal_RF03,2024-11-10T13:24:21.868000,1,470,39,suggested
PERCUSION_ECVal_RF03_132458,PERCUSION,ECVal_RF03,2024-11-10T13:24:58.732000,1,160,464,suggested
PERCUSION_ECVal_RF03_132458,PERCUSION,ECVal_RF03,2024-11-10T13:24:58.732000,1,191,436,suggested
PERCUSION_ECVal_RF03_132458,PERCUSION,ECVal_RF03,2024-11-10T13:24:58.732000,1,196,423,suggested
PERCUSION_ECVal_RF03_132458,PERCUSION,ECVal_RF03,2024-11-10T13:24:58.732000,1,190,413,suggested
PERCUSION_ECVal_RF03_132458,PERCUSION,ECVal_RF03,2024-11-10T13:24:58.732000,1,185,403,suggested
PERCUSION_ECVal_RF03_132458,PERCUSION,ECVal_RF03,2024-11-10T13:24:58.732000,1,180,392,suggested
PERCUSION_ECVal_RF03_132458,PERCUSION,ECVal_RF03,2024-11-10T13:24:58.732000,1,174,301,suggested
PERCUSION_ECVal_RF03_132458,PERCUSION,ECVal_RF03,2024-11-10T13:24:58.732000,1,186,313,suggested
PERCUSION_ECVal_RF03_132458,PERCUSION,ECVal_RF03,2024-11-10T13:24:58.732000,1,173,312,suggested
PERCUSION_ECVal_RF03_132458,PERCUSION,ECVal_RF03,2024-11-10T13:24:58.732000,1,197,313,suggested
PERCUSION_ECVal_RF03_132458,PERCUSION,ECVal_RF03,2024-11-10T13:24:58.732000,1,229,289,suggested
PERCUSION_ECVal_RF03_132458,PERCUSION,ECVal_RF03,2024-11-10T13:24:58.732000,1,232,283,suggested
PERCUSION_ECVal_RF03_132458,PERCUSION,ECVal_RF03,2024-11-10T13:24:58.732000,1,287,293,suggested
PERCUSION_ECVal_RF03_132458,PERCUSION,ECVal_RF03,2024-11-10T13:24:58.732000,1,295,280,suggested
PERCUSION_ECVal_RF03_132458,PERCUSION,ECVal_RF03,2024-11-10T13:24:58.732000,1,305,274,suggested
PERCUSION_ECVal_RF03_132458,PERCUSION,ECVal_RF03,2024-11-10T13:24:58.732000,1,312,266,suggested
PERCUSION_ECVal_RF03_132458,PERCUSION,ECVal_RF03,2024-11-10T13:24:58.732000,1,320,258,suggested
PERCUSION_ECVal_RF03_132458,PERCUSION,ECVal_RF03,2024-11-10T13:24:58.732000,1,333,255,suggested
PERCUSION_ECVal_RF03_132458,PERCUSION,ECVal_RF03,2024-11-10T13:24:58.732000,1,337,247,suggested
PERCUSION_ECVal_RF03_132458,PERCUSION,ECVal_RF03,2024-11-10T13:24:58.732000,1,422,182,suggested
PERCUSION_ECVal_RF03_132458,PERCUSION,ECVal_RF03,2024-11-10T13:24:58.732000,1,468,156,suggested
PERCUSION_ECVal_RF03_132458,PERCUSION,ECVal_RF03,2024-11-10T13:24:58.732000,1,476,148,suggested
PERCUSION_ECVal_RF03_132458,PERCUSION,ECVal_RF03,2024-11-10T13:24:58.732000,1,486,144,suggested
PERCUSION_ECVal_RF03_132458,PERCUSION,ECVal_RF03,2024-11-10T13:24:58.732000,1,500,144,suggested
PERCUSION_ECVal_RF03_132458,PERCUSION,ECVal_RF03,2024-11-10T13:24:58.732000,1,510,139,suggested
PERCUSION_ECVal_RF03_132458,PERCUSION,ECVal_RF03,2024-11-10T13:24:58.732000,1,518,131,suggested
PERCUSION_ECVal_RF03_132458,PERCUSION,ECVal_RF03,2024-11-10T13:24:58.732000,1,514,137,suggested
PERCUSION_ECVal_RF03_132458,PERCUSION,ECVal_RF03,2024-11-10T13:24:58.732000,1,522,127,suggested
PERCUSION_ECVal_RF03_132458,PERCUSION,ECVal_RF03,2024-11-10T13:24:58.732000,1,525,116,suggested
PERCUSION_ECVal_RF03_132458,PERCUSION,ECVal_RF03,2024-11-10T13:24:58.732000,1,529,109,suggested
PERCUSION_ECVal_RF03_132458,PERCUSION,ECVal_RF03,2024-11-10T13:24:58.732000,1,534,102,suggested
PERCUSION_ECVal_RF03_132458,PERCUSION,ECVal_RF03,2024-11-10T13:24:58.732000,1,539,95,suggested
PERCUSION_ECVal_RF03_132458,PERCUSION,ECVal_RF03,2024-11-10T13:24:58.732000,1,546,90,suggested
PERCUSION_ECVal_RF03_132458,PERCUSION,ECVal_RF03,2024-11-10T13:24:58.732000,1,547,81,suggested
PERCUSION_ECVal_RF03_132458,PERCUSION,ECVal_RF03,2024-11-10T13:24:58.732000,1,552,72,suggested
PERCUSION_ECVal_RF03_133614,PERCUSION,ECVal_RF03,2024-11-10T13:36:14.572000,1,467,319,manual
PERCUSION_ECVal_RF03_133614,PERCUSION,ECVal_RF03,2024-11-10T13:36:14.572000,1,411,304,manual
PERCUSION_ECVal_RF03_133614,PERCUSION,ECVal_RF03,2024-11-10T13:36:14.572000,1,325,356,manual
PERCUSION_ECVal_RF03_133614,PERCUSION,ECVal_RF03,2024-11-10T13:36:14.572000,1,293,368,manual
PERCUSION_ECVal_RF03_133614,PERCUSION,ECVal_RF03,2024-11-10T13:36:14.572000,1,227,342,manual
PERCUSION_ECVal_RF03_133614,PERCUSION,ECVal_RF03,2024-11-10T13:36:14.572000,1,195,354,manual
PERCUSION_ECVal_RF03_133614,PERCUSION,ECVal_RF03,2024-11-10T13:36:14.572000,1,161,353,manual
PERCUSION_ECVal_RF03_133614,PERCUSION,ECVal_RF03,2024-11-10T13:36:14.572000,1,123,355,manual
PERCUSION_ECVal_RF03_133614,PERCUSION,ECVal_RF03,2024-11-10T13:36:14.572000,1,91,355,manual
PERCUSION_ECVal_RF03_133614,PERCUSION,ECVal_RF03,2024-11-10T13:36:14.572000,1,503,350,manual
PERCUSION_ECVal_RF03_133614,PERCUSION,ECVal_RF03,2024-11-10T13:36:14.572000,1,554,353,manual
PERCUSION_ECVal_RF03_133614,PERCUSION,ECVal_RF03,2024-11-10T13:36:14.572000,1,594,366,manual
PERCUSION_ECVal_RF03_133740,PERCUSION,ECVal_RF03,2024-11-10T13:37:40.588000,1,52,275,suggested
PERCUSION_ECVal_RF03_133740,PERCUSION,ECVal_RF03,2024-11-10T13:37:40.588000,1,59,282,suggested
PERCUSION_ECVal_RF03_133740,PERCUSION,ECVal_RF03,2024-11-10T13:37:40.588000,1,86,316,suggested
PERCUSION_ECVal_RF03_133740,PERCUSION,ECVal_RF03,2024-11-10T13:37:40.588000,1,119,321,suggested
PERCUSION_ECVal_RF03_133740,PERCUSION,ECVal_RF03,2024-11-10T13:37:40.588000,1,207,328,suggested
PERCUSION_ECVal_RF03_133740,PERCUSION,ECVal_RF03,2024-11-10T13:37:40.588000,1,216,335,suggested
PERCUSION_ECVal_RF03_133740,PERCUSION,ECVal_RF03,2024-11-10T13:37:40.588000,1,223,343,suggested
PERCUSION_ECVal_RF03_133740,PERCUSION,ECVal_RF03,2024-11-10T13:37:40.588000,1,229,353,suggested
PERCUSION_ECVal_RF03_133740,PERCUSION,ECVal_RF03,2024-11-10T13:37:40.588000,1,236,362,suggested
PERCUSION_ECVal_RF03_133740,PERCUSION,ECVal_RF03,2024-11-10T13:37:40.588000,1,327,363,suggested
PERCUSION_ECVal_RF03_133740,PERCUSION,ECVal_RF03,2024-11-10T13:37:40.588000,1,336,368,suggested
PERCUSION_ECVal_RF03_133740,PERCUSION,ECVal_RF03,2024-11-10T13:37:40.588000,1,345,363,suggested
PERCUSION_ECVal_RF03_133740,PERCUSION,ECVal_RF03,2024-11-10T13:37:40.588000,1,354,356,suggested
PERCUSION_ECVal_RF03_133740,PERCUSION,ECVal_RF03,2024-11-10T13:37:40.588000,1,364,351,suggested
PERCUSION_ECVal_RF03_133740,PERCUSION,ECVal_RF03,2024-11-10T13:37:40.588000,1,384,358,suggested
PERCUSION_ECVal_RF03_133740,PERCUSION,ECVal_RF03,2024-11-10T13:37:40.588000,1,392,365,suggested
PERCUSION_ECVal_RF03_133740,PERCUSION,ECVal_RF03,2024-11-10T13:37:40.588000,1,400,372,suggested
PERCUSION_ECVal_RF03_133740,PERCUSION,ECVal_RF03,2024-11-10T13:37:40.588000,1,408,379,suggested
PERCUSION_ECVal_RF03_133740,PERCUSION,ECVal_RF03,2024-11-10T13:37:40.588000,1,417,390,suggested
PERCUSION_ECVal_RF03_133740,PERCUSION,ECVal_RF03,2024-11-10T13:37:40.588000,1,538,441,suggested
PERCUSION_ECVal_RF03_133740,PERCUSION,ECVal_RF03,2024-11-10T13:37:40.588000,1,538,451,suggested
PERCUSION_ECVal_RF03_133740,PERCUSION,ECVal_RF03,2024-11-10T13:37:40.588000,1,535,460,suggested
PERCUSION_ECVal_RF03_133740,PERCUSION,ECVal_RF03,2024-11-10T13:37:40.588000,1,532,470,suggested
PERCUSION_ECVal_RF03_135029,PERCUSION,ECVal_RF03,2024-11-10T13:50:29.305000,1,339,463,suggested
PERCUSION_ECVal_RF03_135029,PERCUSION,ECVal_RF03,2024-11-10T13:50:29.305000,1,349,445,suggested
PERCUSION_ECVal_RF03_135029,PERCUSION,ECVal_RF03,2024-11-10T13:50:29.305000,1,364,430,suggested
PERCUSION_ECVal_RF03_135029,PERCUSION,ECVal_RF03,2024-11-10T13:50:29.305000,1,375,412,suggested
PERCUSION_ECVal_RF03_135029,PERCUSION,ECVal_RF03,2024-11-10T13:50:29.305000,1,373,405,suggested
PERCUSION_ECVal_RF03_135029,PERCUSION,ECVal_RF03,2024-11-10T13:50:29.305000,1,379,409,suggested
PERCUSION_ECVal_RF03_135029,PERCUSION,ECVal_RF03,2024-11-10T13:50:29.305000,1,382,405,suggested
PERCUSION_ECVal_RF03_135029,PERCUSION,ECVal_RF03,2024-11-10T13:50:29.305000,1,389,396,suggested
PERCUSION_ECVal_RF03_135029,PERCUSION,ECVal_RF03,2024-11-10T13:50:29.305000,1,381,385,suggested
PERCUSION_ECVal_RF03_135029,PERCUSION,ECVal_RF03,2024-11-10T13:50:29.305000,1,389,381,suggested
PERCUSION_ECVal_RF03_135029,PERCUSION,ECVal_RF03,2024-11-10T13:50:29.305000,1,399,377,suggested
PERCUSION_ECVal_RF03_135029,PERCUSION,ECVal_RF03,2024-11-10T13:50:29.305000,1,407,370,suggested
PERCUSION_ECVal_RF03_135029,PERCUSION,ECVal_RF03,2024-11-10T13:50:29.305000,1,414,361,suggested
PERCUSION_ECVal_RF03_135029,PERCUSION,ECVal_RF03,2024-11-10T13:50:29.305000,1,424,342,suggested
PERCUSION_ECVal_RF03_135029,PERCUSION,ECVal_RF03,2024-11-10T13:50:29.305000,1,430,333,suggested
PERCUSION_ECVal_RF03_135029,PERCUSION,ECVal_RF03,2024-11-10T13:50:29.305000,1,436,312,suggested
PERCUSION_ECVal_RF03_135029,PERCUSION,ECVal_RF03,2024-11-10T13:50:29.305000,1,439,302,suggested
PERCUSION_ECVal_RF03_135029,PERCUSION,ECVal_RF03,2024-11-10T13:50:29.305000,1,441,291,suggested
PERCUSION_ECVal_RF03_135029,PERCUSION,ECVal_RF03,2024-11-10T13:50:29.305000,1,446,281,suggested
PERCUSION_ECVal_RF03_135029,PERCUSION,ECVal_RF03,2024-11-10T13:50:29.305000,1,451,271,suggested
PERCUSION_ECVal_RF03_135029,PERCUSION,ECVal_RF03,2024-11-10T13:50:29.305000,1,453,260,suggested
PERCUSION_ECVal_RF03_135029,PERCUSION,ECVal_RF03,2024-11-10T13:50:29.305000,1,456,250,suggested
PERCUSION_ECVal_RF03_135029,PERCUSION,ECVal_RF03,2024-11-10T13:50:29.305000,1,463,229,suggested
PERCUSION_ECVal_RF03_135029,PERCUSION,ECVal_RF03,2024-11-10T13:50:29.305000,1,464,218,suggested
PERCUSION_ECVal_RF03_135029,PERCUSION,ECVal_RF03,2024-11-10T13:50:29.305000,1,465,207,suggested
PERCUSION_ECVal_RF03_135029,PERCUSION,ECVal_RF03,2024-11-10T13:50:29.305000,1,466,196,suggested
PERCUSION_ECVal_RF03_135029,PERCUSION,ECVal_RF03,2024-11-10T13:50:29.305000,1,467,186,suggested
PERCUSION_ECVal_RF03_135029,PERCUSION,ECVal_RF03,2024-11-10T13:50:29.305000,1,466,175,suggested
PERCUSION_ECVal_RF03_135029,PERCUSION,ECVal_RF03,2024-11-10T13:50:29.305000,1,464,164,suggested
PERCUSION_ECVal_RF03_135029,PERCUSION,ECVal_RF03,2024-11-10T13:50:29.305000,1,464,153,suggested
PERCUSION_ECVal_RF03_135029,PERCUSION,ECVal_RF03,2024-11-10T13:50:29.305000,1,463,142,suggested
PERCUSION_ECVal_RF03_135029,PERCUSION,ECVal_RF03,2024-11-10T13:50:29.305000,1,463,131,suggested
PERCUSION_ECVal_RF03_135029,PERCUSION,ECVal_RF03,2024-11-10T13:50:29.305000,1,466,121,suggested
PERCUSION_ECVal_RF03_135029,PERCUSION,ECVal_RF03,2024-11-10T13:50:29.305000,1,467,110,suggested
PERCUSION_ECVal_RF03_135029,PERCUSION,ECVal_RF03,2024-11-10T13:50:29.305000,1,467,100,suggested
PERCUSION_ECVal_RF03_135029,PERCUSION,ECVal_RF03,2024-11-10T13:50:29.305000,1,474,93,suggested
PERCUSION_ECVal_RF03_135029,PERCUSION,ECVal_RF03,2024-11-10T13:50:29.305000,1,478,84,suggested
PERCUSION_ECVal_RF03_135029,PERCUSION,ECVal_RF03,2024-11-10T13:50:29.305000,1,487,82,suggested
PERCUSION_ECVal_RF03_135029,PERCUSION,ECVal_RF03,2024-11-10T13:50:29.305000,1,497,81,suggested
PERCUSION_ECVal_RF03_135029,PERCUSION,ECVal_RF03,2024-11-10T13:50:29.305000,1,508,82,suggested
PERCUSION_ECVal_RF03_135029,PERCUSION,ECVal_RF03,2024-11-10T13:50:29.305000,1,517,77,suggested
PERCUSION_ECVal_RF03_135029,PERCUSION,ECVal_RF03,2024-11-10T13:50:29.305000,1,526,74,suggested
PERCUSION_ECVal_RF03_135029,PERCUSION,ECVal_RF03,2024-11-10T13:50:29.305000,1,534,68,suggested
PERCUSION_ECVal_RF03_135029,PERCUSION,ECVal_RF03,2024-11-10T13:50:29.305000,1,544,71,suggested
PERCUSION_ECVal_RF03_135029,PERCUSION,ECVal_RF03,2024-11-10T13:50:29.305000,1,555,66,suggested
PERCUSION_ECVal_RF03_135029,PERCUSION,ECVal_RF03,2024-11-10T13:50:29.305000,1,559,52,suggested
PERCUSION_ECVal_RF03_135029,PERCUSION,ECVal_RF03,2024-11-10T13:50:29.305000,1,573,42,suggested
PERCUSION_ECVal_RF03_135029,PERCUSION,ECVal_RF03,2024-11-10T13:50:29.305000,1,580,37,suggested
PERCUSION_ECVal_RF03_135224,PERCUSION,ECVal_RF03,2024-11-10T13:52:23.993000,1,185,279,suggested
PERCUSION_ECVal_RF03_135224,PERCUSION,ECVal_RF03,2024-11-10T13:52:23.993000,1,188,275,suggested
PERCUSION_ECVal_RF03_135224,PERCUSION,ECVal_RF03,2024-11-10T13:52:23.993000,1,199,264,suggested
PERCUSION_ECVal_RF03_135224,PERCUSION,ECVal_RF03,2024-11-10T13:52:23.993000,1,210,263,suggested
PERCUSION_ECVal_RF03_135224,PERCUSION,ECVal_RF03,2024-11-10T13:52:23.993000,1,210,261,suggested
PERCUSION_ECVal_RF03_135224,PERCUSION,ECVal_RF03,2024-11-10T13:52:23.993000,1,223,250,suggested
PERCUSION_ECVal_RF03_135224,PERCUSION,ECVal_RF03,2024-11-10T13:52:23.993000,1,226,242,suggested
PERCUSION_ECVal_RF03_135224,PERCUSION,ECVal_RF03,2024-11-10T13:52:23.993000,1,230,234,suggested
PERCUSION_ECVal_RF03_135224,PERCUSION,ECVal_RF03,2024-11-10T13:52:23.993000,1,240,244,suggested
PERCUSION_ECVal_RF03_135224,PERCUSION,ECVal_RF03,2024-11-10T13:52:23.993000,1,247,224,suggested
PERCUSION_ECVal_RF03_135224,PERCUSION,ECVal_RF03,2024-11-10T13:52:23.993000,1,258,224,suggested
PERCUSION_ECVal_RF03_135224,PERCUSION,ECVal_RF03,2024-11-10T13:52:23.993000,1,268,217,suggested
PERCUSION_ECVal_RF03_135224,PERCUSION,ECVal_RF03,2024-11-10T13:52:23.993000,1,278,214,suggested
PERCUSION_ECVal_RF03_135224,PERCUSION,ECVal_RF03,2024-11-10T13:52:23.993000,1,288,210,suggested
PERCUSION_ECVal_RF03_135224,PERCUSION,ECVal_RF03,2024-11-10T13:52:23.993000,1,299,207,suggested
PERCUSION_ECVal_RF03_135224,PERCUSION,ECVal_RF03,2024-11-10T13:52:23.993000,1,308,201,suggested
PERCUSION_ECVal_RF03_135224,PERCUSION,ECVal_RF03,2024-11-10T13:52:23.993000,1,318,195,suggested
PERCUSION_ECVal_RF03_135224,PERCUSION,ECVal_RF03,2024-11-10T13:52:23.993000,1,324,190,suggested
PERCUSION_ECVal_RF03_135224,PERCUSION,ECVal_RF03,2024-11-10T13:52:23.993000,1,326,186,suggested
PERCUSION_ECVal_RF03_135224,PERCUSION,ECVal_RF03,2024-11-10T13:52:23.993000,1,331,178,suggested
PERCUSION_ECVal_RF03_135224,PERCUSION,ECVal_RF03,2024-11-10T13:52:23.993000,1,339,171,suggested
PERCUSION_ECVal_RF03_135224,PERCUSION,ECVal_RF03,2024-11-10T13:52:23.993000,1,346,162,suggested
PERCUSION_ECVal_RF03_135224,PERCUSION,ECVal_RF03,2024-11-10T13:52:23.993000,1,351,153,suggested
PERCUSION_ECVal_RF03_135224,PERCUSION,ECVal_RF03,2024-11-10T13:52:23.993000,1,358,147,suggested
PERCUSION_ECVal_RF03_135224,PERCUSION,ECVal_RF03,2024-11-10T13:52:23.993000,1,364,138,suggested
PERCUSION_ECVal_RF03_135224,PERCUSION,ECVal_RF03,2024-11-10T13:52:23.993000,1,370,129,suggested
PERCUSION_ECVal_RF03_135224,PERCUSION,ECVal_RF03,2024-11-10T13:52:23.993000,1,376,120,suggested
PERCUSION_ECVal_RF03_135224,PERCUSION,ECVal_RF03,2024-11-10T13:52:23.993000,1,380,111,suggested
PERCUSION_ECVal_RF03_135224,PERCUSION,ECVal_RF03,2024-11-10T13:52:23.993000,1,384,105,suggested
PERCUSION_ECVal_RF03_135224,PERCUSION,ECVal_RF03,2024-11-10T13:52:23.993000,1,401,92,suggested
PERCUSION_ECVal_RF03_135224,PERCUSION,ECVal_RF03,2024-11-10T13:52:23.993000,1,410,84,suggested
PERCUSION_ECVal_RF03_135224,PERCUSION,ECVal_RF03,2024-11-10T13:52:23.993000,1,419,78,suggested
PERCUSION_ECVal_RF03_135224,PERCUSION,ECVal_RF03,2024-11-10T13:52:23.993000,1,421,74,suggested
PERCUSION_ECVal_RF03_135224,PERCUSION,ECVal_RF03,2024-11-10T13:52:23.993000,1,427,54,suggested
PERCUSION_ECVal_RF03_135224,PERCUSION,ECVal_RF03,2024-11-10T13:52:23.993000,1,427,56,suggested
PERCUSION_ECVal_RF03_135224,PERCUSION,ECVal_RF03,2024-11-10T13:52:23.993000,1,431,47,suggested
PERCUSION_ECVal_RF03_135224,PERCUSION,ECVal_RF03,2024-11-10T13:52:23.993000,1,432,43,suggested
PERCUSION_ECVal_RF03_135224,PERCUSION,ECVal_RF03,2024-11-10T13:52:23.993000,1,48,313,suggested
PERCUSION_ECVal_RF03_135224,PERCUSION,ECVal_RF03,2024-11-10T13:52:23.993000,1,69,294,suggested
PERCUSION_ECVal_RF03_135224,PERCUSION,ECVal_RF03,2024-11-10T13:52:23.993000,1,73,284,suggested
PERCUSION_ECVal_RF03_135224,PERCUSION,ECVal_RF03,2024-11-10T13:52:23.993000,1,78,277,suggested
PERCUSION_ECVal_RF03_135224,PERCUSION,ECVal_RF03,2024-11-10T13:52:23.993000,1,85,273,suggested
PERCUSION_ECVal_RF03_135236,PERCUSION,ECVal_RF03,2024-11-10T13:52:36.281000,1,169,76,suggested
PERCUSION_ECVal_RF03_135236,PERCUSION,ECVal_RF03,2024-11-10T13:52:36.281000,1,184,63,suggested
PERCUSION_ECVal_RF03_135236,PERCUSION,ECVal_RF03,2024-11-10T13:52:36.281000,1,194,58,suggested
PERCUSION_ECVal_RF03_135236,PERCUSION,ECVal_RF03,2024-11-10T13:52:36.281000,1,209,48,suggested
PERCUSION_ECVal_RF03_135236,PERCUSION,ECVal_RF03,2024-11-10T13:52:36.281000,1,52,92,suggested
PERCUSION_ECVal_RF03_135236,PERCUSION,ECVal_RF03,2024-11-10T13:52:36.281000,1,60,85,suggested
PERCUSION_ECVal_RF03_135236,PERCUSION,ECVal_RF03,2024-11-10T13:52:36.281000,1,64,78,suggested
PERCUSION_ECVal_RF03_135236,PERCUSION,ECVal_RF03,2024-11-10T13:52:36.281000,1,71,75,suggested
PERCUSION_ECVal_RF03_135236,PERCUSION,ECVal_RF03,2024-11-10T13:52:36.281000,1,90,183,manual
PERCUSION_ECVal_RF03_135236,PERCUSION,ECVal_RF03,2024-11-10T13:52:36.281000,1,101,167,manual
PERCUSION_ECVal_RF03_135236,PERCUSION,ECVal_RF03,2024-11-10T13:52:36.281000,1,127,129,manual
PERCUSION_ECVal_RF03_135236,PERCUSION,ECVal_RF03,2024-11-10T13:52:36.281000,1,139,112,manual
PERCUSION_ECVal_RF03_135236,PERCUSION,ECVal_RF03,2024-11-10T13:52:36.281000,1,84,209,manual
PERCUSION_ECVal_RF03_135418,PERCUSION,ECVal_RF03,2024-11-10T13:54:18.681000,1,564,67,suggested
PERCUSION_ECVal_RF03_135418,PERCUSION,ECVal_RF03,2024-11-10T13:54:18.681000,1,541,83,suggested
PERCUSION_ECVal_RF03_135418,PERCUSION,ECVal_RF03,2024-11-10T13:54:18.681000,1,512,85,suggested
PERCUSION_ECVal_RF03_135418,PERCUSION,ECVal_RF03,2024-11-10T13:54:18.681000,1,501,87,suggested
PERCUSION_ECVal_RF03_135418,PERCUSION,ECVal_RF03,2024-11-10T13:54:18.681000,1,487,84,suggested
PERCUSION_ECVal_RF03_135418,PERCUSION,ECVal_RF03,2024-11-10T13:54:18.681000,1,447,115,suggested
PERCUSION_ECVal_RF03_135418,PERCUSION,ECVal_RF03,2024-11-10T13:54:18.681000,1,445,128,suggested
PERCUSION_ECVal_RF03_135418,PERCUSION,ECVal_RF03,2024-11-10T13:54:18.681000,1,445,140,suggested
PERCUSION_ECVal_RF03_135418,PERCUSION,ECVal_RF03,2024-11-10T13:54:18.681000,1,446,152,suggested
PERCUSION_ECVal_RF03_135418,PERCUSION,ECVal_RF03,2024-11-10T13:54:18.681000,1,447,164,suggested
PERCUSION_ECVal_RF03_135418,PERCUSION,ECVal_RF03,2024-11-10T13:54:18.681000,1,470,239,suggested
PERCUSION_ECVal_RF03_135418,PERCUSION,ECVal_RF03,2024-11-10T13:54:18.681000,1,487,254,suggested
PERCUSION_ECVal_RF03_135418,PERCUSION,ECVal_RF03,2024-11-10T13:54:18.681000,1,497,251,suggested
PERCUSION_ECVal_RF03_135418,PERCUSION,ECVal_RF03,2024-11-10T13:54:18.681000,1,511,258,suggested
PERCUSION_ECVal_RF03_135418,PERCUSION,ECVal_RF03,2024-11-10T13:54:18.681000,1,514,259,suggested
PERCUSION_ECVal_RF03_135418,PERCUSION,ECVal_RF03,2024-11-10T13:54:18.681000,1,530,261,suggested
PERCUSION_ECVal_RF03_135418,PERCUSION,ECVal_RF03,2024-11-10T13:54:18.681000,1,568,230,suggested
PERCUSION_ECVal_RF03_135418,PERCUSION,ECVal_RF03,2024-11-10T13:54:18.681000,1,583,236,suggested
PERCUSION_ECVal_RF03_135418,PERCUSION,ECVal_RF03,2024-11-10T13:54:18.681000,1,578,237,suggested
PERCUSION_ECVal_RF03_135418,PERCUSION,ECVal_RF03,2024-11-10T13:54:18.681000,1,585,240,suggested
PERCUSION_ECVal_RF03_135418,PERCUSION,ECVal_RF03,2024-11-10T13:54:18.681000,1,578,250,suggested
PERCUSION_ECVal_RF03_135418,PERCUSION,ECVal_RF03,2024-11-10T13:54:18.681000,1,577,261,suggested
PERCUSION_ECVal_RF03_135418,PERCUSION,ECVal_RF03,2024-11-10T13:54:18.681000,1,540,264,suggested
PERCUSION_ECVal_RF03_135418,PERCUSION,ECVal_RF03,2024-11-10T13:54:18.681000,1,480,300,suggested
PERCUSION_ECVal_RF03_135418,PERCUSION,ECVal_RF03,2024-11-10T13:54:18.681000,1,478,307,suggested
PERCUSION_ECVal_RF03_135418,PERCUSION,ECVal_RF03,2024-11-10T13:54:18.681000,1,474,319,suggested
PERCUSION_ECVal_RF03_135418,PERCUSION,ECVal_RF03,2024-11-10T13:54:18.681000,1,468,345,suggested
PERCUSION_ECVal_RF03_135418,PERCUSION,ECVal_RF03,2024-11-10T13:54:18.681000,1,448,372,suggested
PERCUSION_ECVal_RF03_135418,PERCUSION,ECVal_RF03,2024-11-10T13:54:18.681000,1,442,404,suggested
PERCUSION_ECVal_RF03_135418,PERCUSION,ECVal_RF03,2024-11-10T13:54:18.681000,1,439,415,suggested
PERCUSION_ECVal_RF03_135418,PERCUSION,ECVal_RF03,2024-11-10T13:54:18.681000,1,431,435,suggested
PERCUSION_ECVal_RF03_135418,PERCUSION,ECVal_RF03,2024-11-10T13:54:18.681000,1,424,447,suggested
PERCUSION_ECVal_RF03_135430,PERCUSION,ECVal_RF03,2024-11-10T13:54:30.969000,1,483,52,suggested
PERCUSION_ECVal_RF03_135430,PERCUSION,ECVal_RF03,2024-11-10T13:54:30.969000,1,507,55,suggested
PERCUSION_ECVal_RF03_135430,PERCUSION,ECVal_RF03,2024-11-10T13:54:30.969000,1,511,55,suggested
PERCUSION_ECVal_RF03_135430,PERCUSION,ECVal_RF03,2024-11-10T13:54:30.969000,1,524,49,suggested
PERCUSION_ECVal_RF03_135430,PERCUSION,ECVal_RF03,2024-11-10T13:54:30.969000,1,579,39,suggested
PERCUSION_ECVal_RF03_135430,PERCUSION,ECVal_RF03,2024-11-10T13:54:30.969000,1,580,40,suggested
PERCUSION_ECVal_RF03_135430,PERCUSION,ECVal_RF03,2024-11-10T13:54:30.969000,1,573,50,suggested
PERCUSION_ECVal_RF03_135430,PERCUSION,ECVal_RF03,2024-11-10T13:54:30.969000,1,572,60,suggested
PERCUSION_ECVal_RF03_135430,PERCUSION,ECVal_RF03,2024-11-10T13:54:30.969000,1,554,55,suggested
PERCUSION_ECVal_RF03_135430,PERCUSION,ECVal_RF03,2024-11-10T13:54:30.969000,1,542,53,suggested
PERCUSION_ECVal_RF03_135430,PERCUSION,ECVal_RF03,2024-11-10T13:54:30.969000,1,475,102,suggested
PERCUSION_ECVal_RF03_135430,PERCUSION,ECVal_RF03,2024-11-10T13:54:30.969000,1,473,111,suggested
PERCUSION_ECVal_RF03_135430,PERCUSION,ECVal_RF03,2024-11-10T13:54:30.969000,1,448,166,suggested
PERCUSION_ECVal_RF03_135430,PERCUSION,ECVal_RF03,2024-11-10T13:54:30.969000,1,443,198,suggested
PERCUSION_ECVal_RF03_135430,PERCUSION,ECVal_RF03,2024-11-10T13:54:30.969000,1,439,209,suggested
PERCUSION_ECVal_RF03_135430,PERCUSION,ECVal_RF03,2024-11-10T13:54:30.969000,1,438,220,suggested
PERCUSION_ECVal_RF03_135430,PERCUSION,ECVal_RF03,2024-11-10T13:54:30.969000,1,432,230,suggested
PERCUSION_ECVal_RF03_135430,PERCUSION,ECVal_RF03,2024-11-10T13:54:30.969000,1,419,241,suggested
PERCUSION_ECVal_RF03_135430,PERCUSION,ECVal_RF03,2024-11-10T13:54:30.969000,1,413,286,suggested
PERCUSION_ECVal_RF03_135430,PERCUSION,ECVal_RF03,2024-11-10T13:54:30.969000,1,418,310,suggested
PERCUSION_ECVal_RF03_135430,PERCUSION,ECVal_RF03,2024-11-10T13:54:30.969000,1,425,323,suggested
PERCUSION_ECVal_RF03_135430,PERCUSION,ECVal_RF03,2024-11-10T13:54:30.969000,1,430,331,suggested
PERCUSION_ECVal_RF03_135430,PERCUSION,ECVal_RF03,2024-11-10T13:54:30.969000,1,438,332,suggested
PERCUSION_ECVal_RF03_135430,PERCUSION,ECVal_RF03,2024-11-10T13:54:30.969000,1,447,342,suggested
PERCUSION_ECVal_RF03_135430,PERCUSION,ECVal_RF03,2024-11-10T13:54:30.969000,1,420,355,suggested
PERCUSION_ECVal_RF03_135430,PERCUSION,ECVal_RF03,2024-11-10T13:54:30.969000,1,406,341,suggested
PERCUSION_ECVal_RF03_135430,PERCUSION,ECVal_RF03,2024-11-10T13:54:30.969000,1,397,335,suggested
PERCUSION_ECVal_RF03_135430,PERCUSION,ECVal_RF03,2024-11-10T13:54:30.969000,1,326,362,suggested
PERCUSION_ECVal_RF03_135430,PERCUSION,ECVal_RF03,2024-11-10T13:54:30.969000,1,285,371,suggested
PERCUSION_ECVal_RF03_135430,PERCUSION,ECVal_RF03,2024-11-10T13:54:30.969000,1,274,376,suggested
PERCUSION_ECVal_RF03_135430,PERCUSION,ECVal_RF03,2024-11-10T13:54:30.969000,1,197,400,suggested
PERCUSION_ECVal_RF03_135430,PERCUSION,ECVal_RF03,2024-11-10T13:54:30.969000,1,157,400,suggested
PERCUSION_ECVal_RF03_135430,PERCUSION,ECVal_RF03,2024-11-10T13:54:30.969000,1,122,399,suggested
PERCUSION_ECVal_RF03_135430,PERCUSION,ECVal_RF03,2024-11-10T13:54:30.969000,1,117,400,suggested
PERCUSION_ECVal_RF03_135430,PERCUSION,ECVal_RF03,2024-11-10T13:54:30.969000,1,108,400,suggested
PERCUSION_ECVal_RF03_135430,PERCUSION,ECVal_RF03,2024-11-10T13:54:30.969000,1,97,398,suggested
PERCUSION_ECVal_RF03_135430,PERCUSION,ECVal_RF03,2024-11-10T13:54:30.969000,1,39,408,suggested
PERCUSION_ECVal_RF06_172108,PERCUSION,ECVal_RF06,2024-11-16T17:21:08.258000,1,495,120,suggested
PERCUSION_ECVal_RF06_172108,PERCUSION,ECVal_RF06,2024-11-16T17:21:08.258000,1,497,118,suggested
PERCUSION_ECVal_RF06_172108,PERCUSION,ECVal_RF06,2024-11-16T17:21:08.258000,1,492,125,suggested
PERCUSION_ECVal_RF06_172108,PERCUSION,ECVal_RF06,2024-11-16T17:21:08.258000,1,488,128,suggested
PERCUSION_ECVal_RF06_172108,PERCUSION,ECVal_RF06,2024-11-16T17:21:08.258000,1,477,128,suggested
PERCUSION_ECVal_RF06_172108,PERCUSION,ECVal_RF06,2024-11-16T17:21:08.258000,1,466,127,suggested
PERCUSION_ECVal_RF06_172108,PERCUSION,ECVal_RF06,2024-11-16T17:21:08.258000,1,456,126,suggested
PERCUSION_ECVal_RF06_172108,PERCUSION,ECVal_RF06,2024-11-16T17:21:08.258000,1,445,126,suggested
PERCUSION_ECVal_RF06_172108,PERCUSION,ECVal_RF06,2024-11-16T17:21:08.258000,1,434,126,suggested
PERCUSION_ECVal_RF06_172108,PERCUSION,ECVal_RF06,2024-11-16T17:21:08.258000,1,423,128,suggested
PERCUSION_ECVal_RF06_172108,PERCUSION,ECVal_RF06,2024-11-16T17:21:08.258000,1,414,134,suggested
PERCUSION_ECVal_RF06_172108,PERCUSION,ECVal_RF06,2024-11-16T17:21:08.258000,1,404,138,suggested
PERCUSION_ECVal_RF06_172108,PERCUSION,ECVal_RF06,2024-11-16T17:21:08.258000,1,393,136,suggested
PERCUSION_ECVal_RF06_172108,PERCUSION,ECVal_RF06,2024-11-16T17:21:08.258000,1,382,134,suggested
PERCUSION_ECVal_RF06_172108,PERCUSION,ECVal_RF06,2024-11-16T17:21:08.258000,1,371,134,suggested
PERCUSION_ECVal_RF06_172108,PERCUSION,ECVal_RF06,2024-11-16T17:21:08.258000,1,361,140,suggested
PERCUSION_ECVal_RF06_172108,PERCUSION,ECVal_RF06,2024-11-16T17:21:08.258000,1,352,146,suggested
PERCUSION_ECVal_RF06_172108,PERCUSION,ECVal_RF06,2024-11-16T17:21:08.258000,1,344,154,suggested
PERCUSION_ECVal_RF06_172108,PERCUSION,ECVal_RF06,2024-11-16T17:21:08.258000,1,336,162,suggested
PERCUSION_ECVal_RF06_172108,PERCUSION,ECVal_RF06,2024-11-16T17:21:08.258000,1,327,167,suggested
PERCUSION_ECVal_RF06_172108,PERCUSION,ECVal_RF06,2024-11-16T17:21:08.258000,1,316,170,suggested
PERCUSION_ECVal_RF06_172108,PERCUSION,ECVal_RF06,2024-11-16T17:21:08.258000,1,305,170,suggested
PERCUSION_ECVal_RF06_172108,PERCUSION,ECVal_RF06,2024-11-16T17:21:08.258000,1,294,171,suggested
PERCUSION_ECVal_RF06_172108,PERCUSION,ECVal_RF06,2024-11-16T17:21:08.258000,1,284,165,suggested
PERCUSION_ECVal_RF06_172108,PERCUSION,ECVal_RF06,2024-11-16T17:21:08.258000,1,283,154,suggested
PERCUSION_ECVal_RF06_172108,PERCUSION,ECVal_RF06,2024-11-16T17:21:08.258000,1,283,143,suggested
PERCUSION_ECVal_RF06_172108,PERCUSION,ECVal_RF06,2024-11-16T17:21:08.258000,1,286,132,suggested
PERCUSION_ECVal_RF06_172108,PERCUSION,ECVal_RF06,2024-11-16T17:21:08.258000,1,288,121,suggested
PERCUSION_ECVal_RF06_172108,PERCUSION,ECVal_RF06,2024-11-16T17:21:08.258000,1,289,110,suggested
PERCUSION_ECVal_RF06_172108,PERCUSION,ECVal_RF06,2024-11-16T17:21:08.258000,1,291,99,suggested
PERCUSION_ECVal_RF06_172108,PERCUSION,ECVal_RF06,2024-11-16T17:21:08.258000,1,298,93,suggested
PERCUSION_ECVal_RF06_172108,PERCUSION,ECVal_RF06,2024-11-16T17:21:08.258000,1,307,86,suggested
PERCUSION_ECVal_RF06_172108,PERCUSION,ECVal_RF06,2024-11-16T17:21:08.258000,1,313,76,suggested
PERCUSION_ECVal_RF06_172108,PERCUSION,ECVal_RF06,2024-11-16T17:21:08.258000,1,317,66,suggested
PERCUSION_ECVal_RF06_172108,PERCUSION,ECVal_RF06,2024-11-16T17:21:08.258000,1,322,57,suggested
PERCUSION_ECVal_RF06_172108,PERCUSION,ECVal_RF06,2024-11-16T17:21:08.258000,1,326,46,suggested
PERCUSION_ECVal_RF06_172108,PERCUSION,ECVal_RF06,2024-11-16T17:21:08.258000,1,590,39,suggested
PERCUSION_ECVal_RF06_172108,PERCUSION,ECVal_RF06,2024-11-16T17:21:08.258000,1,587,48,suggested
PERCUSION_ECVal_RF06_172108,PERCUSION,ECVal_RF06,2024-11-16T17:21:08.258000,1,577,50,suggested
PERCUSION_ECVal_RF06_172108,PERCUSION,ECVal_RF06,2024-11-16T17:21:08.258000,1,567,52,suggested
PERCUSION_ECVal_RF06_172108,PERCUSION,ECVal_RF06,2024-11-16T17:21:08.258000,1,558,56,suggested
PERCUSION_ECVal_RF06_172108,PERCUSION,ECVal_RF06,2024-11-16T17:21:08.258000,1,550,62,suggested
PERCUSION_ECVal_RF06_172108,PERCUSION,ECVal_RF06,2024-11-16T17:21:08.258000,1,542,68,suggested
PERCUSION_ECVal_RF06_172108,PERCUSION,ECVal_RF06,2024-11-16T17:21:08.258000,1,534,74,suggested
PERCUSION_ECVal_RF06_172108,PERCUSION,ECVal_RF06,2024-11-16T17:21:08.258000,1,526,81,suggested
PERCUSION_ECVal_RF06_172108,PERCUSION,ECVal_RF06,2024-11-16T17:21:08.258000,1,518,89,suggested
PERCUSION_ECVal_RF06_172108,PERCUSION,ECVal_RF06,2024-11-16T17:21:08.258000,1,510,96,suggested
PERCUSION_ECVal_RF06_172108,PERCUSION,ECVal_RF06,2024-11-16T17:21:08.258000,1,502,103,suggested
PERCUSION_ECVal_RF06_172108,PERCUSION,ECVal_RF06,2024-11-16T17:21:08.258000,1,502,114,suggested
PERCUSION_ECVal_RF06_172108,PERCUSION,ECVal_RF06,2024-11-16T17:21:08.258000,1,47,294,suggested
PERCUSION_ECVal_RF06_172108,PERCUSION,ECVal_RF06,2024-11-16T17:21:08.258000,1,57,293,suggested
PERCUSION_ECVal_RF06_172108,PERCUSION,ECVal_RF06,2024-11-16T17:21:08.258000,1,65,294,suggested
PERCUSION_ECVal_RF06_172108,PERCUSION,ECVal_RF06,2024-11-16T17:21:08.258000,1,75,299,suggested
PERCUSION_ECVal_RF06_172108,PERCUSION,ECVal_RF06,2024-11-16T17:21:08.258000,1,83,301,suggested
PERCUSION_ECVal_RF06_172108,PERCUSION,ECVal_RF06,2024-11-16T17:21:08.258000,1,93,307,suggested
PERCUSION_ECVal_RF06_172108,PERCUSION,ECVal_RF06,2024-11-16T17:21:08.258000,1,103,310,suggested
PERCUSION_ECVal_RF06_172108,PERCUSION,ECVal_RF06,2024-11-16T17:21:08.258000,1,113,313,suggested
PERCUSION_ECVal_RF06_172108,PERCUSION,ECVal_RF06,2024-11-16T17:21:08.258000,1,123,312,suggested
PERCUSION_ECVal_RF06_172108,PERCUSION,ECVal_RF06,2024-11-16T17:21:08.258000,1,134,314,suggested
PERCUSION_ECVal_RF06_172108,PERCUSION,ECVal_RF06,2024-11-16T17:21:08.258000,1,144,312,suggested
PERCUSION_ECVal_RF06_172108,PERCUSION,ECVal_RF06,2024-11-16T17:21:08.258000,1,154,307,suggested
PERCUSION_ECVal_RF06_172108,PERCUSION,ECVal_RF06,2024-11-16T17:21:08.258000,1,163,301,suggested
PERCUSION_ECVal_RF06_172108,PERCUSION,ECVal_RF06,2024-11-16T17:21:08.258000,1,170,293,suggested
PERCUSION_ECVal_RF06_172108,PERCUSION,ECVal_RF06,2024-11-16T17:21:08.258000,1,221,255,suggested
PERCUSION_ECVal_RF06_172108,PERCUSION,ECVal_RF06,2024-11-16T17:21:08.258000,1,221,267,suggested
PERCUSION_ECVal_RF06_172108,PERCUSION,ECVal_RF06,2024-11-16T17:21:08.258000,1,190,300,suggested
PERCUSION_ECVal_RF06_172108,PERCUSION,ECVal_RF06,2024-11-16T17:21:08.258000,1,193,307,suggested
PERCUSION_ECVal_RF06_172108,PERCUSION,ECVal_RF06,2024-11-16T17:21:08.258000,1,202,313,suggested
PERCUSION_ECVal_RF06_172108,PERCUSION,ECVal_RF06,2024-11-16T17:21:08.258000,1,213,318,suggested
PERCUSION_ECVal_RF06_172108,PERCUSION,ECVal_RF06,2024-11-16T17:21:08.258000,1,207,328,suggested
PERCUSION_ECVal_RF06_172108,PERCUSION,ECVal_RF06,2024-11-16T17:21:08.258000,1,195,367,suggested
PERCUSION_ECVal_RF06_172108,PERCUSION,ECVal_RF06,2024-11-16T17:21:08.258000,1,213,357,suggested
PERCUSION_ECVal_RF06_172108,PERCUSION,ECVal_RF06,2024-11-16T17:21:08.258000,1,221,352,suggested
PERCUSION_ECVal_RF06_172108,PERCUSION,ECVal_RF06,2024-11-16T17:21:08.258000,1,230,346,suggested
PERCUSION_ECVal_RF06_172108,PERCUSION,ECVal_RF06,2024-11-16T17:21:08.258000,1,239,340,suggested
PERCUSION_ECVal_RF06_172108,PERCUSION,ECVal_RF06,2024-11-16T17:21:08.258000,1,248,335,suggested
PERCUSION_ECVal_RF06_172108,PERCUSION,ECVal_RF06,2024-11-16T17:21:08.258000,1,259,330,suggested
PERCUSION_ECVal_RF06_172108,PERCUSION,ECVal_RF06,2024-11-16T17:21:08.258000,1,270,329,suggested
PERCUSION_ECVal_RF06_172108,PERCUSION,ECVal_RF06,2024-11-16T17:21:08.258000,1,278,329,suggested
PERCUSION_ECVal_RF06_172108,PERCUSION,ECVal_RF06,2024-11-16T17:21:08.258000,1,288,329,suggested
PERCUSION_ECVal_RF06_172108,PERCUSION,ECVal_RF06,2024-11-16T17:21:08.258000,1,297,333,suggested
PERCUSION_ECVal_RF06_172108,PERCUSION,ECVal_RF06,2024-11-16T17:21:08.258000,1,307,335,suggested
PERCUSION_ECVal_RF06_172108,PERCUSION,ECVal_RF06,2024-11-16T17:21:08.258000,1,319,334,suggested
PERCUSION_ECVal_RF06_172108,PERCUSION,ECVal_RF06,2024-11-16T17:21:08.258000,1,329,333,suggested
PERCUSION_ECVal_RF06_172108,PERCUSION,ECVal_RF06,2024-11-16T17:21:08.258000,1,343,330,suggested
PERCUSION_ECVal_RF06_172108,PERCUSION,ECVal_RF06,2024-11-16T17:21:08.258000,1,351,338,suggested
PERCUSION_ECVal_RF06_172108,PERCUSION,ECVal_RF06,2024-11-16T17:21:08.258000,1,353,343,suggested
PERCUSION_ECVal_RF06_172108,PERCUSION,ECVal_RF06,2024-11-16T17:21:08.258000,1,361,362,suggested
PERCUSION_ECVal_RF06_172108,PERCUSION,ECVal_RF06,2024-11-16T17:21:08.258000,1,361,372,suggested
PERCUSION_ECVal_RF06_172108,PERCUSION,ECVal_RF06,2024-11-16T17:21:08.258000,1,363,381,suggested
PERCUSION_ECVal_RF06_172108,PERCUSION,ECVal_RF06,2024-11-16T17:21:08.258000,1,364,391,suggested
PERCUSION_ECVal_RF06_172108,PERCUSION,ECVal_RF06,2024-11-16T17:21:08.258000,1,366,401,suggested
PERCUSION_ECVal_RF06_172108,PERCUSION,ECVal_RF06,2024-11-16T17:21:08.258000,1,369,411,suggested
PERCUSION_ECVal_RF06_172108,PERCUSION,ECVal_RF06,2024-11-16T17:21:08.258000,1,372,421,suggested
PERCUSION_ECVal_RF06_172108,PERCUSION,ECVal_RF06,2024-11-16T17:21:08.258000,1,385,426,suggested
PERCUSION_ECVal_RF06_172108,PERCUSION,ECVal_RF06,2024-11-16T17:21:08.258000,1,388,436,suggested
PERCUSION_ECVal_RF06_172108,PERCUSION,ECVal_RF06,2024-11-16T17:21:08.258000,1,396,437,suggested
PERCUSION_ECVal_RF06_172108,PERCUSION,ECVal_RF06,2024-11-16T17:21:08.258000,1,438,367,suggested
PERCUSION_ECVal_RF06_172108,PERCUSION,ECVal_RF06,2024-11-16T17:21:08.258000,1,465,379,suggested
PERCUSION_ECVal_RF06_172108,PERCUSION,ECVal_RF06,2024-11-16T17:21:08.258000,1,485,376,suggested
PERCUSION_ECVal_RF06_172108,PERCUSION,ECVal_RF06,2024-11-16T17:21:08.258000,1,498,369,suggested
PERCUSION_ECVal_RF06_172108,PERCUSION,ECVal_RF06,2024-11-16T17:21:08.258000,1,493,362,suggested
PERCUSION_ECVal_RF06_172108,PERCUSION,ECVal_RF06,2024-11-16T17:21:08.258000,1,485,355,suggested
PERCUSION_ECVal_RF06_172108,PERCUSION,ECVal_RF06,2024-11-16T17:21:08.258000,1,473,353,suggested
PERCUSION_ECVal_RF06_172108,PERCUSION,ECVal_RF06,2024-11-16T17:21:08.258000,1,437,350,suggested
PERCUSION_ECVal_RF06_172108,PERCUSION,ECVal_RF06,2024-11-16T17:21:08.258000,1,429,342,suggested
PERCUSION_ECVal_RF06_172108,PERCUSION,ECVal_RF06,2024-11-16T17:21:08.258000,1,410,331,suggested
PERCUSION_ECVal_RF06_172108,PERCUSION,ECVal_RF06,2024-11-16T17:21:08.258000,1,408,320,suggested
PERCUSION_ECVal_RF06_172108,PERCUSION,ECVal_RF06,2024-11-16T17:21:08.258000,1,406,310,suggested
PERCUSION_ECVal_RF06_172108,PERCUSION,ECVal_RF06,2024-11-16T17:21:08.258000,1,400,301,suggested
PERCUSION_ECVal_RF06_172108,PERCUSION,ECVal_RF06,2024-11-16T17:21:08.258000,1,393,293,suggested
PERCUSION_ECVal_RF06_172108,PERCUSION,ECVal_RF06,2024-11-16T17:21:08.258000,1,384,278,suggested
PERCUSION_ECVal_RF06_172108,PERCUSION,ECVal_RF06,2024-11-16T17:21:08.258000,1,389,268,suggested
PERCUSION_ECVal_RF06_172108,PERCUSION,ECVal_RF06,2024-11-16T17:21:08.258000,1,397,260,suggested
PERCUSION_ECVal_RF06_172108,PERCUSION,ECVal_RF06,2024-11-16T17:21:08.258000,1,406,254,suggested
PERCUSION_ECVal_RF06_172108,PERCUSION,ECVal_RF06,2024-11-16T17:21:08.258000,1,416,253,suggested
PERCUSION_ECVal_RF06_172108,PERCUSION,ECVal_RF06,2024-11-16T17:21:08.258000,1,427,252,suggested
PERCUSION_ECVal_RF06_172108,PERCUSION,ECVal_RF06,2024-11-16T17:21:08.258000,1,436,247,suggested
PERCUSION_ECVal_RF06_172108,PERCUSION,ECVal_RF06,2024-11-16T17:21:08.258000,1,446,250,suggested
PERCUSION_ECVal_RF06_172108,PERCUSION,ECVal_RF06,2024-11-16T17:21:08.258000,1,448,251,suggested
PERCUSION_ECVal_RF06_172108,PERCUSION,ECVal_RF06,2024-11-16T17:21:08.258000,1,457,247,suggested
PERCUSION_ECVal_RF06_172108,PERCUSION,ECVal_RF06,2024-11-16T17:21:08.258000,1,472,242,suggested
PERCUSION_ECVal_RF06_172108,PERCUSION,ECVal_RF06,2024-11-16T17:21:08.258000,1,480,249,suggested
PERCUSION_ECVal_RF06_172108,PERCUSION,ECVal_RF06,2024-11-16T17:21:08.258000,1,489,255,suggested
PERCUSION_ECVal_RF06_172108,PERCUSION,ECVal_RF06,2024-11-16T17:21:08.258000,1,507,250,suggested
PERCUSION_ECVal_RF06_172108,PERCUSION,ECVal_RF06,2024-11-16T17:21:08.258000,1,513,254,suggested
PERCUSION_ECVal_RF06_172108,PERCUSION,ECVal_RF06,2024-11-16T17:21:08.258000,1,512,273,suggested
PERCUSION_ECVal_RF06_172108,PERCUSION,ECVal_RF06,2024-11-16T17:21:08.258000,1,552,281,suggested
PERCUSION_ECVal_RF06_172108,PERCUSION,ECVal_RF06,2024-11-16T17:21:08.258000,1,477,246,suggested
PERCUSION_ECVal_RF06_172108,PERCUSION,ECVal_RF06,2024-11-16T17:21:08.258000,1,490,257,suggested
PERCUSION_ECVal_RF06_172108,PERCUSION,ECVal_RF06,2024-11-16T17:21:08.258000,1,505,269,suggested
PERCUSION_ECVal_RF06_172108,PERCUSION,ECVal_RF06,2024-11-16T17:21:08.258000,1,515,275,suggested
PERCUSION_ECVal_RF06_172108,PERCUSION,ECVal_RF06,2024-11-16T17:21:08.258000,1,535,285,suggested
PERCUSION_ECVal_RF06_172108,PERCUSION,ECVal_RF06,2024-11-16T17:21:08.258000,1,548,288,suggested
PERCUSION_ECVal_RF06_172108,PERCUSION,ECVal_RF06,2024-11-16T17:21:08.258000,1,560,285,suggested
PERCUSION_ECVal_RF06_172108,PERCUSION,ECVal_RF06,2024-11-16T17:21:08.258000,1,566,292,suggested
PERCUSION_ECVal_RF06_172108,PERCUSION,ECVal_RF06,2024-11-16T17:21:08.258000,1,572,301,suggested
PERCUSION_ECVal_RF06_172108,PERCUSION,ECVal_RF06,2024-11-16T17:21:08.258000,1,581,308,suggested
PERCUSION_ECVal_RF06_172108,PERCUSION,ECVal_RF06,2024-11-16T17:21:08.258000,1,583,316,suggested
PERCUSION_ECVal_RF06_172108,PERCUSION,ECVal_RF06,2024-11-16T17:21:08.258000,1,579,326,suggested
PERCUSION_ECVal_RF06_172108,PERCUSION,ECVal_RF06,2024-11-16T17:21:08.258000,1,575,335,suggested
PERCUSION_ECVal_RF06_172108,PERCUSION,ECVal_RF06,2024-11-16T17:21:08.258000,1,569,343,suggested
PERCUSION_ECVal_RF06_172108,PERCUSION,ECVal_RF06,2024-11-16T17:21:08.258000,1,561,349,suggested
PERCUSION_ECVal_RF06_172108,PERCUSION,ECVal_RF06,2024-11-16T17:21:08.258000,1,552,357,suggested
PERCUSION_ECVal_RF06_172108,PERCUSION,ECVal_RF06,2024-11-16T17:21:08.258000,1,349,157,suggested
PERCUSION_ECVal_RF06_172108,PERCUSION,ECVal_RF06,2024-11-16T17:21:08.258000,1,338,161,suggested
PERCUSION_ECVal_RF05_111532,PERCUSION,ECVal_RF05,2024-11-14T11:15:32.879000,1,383,100,manual
PERCUSION_ECVal_RF05_111532,PERCUSION,ECVal_RF05,2024-11-14T11:15:32.879000,1,403,131,manual
PERCUSION_ECVal_RF05_111532,PERCUSION,ECVal_RF05,2024-11-14T11:15:32.879000,1,442,149,manual
PERCUSION_ECVal_RF05_111532,PERCUSION,ECVal_RF05,2024-11-14T11:15:32.879000,1,468,173,manual
PERCUSION_ECVal_RF05_111532,PERCUSION,ECVal_RF05,2024-11-14T11:15:32.879000,1,490,191,manual
PERCUSION_ECVal_RF05_111532,PERCUSION,ECVal_RF05,2024-11-14T11:15:32.879000,1,513,313,manual
PERCUSION_ECVal_RF05_111532,PERCUSION,ECVal_RF05,2024-11-14T11:15:32.879000,1,522,346,manual
PERCUSION_ECVal_RF05_111532,PERCUSION,ECVal_RF05,2024-11-14T11:15:32.879000,1,273,309,manual
PERCUSION_ECVal_RF05_111532,PERCUSION,ECVal_RF05,2024-11-14T11:15:32.879000,1,282,334,manual
PERCUSION_ECVal_RF05_111532,PERCUSION,ECVal_RF05,2024-11-14T11:15:32.879000,1,295,359,manual
PERCUSION_ECVal_RF05_111532,PERCUSION,ECVal_RF05,2024-11-14T11:15:32.879000,1,330,407,manual
PERCUSION_ECVal_RF05_111532,PERCUSION,ECVal_RF05,2024-11-14T11:15:32.879000,1,353,424,manual
PERCUSION_ECVal_RF05_111532,PERCUSION,ECVal_RF05,2024-11-14T11:15:32.879000,1,428,467,manual
PERCUSION_ECVal_RF05_111532,PERCUSION,ECVal_RF05,2024-11-14T11:15:32.879000,1,449,482,manual
PERCUSION_ECVal_RF05_111532,PERCUSION,ECVal_RF05,2024-11-14T11:15:32.879000,1,597,446,manual
PERCUSION_ECVal_RF05_111532,PERCUSION,ECVal_RF05,2024-11-14T11:15:32.879000,1,67,217,manual
PERCUSION_ECVal_RF05_111532,PERCUSION,ECVal_RF05,2024-11-14T11:15:32.879000,1,61,269,manual
PERCUSION_ECVal_RF05_111532,PERCUSION,ECVal_RF05,2024-11-14T11:15:32.879000,1,78,328,manual
PERCUSION_ECVal_RF05_111549,PERCUSION,ECVal_RF05,2024-11-14T11:15:49.263000,1,534,320,manual
PERCUSION_ECVal_RF05_111549,PERCUSION,ECVal_RF05,2024-11-14T11:15:49.263000,1,558,352,manual
PERCUSION_ECVal_RF05_111549,PERCUSION,ECVal_RF05,2024-11-14T11:15:49.263000,1,464,225,manual
PERCUSION_ECVal_RF05_111549,PERCUSION,ECVal_RF05,2024-11-14T11:15:49.263000,1,360,159,manual
PERCUSION_ECVal_RF05_111549,PERCUSION,ECVal_RF05,2024-11-14T11:15:49.263000,1,295,157,manual
PERCUSION_ECVal_RF05_111549,PERCUSION,ECVal_RF05,2024-11-14T11:15:49.263000,1,234,209,manual
PERCUSION_ECVal_RF05_111549,PERCUSION,ECVal_RF05,2024-11-14T11:15:49.263000,1,235,299,manual
PERCUSION_ECVal_RF05_111549,PERCUSION,ECVal_RF05,2024-11-14T11:15:49.263000,1,127,322,manual
PERCUSION_ECVal_RF05_111549,PERCUSION,ECVal_RF05,2024-11-14T11:15:49.263000,1,111,183,manual
PERCUSION_ECVal_RF05_111549,PERCUSION,ECVal_RF05,2024-11-14T11:15:49.263000,1,97,84,manual
PERCUSION_ECVal_RF05_111549,PERCUSION,ECVal_RF05,2024-11-14T11:15:49.263000,1,285,55,manual
PERCUSION_ECVal_RF05_111549,PERCUSION,ECVal_RF05,2024-11-14T11:15:49.263000,1,528,71,manual
PERCUSION_ECVal_RF05_111549,PERCUSION,ECVal_RF05,2024-11-14T11:15:49.263000,1,533,90,manual
PERCUSION_ECVal_RF05_111549,PERCUSION,ECVal_RF05,2024-11-14T11:15:49.263000,1,590,110,manual
PERCUSION_ECVal_RF05_111549,PERCUSION,ECVal_RF05,2024-11-14T11:15:49.263000,1,609,199,manual
